ISO-10303-21;
HEADER;
FILE_DESCRIPTION (( 'STEP AP214' ),
    '1' );
FILE_NAME ('ECS-300-10-36Q-ES-TR.STEP',
    '2024-10-31T15:54:13',
    ( '' ),
    ( '' ),
    'SwSTEP 2.0',
    'SolidWorks 2021',
    '' );
FILE_SCHEMA (( 'AUTOMOTIVE_DESIGN' ));
ENDSEC;

DATA;
#1 = LINE ( 'NONE', #1158, #996 ) ;
#2 = DIRECTION ( 'NONE',  ( 1.000000000000000000, 0.000000000000000000, -8.673617379884035472E-17 ) ) ;
#3 = ORIENTED_EDGE ( 'NONE', *, *, #1666, .T. ) ;
#4 = ORIENTED_EDGE ( 'NONE', *, *, #1933, .F. ) ;
#5 = DIRECTION ( 'NONE',  ( -1.836970198721029688E-16, 0.000000000000000000, 1.000000000000000000 ) ) ;
#6 = PLANE ( 'NONE',  #2809 ) ;
#7 = ORIENTED_EDGE ( 'NONE', *, *, #2668, .T. ) ;
#8 = CIRCLE ( 'NONE', #2071, 0.2499999999999998890 ) ;
#9 = VERTEX_POINT ( 'NONE', #1291 ) ;
#10 = PLANE ( 'NONE',  #3699 ) ;
#11 = PLANE ( 'NONE',  #2631 ) ;
#12 = AXIS2_PLACEMENT_3D ( 'NONE', #1438, #1991, #224 ) ;
#13 = CYLINDRICAL_SURFACE ( 'NONE', #1720, 0.1500000000000001887 ) ;
#14 = VECTOR ( 'NONE', #836, 1000.000000000000000 ) ;
#15 = ORIENTED_EDGE ( 'NONE', *, *, #418, .F. ) ;
#16 = DIRECTION ( 'NONE',  ( 0.000000000000000000, 0.000000000000000000, -1.000000000000000000 ) ) ;
#17 =( NAMED_UNIT ( * ) PLANE_ANGLE_UNIT ( ) SI_UNIT ( $, .RADIAN. ) );
#18 = AXIS2_PLACEMENT_3D ( 'NONE', #966, #2127, #3299 ) ;
#19 = DIRECTION ( 'NONE',  ( -0.000000000000000000, -0.000000000000000000, -1.000000000000000000 ) ) ;
#20 = ORIENTED_EDGE ( 'NONE', *, *, #1032, .F. ) ;
#21 = VECTOR ( 'NONE', #2359, 1000.000000000000000 ) ;
#22 = EDGE_CURVE ( 'NONE', #1338, #1057, #3027, .T. ) ;
#23 = EDGE_CURVE ( 'NONE', #3398, #381, #1025, .T. ) ;
#24 = DIRECTION ( 'NONE',  ( 0.000000000000000000, 1.000000000000000000, 0.000000000000000000 ) ) ;
#25 = ORIENTED_EDGE ( 'NONE', *, *, #1000, .T. ) ;
#26 = CIRCLE ( 'NONE', #2148, 0.1500000000000001887 ) ;
#27 = PLANE ( 'NONE',  #3294 ) ;
#28 = PLANE ( 'NONE',  #506 ) ;
#29 = ORIENTED_EDGE ( 'NONE', *, *, #2724, .T. ) ;
#30 = EDGE_CURVE ( 'NONE', #660, #3062, #1255, .T. ) ;
#31 = EDGE_CURVE ( 'NONE', #1602, #3521, #2741, .T. ) ;
#32 = VERTEX_POINT ( 'NONE', #1945 ) ;
#33 = DIRECTION ( 'NONE',  ( 0.000000000000000000, 1.000000000000000000, 0.000000000000000000 ) ) ;
#34 = DIRECTION ( 'NONE',  ( 0.000000000000000000, 1.000000000000000000, 0.000000000000000000 ) ) ;
#35 = CARTESIAN_POINT ( 'NONE',  ( -1.250000000000000222, 0.2999999999999999334, -0.9000000000000000222 ) ) ;
#36 = VERTEX_POINT ( 'NONE', #983 ) ;
#37 = VERTEX_POINT ( 'NONE', #1662 ) ;
#38 = DIRECTION ( 'NONE',  ( 0.000000000000000000, 0.000000000000000000, -1.000000000000000000 ) ) ;
#39 = CARTESIAN_POINT ( 'NONE',  ( -1.108578643762690552, 0.2999999999999999334, 0.9499999999999998446 ) ) ;
#40 = DIRECTION ( 'NONE',  ( 0.000000000000000000, 1.000000000000000000, 0.000000000000000000 ) ) ;
#41 = ADVANCED_FACE ( 'NONE', ( #683 ), #1879, .F. ) ;
#42 = ORIENTED_EDGE ( 'NONE', *, *, #886, .T. ) ;
#43 = PRESENTATION_STYLE_ASSIGNMENT (( #74 ) ) ;
#44 = ORIENTED_EDGE ( 'NONE', *, *, #1151, .F. ) ;
#45 = DIRECTION ( 'NONE',  ( -0.000000000000000000, -1.000000000000000000, -0.000000000000000000 ) ) ;
#46 = VERTEX_POINT ( 'NONE', #3427 ) ;
#47 = LINE ( 'NONE', #2692, #1180 ) ;
#48 = CARTESIAN_POINT ( 'NONE',  ( -1.108578643762690552, 0.2999999999999999889, -0.9499999999999998446 ) ) ;
#49 = EDGE_CURVE ( 'NONE', #2689, #2536, #2538, .T. ) ;
#50 = LINE ( 'NONE', #294, #3377 ) ;
#51 = ORIENTED_EDGE ( 'NONE', *, *, #3119, .T. ) ;
#52 = DIRECTION ( 'NONE',  ( -0.000000000000000000, -1.000000000000000000, 0.000000000000000000 ) ) ;
#53 = EDGE_CURVE ( 'NONE', #1057, #1053, #1311, .T. ) ;
#54 = DIRECTION ( 'NONE',  ( 1.000000000000000000, -0.000000000000000000, 0.000000000000000000 ) ) ;
#55 = DIRECTION ( 'NONE',  ( 1.301042606982603743E-14, 0.000000000000000000, -1.000000000000000000 ) ) ;
#56 = ORIENTED_EDGE ( 'NONE', *, *, #2726, .T. ) ;
#57 = EDGE_CURVE ( 'NONE', #3165, #699, #123, .T. ) ;
#58 = ORIENTED_EDGE ( 'NONE', *, *, #1392, .T. ) ;
#59 = CARTESIAN_POINT ( 'NONE',  ( -1.175000000000000044, 0.5250000000000000222, -0.7000000000000000666 ) ) ;
#60 = ORIENTED_EDGE ( 'NONE', *, *, #30, .T. ) ;
#61 = VERTEX_POINT ( 'NONE', #3634 ) ;
#62 = FACE_OUTER_BOUND ( 'NONE', #724, .T. ) ;
#63 = AXIS2_PLACEMENT_3D ( 'NONE', #1842, #3112, #2737 ) ;
#64 = CARTESIAN_POINT ( 'NONE',  ( 0.4500000000000001776, 0.2999999999999999889, 0.9500000000000000666 ) ) ;
#65 = AXIS2_PLACEMENT_3D ( 'NONE', #1580, #1622, #2769 ) ;
#66 = MECHANICAL_DESIGN_GEOMETRIC_PRESENTATION_REPRESENTATION (  '', ( #869 ), #1222 ) ;
#67 = ORIENTED_EDGE ( 'NONE', *, *, #1259, .T. ) ;
#68 = CARTESIAN_POINT ( 'NONE',  ( -0.9500000000000002887, 0.5250000000000000222, 0.6999999999999999556 ) ) ;
#69 = PLANE ( 'NONE',  #330 ) ;
#70 = CIRCLE ( 'NONE', #2133, 0.2500000000000000000 ) ;
#71 = CYLINDRICAL_SURFACE ( 'NONE', #1538, 0.1000000000000001582 ) ;
#72 = VERTEX_POINT ( 'NONE', #1556 ) ;
#73 = AXIS2_PLACEMENT_3D ( 'NONE', #3282, #939, #2613 ) ;
#74 = SURFACE_STYLE_USAGE ( .BOTH. , #2651 ) ;
#75 = VECTOR ( 'NONE', #2840, 1000.000000000000000 ) ;
#76 = ORIENTED_EDGE ( 'NONE', *, *, #831, .F. ) ;
#77 =( NAMED_UNIT ( * ) PLANE_ANGLE_UNIT ( ) SI_UNIT ( $, .RADIAN. ) );
#78 = VECTOR ( 'NONE', #673, 1000.000000000000000 ) ;
#79 = AXIS2_PLACEMENT_3D ( 'NONE', #667, #54, #1482 ) ;
#80 = CARTESIAN_POINT ( 'NONE',  ( 1.100000000000000089, 0.2999999999999999889, 0.9999999999999997780 ) ) ;
#81 = AXIS2_PLACEMENT_3D ( 'NONE', #598, #301, #2248 ) ;
#82 = VERTEX_POINT ( 'NONE', #2453 ) ;
#83 = EDGE_CURVE ( 'NONE', #3007, #3392, #306, .T. ) ;
#84 = CARTESIAN_POINT ( 'NONE',  ( 1.200000000000000400, 0.2999999999999999889, -0.3500000000000001443 ) ) ;
#85 = VECTOR ( 'NONE', #2734, 1000.000000000000000 ) ;
#86 = DIRECTION ( 'NONE',  ( -0.000000000000000000, 0.000000000000000000, 1.000000000000000000 ) ) ;
#87 = LINE ( 'NONE', #353, #2817 ) ;
#88 = LINE ( 'NONE', #2118, #2332 ) ;
#89 = EDGE_CURVE ( 'NONE', #160, #2229, #971, .T. ) ;
#90 = ORIENTED_EDGE ( 'NONE', *, *, #1432, .F. ) ;
#91 = EDGE_LOOP ( 'NONE', ( #2833, #2212, #1471, #1652 ) ) ;
#92 = CARTESIAN_POINT ( 'NONE',  ( -1.250000000000000222, 0.4500000000000000666, 1.000000000000000222 ) ) ;
#93 = CARTESIAN_POINT ( 'NONE',  ( 1.175000000000000933, 0.5500000000000000444, -0.7000000000000001776 ) ) ;
#94 = DIRECTION ( 'NONE',  ( -1.000000000000000000, -0.000000000000000000, 0.000000000000000000 ) ) ;
#95 = DIRECTION ( 'NONE',  ( 0.000000000000000000, 1.000000000000000000, 0.000000000000000000 ) ) ;
#96 = ORIENTED_EDGE ( 'NONE', *, *, #594, .T. ) ;
#97 = DIRECTION ( 'NONE',  ( 1.084202172485504434E-16, 0.000000000000000000, 1.000000000000000000 ) ) ;
#98 = EDGE_LOOP ( 'NONE', ( #3167, #1733, #3432, #856, #1796, #888, #90, #783, #3703 ) ) ;
#99 = DIRECTION ( 'NONE',  ( 1.000000000000000000, 0.000000000000000000, -4.938827804790681704E-16 ) ) ;
#100 = EDGE_CURVE ( 'NONE', #2113, #1809, #1970, .T. ) ;
#101 = ORIENTED_EDGE ( 'NONE', *, *, #2724, .F. ) ;
#102 = LINE ( 'NONE', #2771, #1168 ) ;
#103 = EDGE_CURVE ( 'NONE', #2700, #3503, #3332, .T. ) ;
#104 = CARTESIAN_POINT ( 'NONE',  ( -5.059610138265692495E-17, -1.030776406404415146, -0.3500000000000003109 ) ) ;
#105 = VERTEX_POINT ( 'NONE', #437 ) ;
#106 = DIRECTION ( 'NONE',  ( 0.000000000000000000, 1.000000000000000000, 0.000000000000000000 ) ) ;
#107 = CARTESIAN_POINT ( 'NONE',  ( 1.200000000000000400, -1.030776406404415146, 0.000000000000000000 ) ) ;
#108 = EDGE_CURVE ( 'NONE', #2229, #501, #2721, .T. ) ;
#109 = DIRECTION ( 'NONE',  ( -1.000000000000000000, -0.000000000000000000, -0.000000000000000000 ) ) ;
#110 = DIRECTION ( 'NONE',  ( 0.000000000000000000, -0.000000000000000000, 1.000000000000000000 ) ) ;
#111 = CARTESIAN_POINT ( 'NONE',  ( -0.9500000000000002887, 0.4500000000000000666, 0.6999999999999999556 ) ) ;
#112 = CARTESIAN_POINT ( 'NONE',  ( -1.150000000000000133, 0.2999999999999999334, 1.000000000000000222 ) ) ;
#113 = CARTESIAN_POINT ( 'NONE',  ( 5.059610138265692495E-17, 0.000000000000000000, 0.3500000000000003109 ) ) ;
#114 = ORIENTED_EDGE ( 'NONE', *, *, #407, .T. ) ;
#115 = CARTESIAN_POINT ( 'NONE',  ( 1.108578643762690774, 0.000000000000000000, 0.9499999999999997335 ) ) ;
#116 = CARTESIAN_POINT ( 'NONE',  ( 1.200000000000000400, 0.000000000000000000, 0.000000000000000000 ) ) ;
#117 = ORIENTED_EDGE ( 'NONE', *, *, #507, .F. ) ;
#118 = CARTESIAN_POINT ( 'NONE',  ( 1.250000000000000222, 0.2999999999999999334, 1.000000000000000222 ) ) ;
#119 = EDGE_CURVE ( 'NONE', #1555, #2902, #3609, .T. ) ;
#120 = CARTESIAN_POINT ( 'NONE',  ( 0.000000000000000000, 0.2999999999999999889, 0.3500000000000001443 ) ) ;
#121 = VECTOR ( 'NONE', #3315, 1000.000000000000000 ) ;
#122 = VERTEX_POINT ( 'NONE', #3652 ) ;
#123 = LINE ( 'NONE', #962, #2494 ) ;
#124 = CARTESIAN_POINT ( 'NONE',  ( 1.200000000000001066, 0.5250000000000001332, 0.8464466094067263358 ) ) ;
#125 = CIRCLE ( 'NONE', #65, 0.2499999999999998890 ) ;
#126 = DIRECTION ( 'NONE',  ( -1.000000000000000000, 0.000000000000000000, 1.734723475976807094E-16 ) ) ;
#127 = FACE_OUTER_BOUND ( 'NONE', #1985, .T. ) ;
#128 = CARTESIAN_POINT ( 'NONE',  ( 0.9500000000000009548, 0.5250000000000000222, 0.9499999999999998446 ) ) ;
#129 = VECTOR ( 'NONE', #2352, 1000.000000000000000 ) ;
#130 = CYLINDRICAL_SURFACE ( 'NONE', #2623, 0.1999999999999999833 ) ;
#131 = DIRECTION ( 'NONE',  ( 0.000000000000000000, 0.000000000000000000, -1.000000000000000000 ) ) ;
#132 = AXIS2_PLACEMENT_3D ( 'NONE', #1346, #2507, #401 ) ;
#133 = ORIENTED_EDGE ( 'NONE', *, *, #2190, .T. ) ;
#134 = CARTESIAN_POINT ( 'NONE',  ( 1.249999999999999778, 0.2999999999999999889, -0.9000000000000000222 ) ) ;
#135 = ORIENTED_EDGE ( 'NONE', *, *, #3158, .T. ) ;
#136 = EDGE_CURVE ( 'NONE', #3619, #2240, #2235, .T. ) ;
#137 = AXIS2_PLACEMENT_3D ( 'NONE', #3328, #3366, #736 ) ;
#138 = DIRECTION ( 'NONE',  ( -0.000000000000000000, -0.000000000000000000, 1.000000000000000000 ) ) ;
#139 = ORIENTED_EDGE ( 'NONE', *, *, #978, .T. ) ;
#140 = CIRCLE ( 'NONE', #453, 0.02499999999999995628 ) ;
#141 = VECTOR ( 'NONE', #3639, 1000.000000000000000 ) ;
#142 = VECTOR ( 'NONE', #2418, 1000.000000000000000 ) ;
#143 = VECTOR ( 'NONE', #1866, 1000.000000000000000 ) ;
#144 = DIRECTION ( 'NONE',  ( -1.734723475976806601E-16, 0.000000000000000000, -1.000000000000000000 ) ) ;
#145 = CARTESIAN_POINT ( 'NONE',  ( -1.250000000000000222, 0.000000000000000000, 0.8500000000000000888 ) ) ;
#146 = EDGE_CURVE ( 'NONE', #2837, #332, #2677, .T. ) ;
#147 = DIRECTION ( 'NONE',  ( -0.000000000000000000, -1.000000000000000000, -0.000000000000000000 ) ) ;
#148 = VECTOR ( 'NONE', #3029, 1000.000000000000000 ) ;
#149 = ORIENTED_EDGE ( 'NONE', *, *, #3536, .T. ) ;
#150 = CARTESIAN_POINT ( 'NONE',  ( 1.150000000000000799, 0.4500000000000000666, -0.7000000000000001776 ) ) ;
#151 = LINE ( 'NONE', #3635, #1051 ) ;
#152 = CARTESIAN_POINT ( 'NONE',  ( 1.250000000000000222, -1.030776406404415146, 0.000000000000000000 ) ) ;
#153 = DIRECTION ( 'NONE',  ( 0.000000000000000000, 0.000000000000000000, -1.000000000000000000 ) ) ;
#154 = CARTESIAN_POINT ( 'NONE',  ( -0.4500000000000001776, 0.2999999999999999334, 0.000000000000000000 ) ) ;
#155 = EDGE_CURVE ( 'NONE', #584, #2883, #3674, .T. ) ;
#156 = CARTESIAN_POINT ( 'NONE',  ( -1.099999999999999867, 0.000000000000000000, -0.9999999999999997780 ) ) ;
#157 = EDGE_LOOP ( 'NONE', ( #797, #2086, #3147, #1430 ) ) ;
#158 = LINE ( 'NONE', #2213, #2256 ) ;
#159 = EDGE_CURVE ( 'NONE', #165, #1990, #3673, .T. ) ;
#160 = VERTEX_POINT ( 'NONE', #585 ) ;
#161 = FACE_OUTER_BOUND ( 'NONE', #3187, .T. ) ;
#162 = LINE ( 'NONE', #2447, #85 ) ;
#163 = CARTESIAN_POINT ( 'NONE',  ( -0.9500000000000002887, 0.5250000000000000222, -0.7000000000000000666 ) ) ;
#164 = ORIENTED_EDGE ( 'NONE', *, *, #2327, .T. ) ;
#165 = VERTEX_POINT ( 'NONE', #3227 ) ;
#166 = PLANE ( 'NONE',  #3300 ) ;
#167 = CARTESIAN_POINT ( 'NONE',  ( 1.734723475976807094E-16, -1.030776406404415146, 1.000000000000000000 ) ) ;
#168 = SURFACE_SIDE_STYLE ('',( #1296 ) ) ;
#169 = DIRECTION ( 'NONE',  ( 0.000000000000000000, 1.000000000000000000, 0.000000000000000000 ) ) ;
#170 = CARTESIAN_POINT ( 'NONE',  ( -1.250000000000000222, 0.000000000000000000, -1.000000000000000222 ) ) ;
#171 = FACE_OUTER_BOUND ( 'NONE', #651, .T. ) ;
#172 = ORIENTED_EDGE ( 'NONE', *, *, #2889, .F. ) ;
#173 = ADVANCED_FACE ( 'NONE', ( #3462 ), #274, .F. ) ;
#174 = DIRECTION ( 'NONE',  ( 0.000000000000000000, 1.000000000000000000, 0.000000000000000000 ) ) ;
#175 = VERTEX_POINT ( 'NONE', #2276 ) ;
#176 = LINE ( 'NONE', #779, #75 ) ;
#177 = DIRECTION ( 'NONE',  ( -0.000000000000000000, -1.000000000000000000, -0.000000000000000000 ) ) ;
#178 = DIRECTION ( 'NONE',  ( 0.000000000000000000, -0.000000000000000000, 1.000000000000000000 ) ) ;
#179 = ORIENTED_EDGE ( 'NONE', *, *, #3022, .T. ) ;
#180 = EDGE_CURVE ( 'NONE', #332, #1718, #2057, .T. ) ;
#181 = PLANE ( 'NONE',  #132 ) ;
#182 = DIRECTION ( 'NONE',  ( 1.000000000000000000, -0.000000000000000000, 0.000000000000000000 ) ) ;
#183 = AXIS2_PLACEMENT_3D ( 'NONE', #1395, #5, #1111 ) ;
#184 = LINE ( 'NONE', #1848, #3505 ) ;
#185 = CIRCLE ( 'NONE', #2680, 0.1500000000000001887 ) ;
#186 = DIRECTION ( 'NONE',  ( -0.000000000000000000, -1.000000000000000000, -0.000000000000000000 ) ) ;
#187 = FACE_OUTER_BOUND ( 'NONE', #1506, .T. ) ;
#188 = PRESENTATION_LAYER_ASSIGNMENT (  '', '', ( #252 ) ) ;
#189 = CARTESIAN_POINT ( 'NONE',  ( -1.200000000000000178, 0.5396446609406727601, -0.6999999999999999556 ) ) ;
#190 = ADVANCED_FACE ( 'NONE', ( #542 ), #3777, .F. ) ;
#191 = ORIENTED_EDGE ( 'NONE', *, *, #1129, .F. ) ;
#192 = CARTESIAN_POINT ( 'NONE',  ( 1.108578643762690774, -1.030776406404415146, 0.9499999999999997335 ) ) ;
#193 = VECTOR ( 'NONE', #2065, 1000.000000000000000 ) ;
#194 = ORIENTED_EDGE ( 'NONE', *, *, #2292, .F. ) ;
#195 = VECTOR ( 'NONE', #2905, 1000.000000000000000 ) ;
#196 = VECTOR ( 'NONE', #723, 1000.000000000000000 ) ;
#197 = CARTESIAN_POINT ( 'NONE',  ( 0.000000000000000000, 0.2999999999999999889, 0.000000000000000000 ) ) ;
#198 = MECHANICAL_DESIGN_GEOMETRIC_PRESENTATION_REPRESENTATION (  '', ( #2394 ), #1474 ) ;
#199 = ORIENTED_EDGE ( 'NONE', *, *, #2611, .T. ) ;
#200 = EDGE_CURVE ( 'NONE', #2700, #851, #3171, .T. ) ;
#201 = DIRECTION ( 'NONE',  ( 1.000000000000000000, -0.000000000000000000, 0.000000000000000000 ) ) ;
#202 = ORIENTED_EDGE ( 'NONE', *, *, #2175, .F. ) ;
#203 = CIRCLE ( 'NONE', #758, 0.1500000000000001887 ) ;
#204 = AXIS2_PLACEMENT_3D ( 'NONE', #2245, #2228, #2780 ) ;
#205 = CARTESIAN_POINT ( 'NONE',  ( 1.150000000000000799, 0.5500000000000000444, 0.6999999999999999556 ) ) ;
#206 = DIRECTION ( 'NONE',  ( 1.000000000000000000, 0.000000000000000000, 0.000000000000000000 ) ) ;
#207 = STYLED_ITEM ( 'NONE', ( #1331 ), #3036 ) ;
#208 = VECTOR ( 'NONE', #94, 1000.000000000000000 ) ;
#209 = DIRECTION ( 'NONE',  ( 0.000000000000000000, 0.000000000000000000, -1.000000000000000000 ) ) ;
#210 = LINE ( 'NONE', #497, #141 ) ;
#211 = ORIENTED_EDGE ( 'NONE', *, *, #2595, .F. ) ;
#212 = DIRECTION ( 'NONE',  ( 0.000000000000000000, 0.000000000000000000, 1.000000000000000000 ) ) ;
#213 = CARTESIAN_POINT ( 'NONE',  ( 0.000000000000000000, 0.000000000000000000, 1.000000000000000222 ) ) ;
#214 = VERTEX_POINT ( 'NONE', #1145 ) ;
#215 = ORIENTED_EDGE ( 'NONE', *, *, #2051, .F. ) ;
#216 = CARTESIAN_POINT ( 'NONE',  ( -0.9500000000000002887, 0.4499999999999999001, 0.6999999999999999556 ) ) ;
#217 = EDGE_CURVE ( 'NONE', #2536, #447, #2879, .T. ) ;
#218 = CARTESIAN_POINT ( 'NONE',  ( 1.200000000000001066, 0.5396446609406726491, -0.8464466094067263358 ) ) ;
#219 = EDGE_LOOP ( 'NONE', ( #2654, #749, #3759, #2877 ) ) ;
#220 = DIRECTION ( 'NONE',  ( 0.000000000000000000, 0.000000000000000000, -1.000000000000000000 ) ) ;
#221 = ORIENTED_EDGE ( 'NONE', *, *, #541, .T. ) ;
#222 = EDGE_LOOP ( 'NONE', ( #60, #1892, #1144, #2198 ) ) ;
#223 = ADVANCED_FACE ( 'NONE', ( #3763 ), #1734, .F. ) ;
#224 = DIRECTION ( 'NONE',  ( 0.000000000000000000, 0.000000000000000000, -1.000000000000000000 ) ) ;
#225 = CARTESIAN_POINT ( 'NONE',  ( -1.250000000000000222, 0.000000000000000000, 1.000000000000000222 ) ) ;
#226 = ORIENTED_EDGE ( 'NONE', *, *, #711, .F. ) ;
#227 = CARTESIAN_POINT ( 'NONE',  ( 0.9500000000000009548, 0.5500000000000000444, 0.9000000000000001332 ) ) ;
#228 = CARTESIAN_POINT ( 'NONE',  ( -0.4500000000000001776, 0.000000000000000000, 0.9499999999999999556 ) ) ;
#229 = VERTEX_POINT ( 'NONE', #2917 ) ;
#230 = FACE_OUTER_BOUND ( 'NONE', #837, .T. ) ;
#231 = ORIENTED_EDGE ( 'NONE', *, *, #1770, .F. ) ;
#232 = LINE ( 'NONE', #601, #1220 ) ;
#233 = EDGE_LOOP ( 'NONE', ( #1163, #3348, #1598, #1643 ) ) ;
#234 = LINE ( 'NONE', #289, #1950 ) ;
#235 = FACE_OUTER_BOUND ( 'NONE', #2800, .T. ) ;
#236 = ORIENTED_EDGE ( 'NONE', *, *, #3186, .T. ) ;
#237 = CARTESIAN_POINT ( 'NONE',  ( 0.9500000000000009548, 0.5500000000000000444, 0.9000000000000001332 ) ) ;
#238 = VERTEX_POINT ( 'NONE', #3478 ) ;
#239 = FACE_OUTER_BOUND ( 'NONE', #2525, .T. ) ;
#240 = CARTESIAN_POINT ( 'NONE',  ( -1.108578643762690552, 0.2999999999999999889, -0.9499999999999998446 ) ) ;
#241 = CARTESIAN_POINT ( 'NONE',  ( -1.885568995626964780E-16, -1.030776406404415146, 1.000000000000000000 ) ) ;
#242 = ORIENTED_EDGE ( 'NONE', *, *, #1403, .F. ) ;
#243 = CARTESIAN_POINT ( 'NONE',  ( -0.9500000000000002887, 0.5500000000000000444, 0.9396446609406725603 ) ) ;
#244 = CARTESIAN_POINT ( 'NONE',  ( -1.108578643762690552, 0.2999999999999999889, 0.9499999999999998446 ) ) ;
#245 = DIRECTION ( 'NONE',  ( 0.000000000000000000, 1.000000000000000000, 0.000000000000000000 ) ) ;
#246 = EDGE_CURVE ( 'NONE', #1725, #1249, #1165, .T. ) ;
#247 = VECTOR ( 'NONE', #1571, 1000.000000000000000 ) ;
#248 = EDGE_LOOP ( 'NONE', ( #1103, #3385, #3110, #1960 ) ) ;
#249 = CARTESIAN_POINT ( 'NONE',  ( -1.108578643762690774, -1.030776406404415146, -0.9499999999999998446 ) ) ;
#250 = VECTOR ( 'NONE', #3360, 1000.000000000000000 ) ;
#251 = ORIENTED_EDGE ( 'NONE', *, *, #674, .T. ) ;
#252 = STYLED_ITEM ( 'NONE', ( #43 ), #775 ) ;
#253 = DIRECTION ( 'NONE',  ( -1.000000000000000000, -0.000000000000000000, 5.706327223607915090E-17 ) ) ;
#254 = DIRECTION ( 'NONE',  ( -0.000000000000000000, -1.000000000000000000, -0.000000000000000000 ) ) ;
#255 = EDGE_LOOP ( 'NONE', ( #2331, #2311, #2069, #1754 ) ) ;
#256 = AXIS2_PLACEMENT_3D ( 'NONE', #266, #1425, #2848 ) ;
#257 = CARTESIAN_POINT ( 'NONE',  ( 0.4500000000000001776, 0.000000000000000000, -0.9499999999999999556 ) ) ;
#258 = ORIENTED_EDGE ( 'NONE', *, *, #3701, .T. ) ;
#259 = AXIS2_PLACEMENT_3D ( 'NONE', #958, #473, #3628 ) ;
#260 = LINE ( 'NONE', #3769, #987 ) ;
#261 = LINE ( 'NONE', #2260, #3439 ) ;
#262 = CIRCLE ( 'NONE', #1236, 0.1000000000000002554 ) ;
#263 = AXIS2_PLACEMENT_3D ( 'NONE', #3031, #1373, #3074 ) ;
#264 = ORIENTED_EDGE ( 'NONE', *, *, #3663, .T. ) ;
#265 = VECTOR ( 'NONE', #1981, 1000.000000000000000 ) ;
#266 = CARTESIAN_POINT ( 'NONE',  ( 1.250000000000000222, -1.030776406404415146, -1.000000000000000222 ) ) ;
#267 = AXIS2_PLACEMENT_3D ( 'NONE', #440, #1348, #1592 ) ;
#268 = SURFACE_SIDE_STYLE ('',( #2868 ) ) ;
#269 = DIRECTION ( 'NONE',  ( 0.000000000000000000, -0.000000000000000000, 1.000000000000000000 ) ) ;
#270 = CIRCLE ( 'NONE', #3255, 0.02499999999999995628 ) ;
#271 = ORIENTED_EDGE ( 'NONE', *, *, #1090, .T. ) ;
#272 = CARTESIAN_POINT ( 'NONE',  ( 0.000000000000000000, 0.2999999999999999889, -0.3500000000000002554 ) ) ;
#273 = ORIENTED_EDGE ( 'NONE', *, *, #622, .T. ) ;
#274 = PLANE ( 'NONE',  #373 ) ;
#275 = DIRECTION ( 'NONE',  ( 0.000000000000000000, 0.000000000000000000, -1.000000000000000000 ) ) ;
#276 = ORIENTED_EDGE ( 'NONE', *, *, #1992, .F. ) ;
#277 = FILL_AREA_STYLE ('',( #2003 ) ) ;
#278 = ORIENTED_EDGE ( 'NONE', *, *, #2726, .F. ) ;
#279 = DIRECTION ( 'NONE',  ( 0.000000000000000000, 0.000000000000000000, -1.000000000000000000 ) ) ;
#280 = DIRECTION ( 'NONE',  ( 0.000000000000000000, 1.000000000000000000, 0.000000000000000000 ) ) ;
#281 = EDGE_LOOP ( 'NONE', ( #7, #164, #1322, #3235, #937, #2360, #611, #2471, #1153 ) ) ;
#282 = CARTESIAN_POINT ( 'NONE',  ( 0.9500000000000009548, 0.5250000000000000222, 0.6999999999999999556 ) ) ;
#283 = CARTESIAN_POINT ( 'NONE',  ( -1.250000000000000222, -1.030776406404415146, 0.000000000000000000 ) ) ;
#284 = CARTESIAN_POINT ( 'NONE',  ( 0.9500000000000009548, 0.5500000000000000444, 0.9499999999999998446 ) ) ;
#285 = ORIENTED_EDGE ( 'NONE', *, *, #3404, .T. ) ;
#286 = EDGE_CURVE ( 'NONE', #3007, #1563, #2294, .T. ) ;
#287 = DIRECTION ( 'NONE',  ( 8.673617379884035472E-17, -0.000000000000000000, 1.000000000000000000 ) ) ;
#288 = ORIENTED_EDGE ( 'NONE', *, *, #442, .T. ) ;
#289 = CARTESIAN_POINT ( 'NONE',  ( 1.200000000000000400, 0.2999999999999999334, 0.000000000000000000 ) ) ;
#290 = FACE_OUTER_BOUND ( 'NONE', #2748, .T. ) ;
#291 = EDGE_LOOP ( 'NONE', ( #1546, #1089, #1726, #221 ) ) ;
#292 = FACE_OUTER_BOUND ( 'NONE', #3446, .T. ) ;
#293 = LINE ( 'NONE', #48, #1414 ) ;
#294 = CARTESIAN_POINT ( 'NONE',  ( 0.000000000000000000, 0.2999999999999999889, 0.9499999999999997335 ) ) ;
#295 = EDGE_CURVE ( 'NONE', #46, #3339, #905, .T. ) ;
#296 = ORIENTED_EDGE ( 'NONE', *, *, #2108, .F. ) ;
#297 = EDGE_CURVE ( 'NONE', #3165, #3726, #234, .T. ) ;
#298 = ORIENTED_EDGE ( 'NONE', *, *, #3536, .F. ) ;
#299 = FACE_OUTER_BOUND ( 'NONE', #3076, .T. ) ;
#300 = CARTESIAN_POINT ( 'NONE',  ( -1.250000000000000222, 0.2999999999999999889, -1.000000000000000222 ) ) ;
#301 = DIRECTION ( 'NONE',  ( -1.000000000000000000, 0.000000000000000000, -1.224646799147353207E-16 ) ) ;
#302 = CARTESIAN_POINT ( 'NONE',  ( -1.100000000000000089, 0.000000000000000000, -1.000000000000000222 ) ) ;
#303 = ADVANCED_FACE ( 'NONE', ( #2636 ), #27, .F. ) ;
#304 = EDGE_CURVE ( 'NONE', #2115, #2107, #1415, .T. ) ;
#305 = EDGE_LOOP ( 'NONE', ( #1491, #3418, #1887, #1154, #466, #3683, #3501, #967, #3542 ) ) ;
#306 = CIRCLE ( 'NONE', #862, 0.1999999999999999833 ) ;
#307 = DIRECTION ( 'NONE',  ( 0.000000000000000000, 0.000000000000000000, -1.000000000000000000 ) ) ;
#308 = AXIS2_PLACEMENT_3D ( 'NONE', #2496, #3108, #3054 ) ;
#309 = DIRECTION ( 'NONE',  ( -1.000000000000000000, 0.000000000000000000, 1.084202172485504434E-16 ) ) ;
#310 = VERTEX_POINT ( 'NONE', #892 ) ;
#311 = VECTOR ( 'NONE', #557, 1000.000000000000000 ) ;
#312 = ORIENTED_EDGE ( 'NONE', *, *, #757, .T. ) ;
#313 = CARTESIAN_POINT ( 'NONE',  ( -1.150000000000000355, 0.4499999999999999556, 0.7000000000000000666 ) ) ;
#314 = CARTESIAN_POINT ( 'NONE',  ( 1.108578643762690774, 0.2999999999999999334, 0.9499999999999997335 ) ) ;
#315 = CIRCLE ( 'NONE', #810, 0.2499999999999998890 ) ;
#316 = EDGE_CURVE ( 'NONE', #1016, #1785, #2040, .T. ) ;
#317 = CARTESIAN_POINT ( 'NONE',  ( 5.059610138265692495E-17, -1.030776406404415146, -0.3500000000000003109 ) ) ;
#318 = VERTEX_POINT ( 'NONE', #2554 ) ;
#319 = AXIS2_PLACEMENT_3D ( 'NONE', #3544, #34, #876 ) ;
#320 = ORIENTED_EDGE ( 'NONE', *, *, #766, .F. ) ;
#321 = CARTESIAN_POINT ( 'NONE',  ( -0.9500000000000002887, 0.4500000000000000666, -0.7000000000000000666 ) ) ;
#322 = EDGE_CURVE ( 'NONE', #1739, #2689, #3522, .T. ) ;
#323 = ADVANCED_FACE ( 'NONE', ( #1986 ), #3152, .T. ) ;
#324 = LINE ( 'NONE', #2723, #3696 ) ;
#325 = STYLED_ITEM ( 'NONE', ( #1641 ), #3281 ) ;
#326 = CIRCLE ( 'NONE', #1716, 0.1500000000000001887 ) ;
#327 = DIRECTION ( 'NONE',  ( 0.000000000000000000, 1.000000000000000000, 0.000000000000000000 ) ) ;
#328 = ORIENTED_EDGE ( 'NONE', *, *, #3071, .F. ) ;
#329 = VECTOR ( 'NONE', #2893, 1000.000000000000000 ) ;
#330 = AXIS2_PLACEMENT_3D ( 'NONE', #686, #2931, #913 ) ;
#331 = FACE_OUTER_BOUND ( 'NONE', #3691, .T. ) ;
#332 = VERTEX_POINT ( 'NONE', #3284 ) ;
#333 = AXIS2_PLACEMENT_3D ( 'NONE', #2978, #2408, #2903 ) ;
#334 = DIRECTION ( 'NONE',  ( -0.000000000000000000, -1.000000000000000000, -0.000000000000000000 ) ) ;
#335 = ORIENTED_EDGE ( 'NONE', *, *, #1588, .T. ) ;
#336 = CARTESIAN_POINT ( 'NONE',  ( 1.250000000000000222, 0.2999999999999999334, -1.000000000000000222 ) ) ;
#337 = EDGE_CURVE ( 'NONE', #2150, #1167, #2152, .T. ) ;
#338 = CARTESIAN_POINT ( 'NONE',  ( -1.175000000000000044, 0.5500000000000000444, -0.7000000000000000666 ) ) ;
#339 = PLANE ( 'NONE',  #1241 ) ;
#340 = EDGE_LOOP ( 'NONE', ( #58, #2371, #2782, #3779 ) ) ;
#341 = EDGE_CURVE ( 'NONE', #3651, #398, #2558, .T. ) ;
#342 = ORIENTED_EDGE ( 'NONE', *, *, #838, .F. ) ;
#343 = DIRECTION ( 'NONE',  ( 0.000000000000000000, 0.000000000000000000, -1.000000000000000000 ) ) ;
#344 = DIRECTION ( 'NONE',  ( 0.000000000000000000, 1.000000000000000000, 0.000000000000000000 ) ) ;
#345 = CARTESIAN_POINT ( 'NONE',  ( 1.250000000000000000, 0.4500000000000000666, 0.9999999999999997780 ) ) ;
#346 = ORIENTED_EDGE ( 'NONE', *, *, #979, .T. ) ;
#347 = ORIENTED_EDGE ( 'NONE', *, *, #1542, .F. ) ;
#348 = CARTESIAN_POINT ( 'NONE',  ( -1.250000000000000222, 0.000000000000000000, 1.000000000000000222 ) ) ;
#349 = ORIENTED_EDGE ( 'NONE', *, *, #1247, .F. ) ;
#350 = ORIENTED_EDGE ( 'NONE', *, *, #3040, .T. ) ;
#351 = DIRECTION ( 'NONE',  ( -0.000000000000000000, -1.000000000000000000, -0.000000000000000000 ) ) ;
#352 = LINE ( 'NONE', #2947, #1055 ) ;
#353 = CARTESIAN_POINT ( 'NONE',  ( 0.000000000000000000, 0.2999999999999999889, -0.3500000000000002554 ) ) ;
#354 = EDGE_CURVE ( 'NONE', #1813, #105, #1489, .T. ) ;
#355 = EDGE_CURVE ( 'NONE', #3154, #160, #2075, .T. ) ;
#356 = ORIENTED_EDGE ( 'NONE', *, *, #3194, .F. ) ;
#357 = ORIENTED_EDGE ( 'NONE', *, *, #2030, .F. ) ;
#358 = DIRECTION ( 'NONE',  ( -0.000000000000000000, -1.000000000000000000, 0.000000000000000000 ) ) ;
#359 = LINE ( 'NONE', #3574, #3752 ) ;
#360 = CARTESIAN_POINT ( 'NONE',  ( -0.4500000000000001776, 0.000000000000000000, -0.3500000000000002554 ) ) ;
#361 = EDGE_LOOP ( 'NONE', ( #881, #2044, #539, #2279 ) ) ;
#362 = CARTESIAN_POINT ( 'NONE',  ( -1.200000000000000400, 0.2999999999999999889, -0.3500000000000001443 ) ) ;
#363 = EDGE_CURVE ( 'NONE', #2689, #2150, #1794, .T. ) ;
#364 = VERTEX_POINT ( 'NONE', #1504 ) ;
#365 = CARTESIAN_POINT ( 'NONE',  ( 1.169734122579683344, 0.5500000000000001554, 0.7565669237909061762 ) ) ;
#366 = CARTESIAN_POINT ( 'NONE',  ( 0.9500000000000007327, 0.5500000000000000444, -0.9000000000000003553 ) ) ;
#367 = ADVANCED_FACE ( 'NONE', ( #1282 ), #2975, .T. ) ;
#368 = ORIENTED_EDGE ( 'NONE', *, *, #3762, .F. ) ;
#369 = LINE ( 'NONE', #607, #1606 ) ;
#370 = VECTOR ( 'NONE', #2653, 1000.000000000000000 ) ;
#371 = CARTESIAN_POINT ( 'NONE',  ( 0.4500000000000001776, 0.000000000000000000, 0.3500000000000002554 ) ) ;
#372 = CARTESIAN_POINT ( 'NONE',  ( -0.4500000000000001776, 0.2999999999999999889, 0.3500000000000002554 ) ) ;
#373 = AXIS2_PLACEMENT_3D ( 'NONE', #1433, #2592, #1752 ) ;
#374 = ORIENTED_EDGE ( 'NONE', *, *, #108, .T. ) ;
#375 = AXIS2_PLACEMENT_3D ( 'NONE', #3700, #1649, #1921 ) ;
#376 = ORIENTED_EDGE ( 'NONE', *, *, #1644, .F. ) ;
#377 = CARTESIAN_POINT ( 'NONE',  ( 1.249999999999999778, 0.2999999999999999889, -0.8500000000000001998 ) ) ;
#378 = FACE_OUTER_BOUND ( 'NONE', #281, .T. ) ;
#379 = VECTOR ( 'NONE', #2884, 1000.000000000000000 ) ;
#380 = CARTESIAN_POINT ( 'NONE',  ( -1.200000000000000400, 0.000000000000000000, 0.000000000000000000 ) ) ;
#381 = VERTEX_POINT ( 'NONE', #2713 ) ;
#382 = VECTOR ( 'NONE', #2130, 1000.000000000000000 ) ;
#383 = CIRCLE ( 'NONE', #2204, 0.1500000000000001887 ) ;
#384 = CARTESIAN_POINT ( 'NONE',  ( 0.4500000000000001776, 0.2999999999999999334, 0.9499999999999998446 ) ) ;
#385 = VERTEX_POINT ( 'NONE', #954 ) ;
#386 = CARTESIAN_POINT ( 'NONE',  ( 1.011715150239754557, 0.5500000000000001554, 0.9250000000000001554 ) ) ;
#387 = VECTOR ( 'NONE', #2819, 1000.000000000000000 ) ;
#388 = CIRCLE ( 'NONE', #1779, 0.1999999999999999833 ) ;
#389 = CARTESIAN_POINT ( 'NONE',  ( -1.250000000000000222, 0.2999999999999999334, 1.000000000000000222 ) ) ;
#390 = AXIS2_PLACEMENT_3D ( 'NONE', #593, #2963, #1799 ) ;
#391 = ORIENTED_EDGE ( 'NONE', *, *, #3524, .F. ) ;
#392 = CARTESIAN_POINT ( 'NONE',  ( -1.200000000000000400, 0.4500000000000000666, -0.7000000000000001776 ) ) ;
#393 = VECTOR ( 'NONE', #720, 1000.000000000000000 ) ;
#394 = EDGE_CURVE ( 'NONE', #1484, #3705, #3546, .T. ) ;
#395 = CARTESIAN_POINT ( 'NONE',  ( 1.250000000000000000, 0.4500000000000000666, 0.9999999999999997780 ) ) ;
#396 = DIRECTION ( 'NONE',  ( 0.000000000000000000, 0.000000000000000000, 1.000000000000000000 ) ) ;
#397 = DIRECTION ( 'NONE',  ( 0.000000000000000000, 0.000000000000000000, -1.000000000000000000 ) ) ;
#398 = VERTEX_POINT ( 'NONE', #1219 ) ;
#399 = ORIENTED_EDGE ( 'NONE', *, *, #2904, .F. ) ;
#400 = CARTESIAN_POINT ( 'NONE',  ( 1.108578643762690552, 0.2999999999999999889, 0.9499999999999998446 ) ) ;
#401 = DIRECTION ( 'NONE',  ( -1.000000000000000000, 0.000000000000000000, 3.292551869860454633E-16 ) ) ;
#402 = CARTESIAN_POINT ( 'NONE',  ( 0.9500000000000009548, 0.5500000000000000444, -0.9500000000000000666 ) ) ;
#403 = DIRECTION ( 'NONE',  ( -0.000000000000000000, 0.000000000000000000, 1.000000000000000000 ) ) ;
#404 = PLANE ( 'NONE',  #2452 ) ;
#405 = ORIENTED_EDGE ( 'NONE', *, *, #3092, .T. ) ;
#406 = SURFACE_STYLE_FILL_AREA ( #277 ) ;
#407 = EDGE_CURVE ( 'NONE', #902, #3737, #2730, .T. ) ;
#408 = CARTESIAN_POINT ( 'NONE',  ( -1.175000000000000044, 0.5500000000000000444, 0.7617151502397597751 ) ) ;
#409 = ORIENTED_EDGE ( 'NONE', *, *, #3040, .F. ) ;
#410 = DIRECTION ( 'NONE',  ( -0.000000000000000000, -1.000000000000000000, -0.000000000000000000 ) ) ;
#411 = FACE_OUTER_BOUND ( 'NONE', #1951, .T. ) ;
#412 = CARTESIAN_POINT ( 'NONE',  ( -0.9500000000000002887, 0.5250000000000000222, 0.9249999999999999334 ) ) ;
#413 = CARTESIAN_POINT ( 'NONE',  ( -1.150000000000000133, 0.4500000000000000666, 0.6999999999999999556 ) ) ;
#414 = ORIENTED_EDGE ( 'NONE', *, *, #2528, .T. ) ;
#415 = DIRECTION ( 'NONE',  ( 1.000000000000000000, 0.000000000000000000, 0.000000000000000000 ) ) ;
#416 = FACE_OUTER_BOUND ( 'NONE', #3321, .T. ) ;
#417 = CARTESIAN_POINT ( 'NONE',  ( 0.9500000000000009548, 0.5500000000000000444, -0.9000000000000002442 ) ) ;
#418 = EDGE_CURVE ( 'NONE', #1431, #763, #3678, .T. ) ;
#419 = ADVANCED_FACE ( 'NONE', ( #1773 ), #2940, .T. ) ;
#420 = FACE_OUTER_BOUND ( 'NONE', #1340, .T. ) ;
#421 = LINE ( 'NONE', #482, #1162 ) ;
#422 = LINE ( 'NONE', #1650, #3000 ) ;
#423 = VERTEX_POINT ( 'NONE', #80 ) ;
#424 = DIRECTION ( 'NONE',  ( -1.000000000000000000, -0.000000000000000000, 0.000000000000000000 ) ) ;
#425 = ORIENTED_EDGE ( 'NONE', *, *, #860, .F. ) ;
#426 = CARTESIAN_POINT ( 'NONE',  ( -1.061285398680936298, 0.5500000000000000444, 0.8961587821263864440 ) ) ;
#427 = ADVANCED_FACE ( 'NONE', ( #1828 ), #1248, .F. ) ;
#428 = EDGE_CURVE ( 'NONE', #1698, #1105, #3176, .T. ) ;
#429 = ORIENTED_EDGE ( 'NONE', *, *, #180, .F. ) ;
#430 = EDGE_CURVE ( 'NONE', #1057, #3259, #185, .T. ) ;
#431 = LINE ( 'NONE', #2733, #2330 ) ;
#432 = LINE ( 'NONE', #3630, #3128 ) ;
#433 = DIRECTION ( 'NONE',  ( 0.000000000000000000, 0.000000000000000000, 1.000000000000000000 ) ) ;
#434 = VECTOR ( 'NONE', #415, 1000.000000000000000 ) ;
#435 = ORIENTED_EDGE ( 'NONE', *, *, #354, .T. ) ;
#436 = ADVANCED_FACE ( 'NONE', ( #919 ), #1266, .F. ) ;
#437 = CARTESIAN_POINT ( 'NONE',  ( 1.200000000000000400, 0.000000000000000000, 0.8585786437626905521 ) ) ;
#438 = CARTESIAN_POINT ( 'NONE',  ( 0.9500000000000009548, 0.5500000000000000444, 0.9249999999999999334 ) ) ;
#439 = AXIS2_PLACEMENT_3D ( 'NONE', #2173, #174, #1056 ) ;
#440 = CARTESIAN_POINT ( 'NONE',  ( 0.9500000000000009548, 0.5999999999999998668, 0.6999999999999999556 ) ) ;
#441 = AXIS2_PLACEMENT_3D ( 'NONE', #3537, #2070, #3265 ) ;
#442 = EDGE_CURVE ( 'NONE', #385, #1786, #2068, .T. ) ;
#443 = EDGE_CURVE ( 'NONE', #165, #1217, #3697, .T. ) ;
#444 = CARTESIAN_POINT ( 'NONE',  ( -1.200000000000000400, -1.030776406404415146, 0.000000000000000000 ) ) ;
#445 = CARTESIAN_POINT ( 'NONE',  ( 0.000000000000000000, 0.000000000000000000, 0.000000000000000000 ) ) ;
#446 = VECTOR ( 'NONE', #2930, 1000.000000000000000 ) ;
#447 = VERTEX_POINT ( 'NONE', #2822 ) ;
#448 = CARTESIAN_POINT ( 'NONE',  ( -0.9500000000000005107, 0.5396446609406727601, -0.9500000000000001776 ) ) ;
#449 = EDGE_LOOP ( 'NONE', ( #2552, #1737, #1870, #676 ) ) ;
#450 = AXIS2_PLACEMENT_3D ( 'NONE', #1367, #2529, #3712 ) ;
#451 = DIRECTION ( 'NONE',  ( 0.000000000000000000, 1.000000000000000000, 0.000000000000000000 ) ) ;
#452 = ORIENTED_EDGE ( 'NONE', *, *, #1984, .F. ) ;
#453 = AXIS2_PLACEMENT_3D ( 'NONE', #3409, #2505, #220 ) ;
#454 = VECTOR ( 'NONE', #2089, 1000.000000000000000 ) ;
#455 = EDGE_CURVE ( 'NONE', #318, #588, #974, .T. ) ;
#456 = LINE ( 'NONE', #392, #2946 ) ;
#457 = CIRCLE ( 'NONE', #267, 0.1999999999999999833 ) ;
#458 = CARTESIAN_POINT ( 'NONE',  ( 1.200000000000000844, 0.5500000000000000444, 0.6999999999999999556 ) ) ;
#459 = DIRECTION ( 'NONE',  ( -1.445602896647339163E-16, 0.000000000000000000, -1.000000000000000000 ) ) ;
#460 = CARTESIAN_POINT ( 'NONE',  ( -1.250000000000000222, 0.4500000000000000666, 0.000000000000000000 ) ) ;
#461 = CIRCLE ( 'NONE', #2214, 0.1999999999999998723 ) ;
#462 = EDGE_LOOP ( 'NONE', ( #1668, #1109, #1730, #2896 ) ) ;
#463 = DIRECTION ( 'NONE',  ( -0.000000000000000000, 0.000000000000000000, -1.000000000000000000 ) ) ;
#464 = DIRECTION ( 'NONE',  ( -0.000000000000000000, -1.000000000000000000, -0.000000000000000000 ) ) ;
#465 = LINE ( 'NONE', #2205, #2022 ) ;
#466 = ORIENTED_EDGE ( 'NONE', *, *, #455, .T. ) ;
#467 = UNCERTAINTY_MEASURE_WITH_UNIT (LENGTH_MEASURE( 1.000000000000000082E-05 ), #2763, 'distance_accuracy_value', 'NONE');
#468 = CARTESIAN_POINT ( 'NONE',  ( 1.200000000000000400, 0.2999999999999999889, 0.3500000000000001998 ) ) ;
#469 = CARTESIAN_POINT ( 'NONE',  ( 1.150000000000000799, 0.5999999999999998668, -0.7000000000000001776 ) ) ;
#470 = VERTEX_POINT ( 'NONE', #1034 ) ;
#471 = CARTESIAN_POINT ( 'NONE',  ( -0.9500000000000002887, 0.4500000000000000666, -0.9000000000000002442 ) ) ;
#472 = ORIENTED_EDGE ( 'NONE', *, *, #3657, .F. ) ;
#473 = DIRECTION ( 'NONE',  ( -1.445602896647339163E-16, 0.000000000000000000, -1.000000000000000000 ) ) ;
#474 = PLANE ( 'NONE',  #581 ) ;
#475 = DIRECTION ( 'NONE',  ( -0.000000000000000000, -1.000000000000000000, -0.000000000000000000 ) ) ;
#476 = ORIENTED_EDGE ( 'NONE', *, *, #2949, .T. ) ;
#477 = DIRECTION ( 'NONE',  ( 0.000000000000000000, -0.000000000000000000, -1.000000000000000000 ) ) ;
#478 = EDGE_CURVE ( 'NONE', #699, #2115, #2129, .T. ) ;
#479 = PLANE ( 'NONE',  #2085 ) ;
#480 = DIRECTION ( 'NONE',  ( 0.000000000000000000, 0.000000000000000000, -1.000000000000000000 ) ) ;
#481 = CARTESIAN_POINT ( 'NONE',  ( -1.200000000000000400, 0.000000000000000000, -0.8585786437626905521 ) ) ;
#482 = CARTESIAN_POINT ( 'NONE',  ( -1.100000000000000089, 0.4500000000000000666, 1.000000000000000222 ) ) ;
#483 = EDGE_CURVE ( 'NONE', #364, #2321, #2620, .T. ) ;
#484 = FACE_OUTER_BOUND ( 'NONE', #3508, .T. ) ;
#485 = FACE_OUTER_BOUND ( 'NONE', #3514, .T. ) ;
#486 = ORIENTED_EDGE ( 'NONE', *, *, #2969, .F. ) ;
#487 = ORIENTED_EDGE ( 'NONE', *, *, #2366, .F. ) ;
#488 = LINE ( 'NONE', #2578, #1712 ) ;
#489 = ORIENTED_EDGE ( 'NONE', *, *, #49, .F. ) ;
#490 = CARTESIAN_POINT ( 'NONE',  ( 1.250000000000000222, 0.000000000000000000, -1.000000000000000222 ) ) ;
#491 = ORIENTED_EDGE ( 'NONE', *, *, #2362, .F. ) ;
#492 = DIRECTION ( 'NONE',  ( 0.000000000000000000, 0.000000000000000000, 1.000000000000000000 ) ) ;
#493 = DIRECTION ( 'NONE',  ( -1.000000000000000000, -0.000000000000000000, -3.292551869860454633E-16 ) ) ;
#494 = EDGE_CURVE ( 'NONE', #3135, #3274, #3343, .T. ) ;
#495 = VECTOR ( 'NONE', #2898, 1000.000000000000000 ) ;
#496 = CYLINDRICAL_SURFACE ( 'NONE', #375, 0.2500000000000000000 ) ;
#497 = CARTESIAN_POINT ( 'NONE',  ( -0.9500000000000000666, 0.5500000000000000444, 0.9000000000000000222 ) ) ;
#498 = ORIENTED_EDGE ( 'NONE', *, *, #3305, .F. ) ;
#499 = COLOUR_RGB ( '',0.9686274509803921573, 0.8784313725490195957, 0.5999999999999999778 ) ;
#500 = CARTESIAN_POINT ( 'NONE',  ( 1.250000000000000222, 0.000000000000000000, 1.000000000000000222 ) ) ;
#501 = VERTEX_POINT ( 'NONE', #471 ) ;
#502 = EDGE_CURVE ( 'NONE', #3460, #1041, #3079, .T. ) ;
#503 = LINE ( 'NONE', #213, #1099 ) ;
#504 = VECTOR ( 'NONE', #3260, 1000.000000000000000 ) ;
#505 = ORIENTED_EDGE ( 'NONE', *, *, #2626, .F. ) ;
#506 = AXIS2_PLACEMENT_3D ( 'NONE', #3617, #309, #97 ) ;
#507 = EDGE_CURVE ( 'NONE', #1809, #3135, #125, .T. ) ;
#508 = DIRECTION ( 'NONE',  ( 0.000000000000000000, 0.000000000000000000, 1.000000000000000000 ) ) ;
#509 = AXIS2_PLACEMENT_3D ( 'NONE', #2753, #1253, #2470 ) ;
#510 = DIRECTION ( 'NONE',  ( -0.000000000000000000, -1.000000000000000000, -0.000000000000000000 ) ) ;
#511 =( GEOMETRIC_REPRESENTATION_CONTEXT ( 3 ) GLOBAL_UNCERTAINTY_ASSIGNED_CONTEXT ( ( #767 ) ) GLOBAL_UNIT_ASSIGNED_CONTEXT ( ( #1746, #17, #1426 ) ) REPRESENTATION_CONTEXT ( 'NONE', 'WORKASPACE' ) );
#512 = ORIENTED_EDGE ( 'NONE', *, *, #2973, .T. ) ;
#513 = EDGE_LOOP ( 'NONE', ( #2357, #2138, #3151, #3571 ) ) ;
#514 = AXIS2_PLACEMENT_3D ( 'NONE', #3166, #1995, #269 ) ;
#515 = VECTOR ( 'NONE', #206, 1000.000000000000000 ) ;
#516 = CYLINDRICAL_SURFACE ( 'NONE', #747, 0.1999999999999999833 ) ;
#517 = CARTESIAN_POINT ( 'NONE',  ( 0.000000000000000000, 0.000000000000000000, -0.9999999999999997780 ) ) ;
#518 = VECTOR ( 'NONE', #1250, 1000.000000000000000 ) ;
#519 = CARTESIAN_POINT ( 'NONE',  ( -0.9500000000000002887, 0.5396446609406726491, 0.9499999999999997335 ) ) ;
#520 = ORIENTED_EDGE ( 'NONE', *, *, #2553, .F. ) ;
#521 = DIRECTION ( 'NONE',  ( -1.000000000000000000, -0.000000000000000000, -0.000000000000000000 ) ) ;
#522 = ORIENTED_EDGE ( 'NONE', *, *, #1378, .T. ) ;
#523 = CARTESIAN_POINT ( 'NONE',  ( -1.146158782126395215, 0.5500000000000000444, -0.8112853986809291928 ) ) ;
#524 = ORIENTED_EDGE ( 'NONE', *, *, #1036, .T. ) ;
#525 = CARTESIAN_POINT ( 'NONE',  ( -1.200000000000000400, 0.2999999999999999889, 0.000000000000000000 ) ) ;
#526 = DIRECTION ( 'NONE',  ( 0.000000000000000000, -0.000000000000000000, -1.000000000000000000 ) ) ;
#527 = EDGE_CURVE ( 'NONE', #2107, #2340, #158, .T. ) ;
#528 = ORIENTED_EDGE ( 'NONE', *, *, #2339, .T. ) ;
#529 = LINE ( 'NONE', #2280, #3559 ) ;
#530 = ORIENTED_EDGE ( 'NONE', *, *, #1801, .T. ) ;
#531 = CARTESIAN_POINT ( 'NONE',  ( -0.9500000000000002887, 0.5500000000000000444, 0.9249999999999999334 ) ) ;
#532 = ADVANCED_FACE ( 'NONE', ( #1657 ), #1320, .T. ) ;
#533 = CARTESIAN_POINT ( 'NONE',  ( -1.250000000000000222, 0.4500000000000000666, -0.8500000000000003109 ) ) ;
#534 = DIRECTION ( 'NONE',  ( 0.000000000000000000, 0.000000000000000000, -1.000000000000000000 ) ) ;
#535 = EDGE_CURVE ( 'NONE', #1375, #3007, #2535, .T. ) ;
#536 = CARTESIAN_POINT ( 'NONE',  ( 1.250000000000000000, 0.2999999999999999889, 0.9999999999999997780 ) ) ;
#537 = ORIENTED_EDGE ( 'NONE', *, *, #1898, .F. ) ;
#538 = LINE ( 'NONE', #3190, #2928 ) ;
#539 = ORIENTED_EDGE ( 'NONE', *, *, #3057, .F. ) ;
#540 = CARTESIAN_POINT ( 'NONE',  ( -1.250000000000000222, 0.2999999999999999889, 1.000000000000000222 ) ) ;
#541 = EDGE_CURVE ( 'NONE', #3314, #1389, #3096, .T. ) ;
#542 = FACE_OUTER_BOUND ( 'NONE', #2888, .T. ) ;
#543 = CARTESIAN_POINT ( 'NONE',  ( 0.9500000000000011768, 0.5250000000000000222, -0.9499999999999999556 ) ) ;
#544 = VERTEX_POINT ( 'NONE', #3324 ) ;
#545 = LINE ( 'NONE', #2580, #1656 ) ;
#546 = EDGE_LOOP ( 'NONE', ( #1201, #1221, #2132, #3598, #2921, #2314, #3765, #2596, #258 ) ) ;
#547 = DIRECTION ( 'NONE',  ( -0.000000000000000000, 0.000000000000000000, -1.000000000000000000 ) ) ;
#548 = DIRECTION ( 'NONE',  ( 0.000000000000000000, 0.000000000000000000, 1.000000000000000000 ) ) ;
#549 = DIRECTION ( 'NONE',  ( -1.885568995626964040E-16, 0.000000000000000000, 1.000000000000000000 ) ) ;
#550 = ORIENTED_EDGE ( 'NONE', *, *, #2243, .F. ) ;
#551 = EDGE_CURVE ( 'NONE', #46, #1924, #2521, .T. ) ;
#552 = CARTESIAN_POINT ( 'NONE',  ( -0.9500000000000002887, 0.4500000000000000666, -0.9000000000000003553 ) ) ;
#553 = FACE_OUTER_BOUND ( 'NONE', #2943, .T. ) ;
#554 = CARTESIAN_POINT ( 'NONE',  ( 1.250000000000000222, 0.000000000000000000, 1.000000000000000222 ) ) ;
#555 = VECTOR ( 'NONE', #2141, 1000.000000000000000 ) ;
#556 = EDGE_CURVE ( 'NONE', #3741, #3767, #2233, .T. ) ;
#557 = DIRECTION ( 'NONE',  ( -0.000000000000000000, 0.000000000000000000, -1.000000000000000000 ) ) ;
#558 = AXIS2_PLACEMENT_3D ( 'NONE', #2995, #45, #2441 ) ;
#559 = ORIENTED_EDGE ( 'NONE', *, *, #2108, .T. ) ;
#560 = AXIS2_PLACEMENT_3D ( 'NONE', #3048, #1885, #2515 ) ;
#561 = ORIENTED_EDGE ( 'NONE', *, *, #159, .F. ) ;
#562 = DIRECTION ( 'NONE',  ( -0.000000000000000000, 0.000000000000000000, 1.000000000000000000 ) ) ;
#563 = LINE ( 'NONE', #2857, #2691 ) ;
#564 = ORIENTED_EDGE ( 'NONE', *, *, #1890, .F. ) ;
#565 = VECTOR ( 'NONE', #2582, 1000.000000000000000 ) ;
#566 = CARTESIAN_POINT ( 'NONE',  ( 0.9500000000000009548, 0.5500000000000000444, 0.9249999999999999334 ) ) ;
#567 = VERTEX_POINT ( 'NONE', #1942 ) ;
#568 = CIRCLE ( 'NONE', #509, 0.1000000000000002554 ) ;
#569 = CIRCLE ( 'NONE', #1533, 0.1500000000000001887 ) ;
#570 = CARTESIAN_POINT ( 'NONE',  ( 1.200000000000000400, 0.2999999999999999889, 0.8585786437626905521 ) ) ;
#571 = DIRECTION ( 'NONE',  ( 0.000000000000000000, 1.000000000000000000, 0.000000000000000000 ) ) ;
#572 = DIRECTION ( 'NONE',  ( 1.000000000000000000, 0.000000000000000000, 1.885568995626964040E-16 ) ) ;
#573 = VECTOR ( 'NONE', #1260, 1000.000000000000000 ) ;
#574 = COLOUR_RGB ( '',0.2509803921568627416, 0.2509803921568627416, 0.2509803921568627416 ) ;
#575 = ORIENTED_EDGE ( 'NONE', *, *, #1984, .T. ) ;
#576 = AXIS2_PLACEMENT_3D ( 'NONE', #2287, #3456, #2603 ) ;
#577 = PLANE ( 'NONE',  #3486 ) ;
#578 = AXIS2_PLACEMENT_3D ( 'NONE', #1700, #2284, #1977 ) ;
#579 = EDGE_CURVE ( 'NONE', #398, #3169, #503, .T. ) ;
#580 = DIRECTION ( 'NONE',  ( 0.000000000000000000, 0.000000000000000000, -1.000000000000000000 ) ) ;
#581 = AXIS2_PLACEMENT_3D ( 'NONE', #1326, #3004, #3346 ) ;
#582 = ORIENTED_EDGE ( 'NONE', *, *, #2303, .T. ) ;
#583 = CARTESIAN_POINT ( 'NONE',  ( 1.200000000000000400, 0.000000000000000000, -0.8585786437626905521 ) ) ;
#584 = VERTEX_POINT ( 'NONE', #1088 ) ;
#585 = CARTESIAN_POINT ( 'NONE',  ( -1.150000000000000133, 0.5500000000000000444, -0.7000000000000000666 ) ) ;
#586 = PLANE ( 'NONE',  #1841 ) ;
#587 = EDGE_CURVE ( 'NONE', #37, #3259, #717, .T. ) ;
#588 = VERTEX_POINT ( 'NONE', #1305 ) ;
#589 = CARTESIAN_POINT ( 'NONE',  ( -1.250000000000000222, 0.2999999999999999889, 1.000000000000000222 ) ) ;
#590 = ORIENTED_EDGE ( 'NONE', *, *, #831, .T. ) ;
#591 = CARTESIAN_POINT ( 'NONE',  ( 0.000000000000000000, 0.000000000000000000, -0.3500000000000001443 ) ) ;
#592 = DIRECTION ( 'NONE',  ( 1.000000000000000000, -0.000000000000000000, 0.000000000000000000 ) ) ;
#593 = CARTESIAN_POINT ( 'NONE',  ( 1.175000000000000711, 0.5250000000000000222, -0.7000000000000001776 ) ) ;
#594 = EDGE_CURVE ( 'NONE', #1316, #1484, #2310, .T. ) ;
#595 = ORIENTED_EDGE ( 'NONE', *, *, #1066, .F. ) ;
#596 = ADVANCED_FACE ( 'NONE', ( #866 ), #3758, .F. ) ;
#597 = CARTESIAN_POINT ( 'NONE',  ( -1.200000000000000400, 0.2999999999999999889, 0.000000000000000000 ) ) ;
#598 = CARTESIAN_POINT ( 'NONE',  ( -0.9500000000000003997, 0.5250000000000000222, -0.9250000000000002665 ) ) ;
#599 = ORIENTED_EDGE ( 'NONE', *, *, #2731, .F. ) ;
#600 = EDGE_CURVE ( 'NONE', #1688, #902, #3134, .T. ) ;
#601 = CARTESIAN_POINT ( 'NONE',  ( -1.200000000000000400, 0.5500000000000000444, -0.7000000000000001776 ) ) ;
#602 = ORIENTED_EDGE ( 'NONE', *, *, #119, .F. ) ;
#603 = EDGE_CURVE ( 'NONE', #1205, #3705, #232, .T. ) ;
#604 = DIRECTION ( 'NONE',  ( -0.000000000000000000, -1.000000000000000000, 0.000000000000000000 ) ) ;
#605 = CARTESIAN_POINT ( 'NONE',  ( -0.9500000000000002887, 0.4499999999999999001, -0.9000000000000002442 ) ) ;
#606 = EDGE_LOOP ( 'NONE', ( #2907, #3258, #778, #2652 ) ) ;
#607 = CARTESIAN_POINT ( 'NONE',  ( 1.108578643762690774, 0.2999999999999999889, -0.9499999999999997335 ) ) ;
#608 = EDGE_CURVE ( 'NONE', #2240, #644, #1106, .T. ) ;
#609 = CARTESIAN_POINT ( 'NONE',  ( -1.149999999999999911, 0.000000000000000000, -1.000000000000000222 ) ) ;
#610 = LINE ( 'NONE', #1759, #21 ) ;
#611 = ORIENTED_EDGE ( 'NONE', *, *, #1551, .T. ) ;
#612 = ORIENTED_EDGE ( 'NONE', *, *, #507, .T. ) ;
#613 = CARTESIAN_POINT ( 'NONE',  ( 1.175000000000000711, 0.5250000000000000222, 0.6999999999999999556 ) ) ;
#614 = CARTESIAN_POINT ( 'NONE',  ( 1.250000000000000000, 0.2999999999999999889, 0.9999999999999997780 ) ) ;
#615 = CARTESIAN_POINT ( 'NONE',  ( 1.098411528852831776, 0.5499999999999999334, -0.8698879350143330358 ) ) ;
#616 = VERTEX_POINT ( 'NONE', #2308 ) ;
#617 = CARTESIAN_POINT ( 'NONE',  ( 1.250000000000000222, 0.2999999999999999334, -1.000000000000000222 ) ) ;
#618 = ORIENTED_EDGE ( 'NONE', *, *, #3484, .F. ) ;
#619 = DIRECTION ( 'NONE',  ( 0.000000000000000000, -0.000000000000000000, 1.000000000000000000 ) ) ;
#620 = VECTOR ( 'NONE', #1076, 1000.000000000000000 ) ;
#621 = VERTEX_POINT ( 'NONE', #1127 ) ;
#622 = EDGE_CURVE ( 'NONE', #3274, #2113, #1702, .T. ) ;
#623 = PRESENTATION_LAYER_ASSIGNMENT (  '', '', ( #869 ) ) ;
#624 = ORIENTED_EDGE ( 'NONE', *, *, #1368, .F. ) ;
#625 = CARTESIAN_POINT ( 'NONE',  ( 0.9500000000000009548, 0.5500000000000000444, -0.9000000000000002442 ) ) ;
#626 = CARTESIAN_POINT ( 'NONE',  ( 0.9500000000000009548, 0.4500000000000000666, 0.9499999999999998446 ) ) ;
#627 = CIRCLE ( 'NONE', #924, 0.1999999999999999833 ) ;
#628 = DIRECTION ( 'NONE',  ( 1.000000000000000000, 0.000000000000000000, 1.445602896647339163E-16 ) ) ;
#629 = EDGE_LOOP ( 'NONE', ( #1014, #1204, #799, #1115 ) ) ;
#630 = AXIS2_PLACEMENT_3D ( 'NONE', #1396, #1664, #2501 ) ;
#631 = ORIENTED_EDGE ( 'NONE', *, *, #2327, .F. ) ;
#632 = CARTESIAN_POINT ( 'NONE',  ( 0.9500000000000009548, 0.5500000000000000444, -0.9250000000000000444 ) ) ;
#633 = CARTESIAN_POINT ( 'NONE',  ( -3.127924276367432765E-16, 0.2999999999999999334, 0.9500000000000001776 ) ) ;
#634 = PRESENTATION_LAYER_ASSIGNMENT (  '', '', ( #2394 ) ) ;
#635 = DIRECTION ( 'NONE',  ( -0.000000000000000000, -1.000000000000000000, -0.000000000000000000 ) ) ;
#636 = VERTEX_POINT ( 'NONE', #889 ) ;
#637 = CIRCLE ( 'NONE', #81, 0.02499999999999995628 ) ;
#638 = VECTOR ( 'NONE', #109, 1000.000000000000000 ) ;
#639 = DIRECTION ( 'NONE',  ( 0.000000000000000000, 0.000000000000000000, 1.000000000000000000 ) ) ;
#640 = VERTEX_POINT ( 'NONE', #1997 ) ;
#641 = CIRCLE ( 'NONE', #1121, 0.1000000000000000472 ) ;
#642 = DIRECTION ( 'NONE',  ( -0.000000000000000000, -1.000000000000000000, -0.000000000000000000 ) ) ;
#643 = EDGE_CURVE ( 'NONE', #2807, #310, #1393, .T. ) ;
#644 = VERTEX_POINT ( 'NONE', #2037 ) ;
#645 = VERTEX_POINT ( 'NONE', #3150 ) ;
#646 = PLANE ( 'NONE',  #1064 ) ;
#647 = FACE_OUTER_BOUND ( 'NONE', #1464, .T. ) ;
#648 = CYLINDRICAL_SURFACE ( 'NONE', #2211, 0.02500000000000006384 ) ;
#649 = ORIENTED_EDGE ( 'NONE', *, *, #3289, .F. ) ;
#650 = ADVANCED_FACE ( 'NONE', ( #3474 ), #1411, .F. ) ;
#651 = EDGE_LOOP ( 'NONE', ( #1550, #2059, #2191, #1193 ) ) ;
#652 = LINE ( 'NONE', #2984, #446 ) ;
#653 = CARTESIAN_POINT ( 'NONE',  ( 0.000000000000000000, 0.000000000000000000, 0.9500000000000000666 ) ) ;
#654 = CARTESIAN_POINT ( 'NONE',  ( -1.250000000000000222, 0.4500000000000000666, -0.9999999999999997780 ) ) ;
#655 = EDGE_CURVE ( 'NONE', #2902, #1130, #3681, .T. ) ;
#656 = ORIENTED_EDGE ( 'NONE', *, *, #2595, .T. ) ;
#657 = CARTESIAN_POINT ( 'NONE',  ( 0.4500000000000001776, 0.2999999999999999889, -0.3500000000000002554 ) ) ;
#658 = DIRECTION ( 'NONE',  ( 0.000000000000000000, 0.000000000000000000, -1.000000000000000000 ) ) ;
#659 = ORIENTED_EDGE ( 'NONE', *, *, #2155, .F. ) ;
#660 = VERTEX_POINT ( 'NONE', #302 ) ;
#661 = CARTESIAN_POINT ( 'NONE',  ( -1.250000000000000222, 0.000000000000000000, -1.000000000000000222 ) ) ;
#662 = DIRECTION ( 'NONE',  ( -3.292551869860454633E-16, 0.000000000000000000, 1.000000000000000000 ) ) ;
#663 = DIRECTION ( 'NONE',  ( -1.000000000000000000, -0.000000000000000000, 0.000000000000000000 ) ) ;
#664 = ORIENTED_EDGE ( 'NONE', *, *, #655, .T. ) ;
#665 = ORIENTED_EDGE ( 'NONE', *, *, #1090, .F. ) ;
#666 = CARTESIAN_POINT ( 'NONE',  ( 1.100000000000000089, -1.030776406404415146, 1.000000000000000222 ) ) ;
#667 = CARTESIAN_POINT ( 'NONE',  ( 1.200000000000000400, -1.030776406404415146, 0.000000000000000000 ) ) ;
#668 = CARTESIAN_POINT ( 'NONE',  ( 1.045948502581675488, 0.5500000000000000444, -0.9039364903187293576 ) ) ;
#669 = EDGE_CURVE ( 'NONE', #3503, #3601, #2015, .T. ) ;
#670 = ORIENTED_EDGE ( 'NONE', *, *, #2466, .T. ) ;
#671 = LINE ( 'NONE', #1449, #2019 ) ;
#672 = ORIENTED_EDGE ( 'NONE', *, *, #2398, .F. ) ;
#673 = DIRECTION ( 'NONE',  ( 0.000000000000000000, 0.000000000000000000, -1.000000000000000000 ) ) ;
#674 = EDGE_CURVE ( 'NONE', #1183, #2807, #2589, .T. ) ;
#675 = DIRECTION ( 'NONE',  ( 0.000000000000000000, 0.000000000000000000, -1.000000000000000000 ) ) ;
#676 = ORIENTED_EDGE ( 'NONE', *, *, #1313, .T. ) ;
#677 = VECTOR ( 'NONE', #2576, 1000.000000000000000 ) ;
#678 = DIRECTION ( 'NONE',  ( 0.000000000000000000, -1.000000000000000000, 0.000000000000000000 ) ) ;
#679 = CARTESIAN_POINT ( 'NONE',  ( 1.175000000000000711, 0.5500000000000000444, -0.7000000000000000666 ) ) ;
#680 = CARTESIAN_POINT ( 'NONE',  ( -1.200000000000000178, 0.5500000000000000444, 0.6999999999999999556 ) ) ;
#681 = EDGE_LOOP ( 'NONE', ( #1694, #2944, #2153, #735 ) ) ;
#682 = VECTOR ( 'NONE', #463, 1000.000000000000000 ) ;
#683 = FACE_OUTER_BOUND ( 'NONE', #2540, .T. ) ;
#684 = CARTESIAN_POINT ( 'NONE',  ( 1.200000000000000400, 0.000000000000000000, 0.000000000000000000 ) ) ;
#685 = EDGE_CURVE ( 'NONE', #318, #2216, #538, .T. ) ;
#686 = CARTESIAN_POINT ( 'NONE',  ( 0.000000000000000000, 0.2999999999999999889, 0.000000000000000000 ) ) ;
#687 = VECTOR ( 'NONE', #2991, 1000.000000000000000 ) ;
#688 = CARTESIAN_POINT ( 'NONE',  ( -0.4500000000000001776, 0.2999999999999999334, -0.9499999999999999556 ) ) ;
#689 = AXIS2_PLACEMENT_3D ( 'NONE', #3005, #397, #2158 ) ;
#690 = PRESENTATION_STYLE_ASSIGNMENT (( #3445 ) ) ;
#691 = VECTOR ( 'NONE', #2012, 1000.000000000000000 ) ;
#692 = DIRECTION ( 'NONE',  ( -0.000000000000000000, -1.000000000000000000, -0.000000000000000000 ) ) ;
#693 = ORIENTED_EDGE ( 'NONE', *, *, #579, .T. ) ;
#694 =( NAMED_UNIT ( * ) SI_UNIT ( $, .STERADIAN. ) SOLID_ANGLE_UNIT ( ) );
#695 = COLOUR_RGB ( '',0.7921568627450980005, 0.8196078431372548767, 0.9333333333333333481 ) ;
#696 = AXIS2_PLACEMENT_3D ( 'NONE', #2411, #3584, #3288 ) ;
#697 = CARTESIAN_POINT ( 'NONE',  ( 0.4500000000000001776, -1.030776406404415146, 0.3500000000000002554 ) ) ;
#698 = AXIS2_PLACEMENT_3D ( 'NONE', #1229, #897, #945 ) ;
#699 = VERTEX_POINT ( 'NONE', #583 ) ;
#700 = ORIENTED_EDGE ( 'NONE', *, *, #3719, .F. ) ;
#701 = ADVANCED_FACE ( 'NONE', ( #1731 ), #2894, .F. ) ;
#702 = DIRECTION ( 'NONE',  ( 0.000000000000000000, 0.000000000000000000, -1.000000000000000000 ) ) ;
#703 = DIRECTION ( 'NONE',  ( 0.000000000000000000, 0.000000000000000000, 1.000000000000000000 ) ) ;
#704 = MANIFOLD_SOLID_BREP ( 'Boss-Extrude4[4]', #2799 ) ;
#705 = ORIENTED_EDGE ( 'NONE', *, *, #2904, .T. ) ;
#706 = DIRECTION ( 'NONE',  ( -0.000000000000000000, -1.000000000000000000, -0.000000000000000000 ) ) ;
#707 = CARTESIAN_POINT ( 'NONE',  ( 1.081801948466054597, 0.5500000000000000444, 0.9249999999999999334 ) ) ;
#708 = DIRECTION ( 'NONE',  ( 0.000000000000000000, 0.000000000000000000, 1.000000000000000000 ) ) ;
#709 = DIRECTION ( 'NONE',  ( -0.000000000000000000, -1.000000000000000000, -0.000000000000000000 ) ) ;
#710 = FILL_AREA_STYLE ('',( #2184 ) ) ;
#711 = EDGE_CURVE ( 'NONE', #3421, #1016, #2914, .T. ) ;
#712 = DIRECTION ( 'NONE',  ( -1.000000000000000000, 0.000000000000000000, 0.000000000000000000 ) ) ;
#713 = DIRECTION ( 'NONE',  ( 0.000000000000000000, 1.000000000000000000, 0.000000000000000000 ) ) ;
#714 = ORIENTED_EDGE ( 'NONE', *, *, #886, .F. ) ;
#715 = DIRECTION ( 'NONE',  ( 1.445602896647339163E-16, -0.000000000000000000, 1.000000000000000000 ) ) ;
#716 = EDGE_CURVE ( 'NONE', #1944, #3247, #2664, .T. ) ;
#717 = LINE ( 'NONE', #1873, #742 ) ;
#718 = ORIENTED_EDGE ( 'NONE', *, *, #3119, .F. ) ;
#719 = EDGE_CURVE ( 'NONE', #3302, #61, #1824, .T. ) ;
#720 = DIRECTION ( 'NONE',  ( 0.000000000000000000, -0.000000000000000000, 1.000000000000000000 ) ) ;
#721 = FACE_OUTER_BOUND ( 'NONE', #157, .T. ) ;
#722 = LINE ( 'NONE', #3649, #997 ) ;
#723 = DIRECTION ( 'NONE',  ( 0.000000000000000000, 1.000000000000000000, 0.000000000000000000 ) ) ;
#724 = EDGE_LOOP ( 'NONE', ( #1839, #3535, #452, #1623 ) ) ;
#725 = CARTESIAN_POINT ( 'NONE',  ( -1.250000000000000222, -1.030776406404415146, 0.8500000000000000888 ) ) ;
#726 = DIRECTION ( 'NONE',  ( 0.000000000000000000, 1.000000000000000000, 0.000000000000000000 ) ) ;
#727 = FACE_OUTER_BOUND ( 'NONE', #3191, .T. ) ;
#728 = LINE ( 'NONE', #1574, #1365 ) ;
#729 = PLANE ( 'NONE',  #3692 ) ;
#730 = LINE ( 'NONE', #1617, #867 ) ;
#731 = ORIENTED_EDGE ( 'NONE', *, *, #1368, .T. ) ;
#732 = CARTESIAN_POINT ( 'NONE',  ( -0.9500000000000003997, 0.5250000000000000222, -0.9500000000000001776 ) ) ;
#733 = ORIENTED_EDGE ( 'NONE', *, *, #2201, .F. ) ;
#734 = CARTESIAN_POINT ( 'NONE',  ( -0.9500000000000002887, 0.5500000000000000444, 0.9249999999999999334 ) ) ;
#735 = ORIENTED_EDGE ( 'NONE', *, *, #3413, .T. ) ;
#736 = DIRECTION ( 'NONE',  ( 0.000000000000000000, 0.000000000000000000, 1.000000000000000000 ) ) ;
#737 = EDGE_CURVE ( 'NONE', #2621, #644, #1501, .T. ) ;
#738 = DIRECTION ( 'NONE',  ( 0.000000000000000000, 0.000000000000000000, -1.000000000000000000 ) ) ;
#739 = CARTESIAN_POINT ( 'NONE',  ( -1.150000000000000133, 0.5999999999999998668, -0.7000000000000000666 ) ) ;
#740 = ORIENTED_EDGE ( 'NONE', *, *, #2096, .T. ) ;
#741 = DIRECTION ( 'NONE',  ( 0.000000000000000000, 0.000000000000000000, 1.000000000000000000 ) ) ;
#742 = VECTOR ( 'NONE', #138, 1000.000000000000000 ) ;
#743 = CARTESIAN_POINT ( 'NONE',  ( -0.9500000000000002887, 0.5500000000000000444, -0.7000000000000000666 ) ) ;
#744 = VECTOR ( 'NONE', #3457, 1000.000000000000000 ) ;
#745 = FACE_OUTER_BOUND ( 'NONE', #222, .T. ) ;
#746 = DIRECTION ( 'NONE',  ( 1.000000000000000000, -0.000000000000000000, 0.000000000000000000 ) ) ;
#747 = AXIS2_PLACEMENT_3D ( 'NONE', #2258, #3121, #279 ) ;
#748 = PLANE ( 'NONE',  #1600 ) ;
#749 = ORIENTED_EDGE ( 'NONE', *, *, #363, .F. ) ;
#750 = AXIS2_PLACEMENT_3D ( 'NONE', #1286, #780, #1004 ) ;
#751 = AXIS2_PLACEMENT_3D ( 'NONE', #458, #1566, #2116 ) ;
#752 = DIRECTION ( 'NONE',  ( 0.000000000000000000, 0.000000000000000000, -1.000000000000000000 ) ) ;
#753 = ORIENTED_EDGE ( 'NONE', *, *, #3283, .T. ) ;
#754 = AXIS2_PLACEMENT_3D ( 'NONE', #163, #3369, #1023 ) ;
#755 = DIRECTION ( 'NONE',  ( -0.000000000000000000, -1.000000000000000000, -0.000000000000000000 ) ) ;
#756 = EDGE_CURVE ( 'NONE', #1053, #846, #1586, .T. ) ;
#757 = EDGE_CURVE ( 'NONE', #1410, #645, #8, .T. ) ;
#758 = AXIS2_PLACEMENT_3D ( 'NONE', #3575, #95, #55 ) ;
#759 = DIRECTION ( 'NONE',  ( -1.000000000000000000, -0.000000000000000000, -0.000000000000000000 ) ) ;
#760 = DIRECTION ( 'NONE',  ( 1.000000000000000000, 0.000000000000000000, 0.000000000000000000 ) ) ;
#761 = DIRECTION ( 'NONE',  ( 0.000000000000000000, 1.000000000000000000, 0.000000000000000000 ) ) ;
#762 = AXIS2_PLACEMENT_3D ( 'NONE', #2220, #177, #738 ) ;
#763 = VERTEX_POINT ( 'NONE', #2935 ) ;
#764 = DIRECTION ( 'NONE',  ( 0.000000000000000000, -1.000000000000000000, 0.000000000000000000 ) ) ;
#765 = CARTESIAN_POINT ( 'NONE',  ( -1.250000000000000222, 0.2999999999999999889, 0.000000000000000000 ) ) ;
#766 = EDGE_CURVE ( 'NONE', #645, #1431, #2727, .T. ) ;
#767 = UNCERTAINTY_MEASURE_WITH_UNIT (LENGTH_MEASURE( 1.000000000000000082E-05 ), #1746, 'distance_accuracy_value', 'NONE');
#768 = CARTESIAN_POINT ( 'NONE',  ( 0.4500000000000001776, 0.2999999999999999889, 0.9499999999999999556 ) ) ;
#769 = CYLINDRICAL_SURFACE ( 'NONE', #263, 0.1000000000000002554 ) ;
#770 = CARTESIAN_POINT ( 'NONE',  ( -1.200000000000000400, 0.5396446609406727601, -0.8464466094067262247 ) ) ;
#771 = ORIENTED_EDGE ( 'NONE', *, *, #2528, .F. ) ;
#772 = EDGE_CURVE ( 'NONE', #1016, #3460, #3548, .T. ) ;
#773 = EDGE_CURVE ( 'NONE', #2267, #3165, #1769, .T. ) ;
#774 = CARTESIAN_POINT ( 'NONE',  ( -1.086711304052787153, 0.5500000000000001554, 0.8794576681356952585 ) ) ;
#775 = MANIFOLD_SOLID_BREP ( 'Boss-Extrude4[2]', #3231 ) ;
#776 = ORIENTED_EDGE ( 'NONE', *, *, #1937, .F. ) ;
#777 = DIRECTION ( 'NONE',  ( -0.000000000000000000, -0.000000000000000000, 1.000000000000000000 ) ) ;
#778 = ORIENTED_EDGE ( 'NONE', *, *, #551, .T. ) ;
#779 = CARTESIAN_POINT ( 'NONE',  ( 1.250000000000000000, 0.000000000000000000, 0.9999999999999997780 ) ) ;
#780 = DIRECTION ( 'NONE',  ( -0.000000000000000000, -1.000000000000000000, -0.000000000000000000 ) ) ;
#781 = SURFACE_STYLE_USAGE ( .BOTH. , #3390 ) ;
#782 = MANIFOLD_SOLID_BREP ( 'NONE', #3476 ) ;
#783 = ORIENTED_EDGE ( 'NONE', *, *, #2175, .T. ) ;
#784 = CARTESIAN_POINT ( 'NONE',  ( -1.250000000000000222, 0.2999999999999999889, 1.000000000000000222 ) ) ;
#785 = CARTESIAN_POINT ( 'NONE',  ( -1.250000000000000222, 0.2999999999999999889, -0.8500000000000001998 ) ) ;
#786 = DIRECTION ( 'NONE',  ( 1.000000000000000000, -0.000000000000000000, 0.000000000000000000 ) ) ;
#787 = DIRECTION ( 'NONE',  ( 0.000000000000000000, 0.000000000000000000, -1.000000000000000000 ) ) ;
#788 = LINE ( 'NONE', #3397, #1847 ) ;
#789 = ADVANCED_FACE ( 'NONE', ( #331 ), #3596, .T. ) ;
#790 = CARTESIAN_POINT ( 'NONE',  ( 0.000000000000000000, 0.2999999999999999889, 0.000000000000000000 ) ) ;
#791 = ORIENTED_EDGE ( 'NONE', *, *, #766, .T. ) ;
#792 = DIRECTION ( 'NONE',  ( 0.000000000000000000, 1.000000000000000000, 0.000000000000000000 ) ) ;
#793 = ADVANCED_FACE ( 'NONE', ( #1905 ), #2185, .T. ) ;
#794 = VERTEX_POINT ( 'NONE', #1351 ) ;
#795 = DIRECTION ( 'NONE',  ( 0.000000000000000000, -0.000000000000000000, -1.000000000000000000 ) ) ;
#796 = LINE ( 'NONE', #1417, #3688 ) ;
#797 = ORIENTED_EDGE ( 'NONE', *, *, #2531, .T. ) ;
#798 = DIRECTION ( 'NONE',  ( -0.000000000000000000, -1.000000000000000000, 0.000000000000000000 ) ) ;
#799 = ORIENTED_EDGE ( 'NONE', *, *, #986, .T. ) ;
#800 = DIRECTION ( 'NONE',  ( -1.000000000000000000, 0.000000000000000000, 5.706327223607915090E-17 ) ) ;
#801 = DIRECTION ( 'NONE',  ( -0.000000000000000000, -1.000000000000000000, -0.000000000000000000 ) ) ;
#802 = VECTOR ( 'NONE', #3249, 1000.000000000000000 ) ;
#803 = ADVANCED_FACE ( 'NONE', ( #3616 ), #496, .T. ) ;
#804 = CARTESIAN_POINT ( 'NONE',  ( -5.059610138265692495E-17, 0.2999999999999999889, 0.3500000000000003109 ) ) ;
#805 = LINE ( 'NONE', #244, #2939 ) ;
#806 = AXIS2_PLACEMENT_3D ( 'NONE', #3422, #2329, #3211 ) ;
#807 = LINE ( 'NONE', #1961, #3437 ) ;
#808 = ORIENTED_EDGE ( 'NONE', *, *, #478, .F. ) ;
#809 = DIRECTION ( 'NONE',  ( 0.000000000000000000, 1.000000000000000000, 0.000000000000000000 ) ) ;
#810 = AXIS2_PLACEMENT_3D ( 'NONE', #282, #1388, #209 ) ;
#811 = ORIENTED_EDGE ( 'NONE', *, *, #3323, .F. ) ;
#812 = VECTOR ( 'NONE', #1227, 1000.000000000000000 ) ;
#813 = ADVANCED_FACE ( 'NONE', ( #1071 ), #2460, .T. ) ;
#814 = CARTESIAN_POINT ( 'NONE',  ( 1.250000000000000000, 0.2999999999999999889, 0.9999999999999997780 ) ) ;
#815 = VECTOR ( 'NONE', #3631, 1000.000000000000000 ) ;
#816 = CARTESIAN_POINT ( 'NONE',  ( 1.250000000000000222, 0.2999999999999999889, -1.000000000000000222 ) ) ;
#817 = AXIS2_PLACEMENT_3D ( 'NONE', #170, #2742, #1072 ) ;
#818 = EDGE_LOOP ( 'NONE', ( #1081, #1364, #3344, #76 ) ) ;
#819 = CARTESIAN_POINT ( 'NONE',  ( 1.249999999999999778, 0.4500000000000000666, -1.000000000000000000 ) ) ;
#820 = EDGE_LOOP ( 'NONE', ( #429, #3097, #3408, #714 ) ) ;
#821 = CIRCLE ( 'NONE', #1659, 0.1000000000000000472 ) ;
#822 = AXIS2_PLACEMENT_3D ( 'NONE', #3375, #2508, #1067 ) ;
#823 = ADVANCED_FACE ( 'NONE', ( #745 ), #989, .T. ) ;
#824 = ADVANCED_FACE ( 'NONE', ( #3073 ), #1868, .F. ) ;
#825 = DIRECTION ( 'NONE',  ( 0.000000000000000000, 1.000000000000000000, 0.000000000000000000 ) ) ;
#826 = CIRCLE ( 'NONE', #1306, 0.1500000000000001887 ) ;
#827 = FACE_OUTER_BOUND ( 'NONE', #3220, .T. ) ;
#828 = CARTESIAN_POINT ( 'NONE',  ( -1.200000000000000400, 0.5250000000000001332, 0.8464466094067258917 ) ) ;
#829 = DIRECTION ( 'NONE',  ( -0.000000000000000000, 0.000000000000000000, 1.000000000000000000 ) ) ;
#830 = DIRECTION ( 'NONE',  ( -0.000000000000000000, -1.000000000000000000, -0.000000000000000000 ) ) ;
#831 = EDGE_CURVE ( 'NONE', #3085, #447, #730, .T. ) ;
#832 = ORIENTED_EDGE ( 'NONE', *, *, #1392, .F. ) ;
#833 = SURFACE_STYLE_FILL_AREA ( #2250 ) ;
#834 = EDGE_LOOP ( 'NONE', ( #1677, #3744, #2850, #1916 ) ) ;
#835 = DIRECTION ( 'NONE',  ( -1.000000000000000000, -0.000000000000000000, -0.000000000000000000 ) ) ;
#836 = DIRECTION ( 'NONE',  ( 0.000000000000000000, 1.000000000000000000, 0.000000000000000000 ) ) ;
#837 = EDGE_LOOP ( 'NONE', ( #1069, #2215, #740, #530, #42, #1897, #3707, #3662 ) ) ;
#838 = EDGE_CURVE ( 'NONE', #122, #3521, #3676, .T. ) ;
#839 = CARTESIAN_POINT ( 'NONE',  ( 1.149999999999999689, 0.2999999999999999889, -1.000000000000000000 ) ) ;
#840 = EDGE_LOOP ( 'NONE', ( #665, #2791, #1381, #1138 ) ) ;
#841 =( BOUNDED_SURFACE ( )  B_SPLINE_SURFACE ( 3, 3, ( 
 ( #3679, #1052, #2230, #1578 ),
 ( #2209, #3106, #3384, #1030 ),
 ( #448, #1635, #770, #189 ),
 ( #732, #3399, #1318, #2518 ) ),
 .UNSPECIFIED., .F., .F., .T. ) 
 B_SPLINE_SURFACE_WITH_KNOTS ( ( 4, 4 ),
 ( 4, 4 ),
 ( 0.000000000000000000, 1.000000000000000000 ),
 ( 0.000000000000000000, 1.000000000000000000 ),
 .UNSPECIFIED. ) 
 GEOMETRIC_REPRESENTATION_ITEM ( )  RATIONAL_B_SPLINE_SURFACE ( (
 ( 1.000000000000000000, 0.8047378541243651595, 0.8047378541243651595, 1.000000000000000000),
 ( 0.8047378541243628280, 0.6476030138606861941, 0.6476030138606861941, 0.8047378541243628280),
 ( 0.8047378541243628280, 0.6476030138606861941, 0.6476030138606861941, 0.8047378541243628280),
 ( 1.000000000000000000, 0.8047378541243651595, 0.8047378541243651595, 1.000000000000000000) ) ) 
 REPRESENTATION_ITEM ( '' )  SURFACE ( )  );
#842 = CARTESIAN_POINT ( 'NONE',  ( 1.200000000000000844, 0.4500000000000000666, -0.7000000000000001776 ) ) ;
#843 = DIRECTION ( 'NONE',  ( -0.000000000000000000, 0.000000000000000000, 1.000000000000000000 ) ) ;
#844 = DIRECTION ( 'NONE',  ( 1.000000000000000000, 0.000000000000000000, 1.445602896647339163E-16 ) ) ;
#845 = CARTESIAN_POINT ( 'NONE',  ( -0.4500000000000001776, 0.2999999999999999889, 0.000000000000000000 ) ) ;
#846 = VERTEX_POINT ( 'NONE', #112 ) ;
#847 = CARTESIAN_POINT ( 'NONE',  ( 1.150000000000000799, 4.120616373302047997, 0.6999999999999999556 ) ) ;
#848 = ORIENTED_EDGE ( 'NONE', *, *, #1313, .F. ) ;
#849 = DIRECTION ( 'NONE',  ( 0.000000000000000000, 1.000000000000000000, 0.000000000000000000 ) ) ;
#850 = ORIENTED_EDGE ( 'NONE', *, *, #969, .F. ) ;
#851 = VERTEX_POINT ( 'NONE', #768 ) ;
#852 = CARTESIAN_POINT ( 'NONE',  ( 0.9500000000000009548, 0.5500000000000000444, 0.6999999999999999556 ) ) ;
#853 = CARTESIAN_POINT ( 'NONE',  ( 1.175000000000000933, 0.5500000000000000444, -0.8318019484660533758 ) ) ;
#854 = EDGE_LOOP ( 'NONE', ( #693, #550, #520, #3585 ) ) ;
#855 = LINE ( 'NONE', #3781, #382 ) ;
#856 = ORIENTED_EDGE ( 'NONE', *, *, #53, .T. ) ;
#857 = DIRECTION ( 'NONE',  ( 0.000000000000000000, 0.000000000000000000, 1.000000000000000000 ) ) ;
#858 = DIRECTION ( 'NONE',  ( -1.000000000000000000, -0.000000000000000000, 0.000000000000000000 ) ) ;
#859 = ORIENTED_EDGE ( 'NONE', *, *, #2912, .F. ) ;
#860 = EDGE_CURVE ( 'NONE', #1105, #1096, #421, .T. ) ;
#861 = DIRECTION ( 'NONE',  ( 0.000000000000000000, 1.000000000000000000, 0.000000000000000000 ) ) ;
#862 = AXIS2_PLACEMENT_3D ( 'NONE', #1006, #2120, #2161 ) ;
#863 = LINE ( 'NONE', #3440, #2570 ) ;
#864 = LINE ( 'NONE', #2014, #329 ) ;
#865 = AXIS2_PLACEMENT_3D ( 'NONE', #3579, #334, #675 ) ;
#866 = FACE_OUTER_BOUND ( 'NONE', #1874, .T. ) ;
#867 = VECTOR ( 'NONE', #169, 1000.000000000000000 ) ;
#868 = ORIENTED_EDGE ( 'NONE', *, *, #297, .T. ) ;
#869 = STYLED_ITEM ( 'NONE', ( #2477 ), #782 ) ;
#870 = ORIENTED_EDGE ( 'NONE', *, *, #3458, .F. ) ;
#871 = CARTESIAN_POINT ( 'NONE',  ( 0.9500000000000008438, 0.5999999999999998668, -0.9000000000000003553 ) ) ;
#872 = DIRECTION ( 'NONE',  ( 0.000000000000000000, 0.000000000000000000, 1.000000000000000000 ) ) ;
#873 = ORIENTED_EDGE ( 'NONE', *, *, #1045, .T. ) ;
#874 = ADVANCED_FACE ( 'NONE', ( #2796 ), #130, .F. ) ;
#875 = ORIENTED_EDGE ( 'NONE', *, *, #2466, .F. ) ;
#876 = DIRECTION ( 'NONE',  ( 0.000000000000000000, 0.000000000000000000, 1.000000000000000000 ) ) ;
#877 = DIRECTION ( 'NONE',  ( 0.000000000000000000, 0.000000000000000000, -1.000000000000000000 ) ) ;
#878 =( GEOMETRIC_REPRESENTATION_CONTEXT ( 3 ) GLOBAL_UNCERTAINTY_ASSIGNED_CONTEXT ( ( #467 ) ) GLOBAL_UNIT_ASSIGNED_CONTEXT ( ( #2763, #3395, #2475 ) ) REPRESENTATION_CONTEXT ( 'NONE', 'WORKASPACE' ) );
#879 = VECTOR ( 'NONE', #991, 1000.000000000000000 ) ;
#880 = ADVANCED_FACE ( 'NONE', ( #1012 ), #2891, .T. ) ;
#881 = ORIENTED_EDGE ( 'NONE', *, *, #2383, .T. ) ;
#882 = EDGE_LOOP ( 'NONE', ( #559, #346, #3021, #3026 ) ) ;
#883 = CARTESIAN_POINT ( 'NONE',  ( 1.100000000000000089, 0.2999999999999999334, 1.000000000000000222 ) ) ;
#884 = AXIS2_PLACEMENT_3D ( 'NONE', #1369, #2864, #3414 ) ;
#885 = CARTESIAN_POINT ( 'NONE',  ( -1.250000000000000222, -1.030776406404415146, 0.9000000000000002442 ) ) ;
#886 = EDGE_CURVE ( 'NONE', #1718, #1948, #1139, .T. ) ;
#887 = VECTOR ( 'NONE', #777, 1000.000000000000000 ) ;
#888 = ORIENTED_EDGE ( 'NONE', *, *, #2553, .T. ) ;
#889 = CARTESIAN_POINT ( 'NONE',  ( 0.9500000000000009548, 0.5500000000000000444, 0.9000000000000000222 ) ) ;
#890 = ORIENTED_EDGE ( 'NONE', *, *, #757, .F. ) ;
#891 = EDGE_CURVE ( 'NONE', #1375, #1761, #2244, .T. ) ;
#892 = CARTESIAN_POINT ( 'NONE',  ( -0.4500000000000001776, 0.000000000000000000, 0.3500000000000001998 ) ) ;
#893 = CARTESIAN_POINT ( 'NONE',  ( -1.250000000000000222, -1.030776406404415146, -1.000000000000000222 ) ) ;
#894 = ORIENTED_EDGE ( 'NONE', *, *, #3194, .T. ) ;
#895 = ORIENTED_EDGE ( 'NONE', *, *, #217, .F. ) ;
#896 = CARTESIAN_POINT ( 'NONE',  ( -1.200000000000000178, 0.4500000000000000666, 0.6999999999999999556 ) ) ;
#897 = DIRECTION ( 'NONE',  ( 0.000000000000000000, 1.000000000000000000, 0.000000000000000000 ) ) ;
#898 = ORIENTED_EDGE ( 'NONE', *, *, #136, .F. ) ;
#899 = CARTESIAN_POINT ( 'NONE',  ( -1.100000000000000089, 0.2999999999999999889, 1.000000000000000222 ) ) ;
#900 = LINE ( 'NONE', #614, #454 ) ;
#901 = DIRECTION ( 'NONE',  ( 0.000000000000000000, 1.000000000000000000, -0.000000000000000000 ) ) ;
#902 = VERTEX_POINT ( 'NONE', #2305 ) ;
#903 = ADVANCED_FACE ( 'NONE', ( #3127 ), #2779, .T. ) ;
#904 = ORIENTED_EDGE ( 'NONE', *, *, #1684, .F. ) ;
#905 = LINE ( 'NONE', #2334, #677 ) ;
#906 = FACE_OUTER_BOUND ( 'NONE', #1863, .T. ) ;
#907 = EDGE_LOOP ( 'NONE', ( #2413, #3477, #3761, #3243 ) ) ;
#908 = DIRECTION ( 'NONE',  ( 0.000000000000000000, 0.000000000000000000, -1.000000000000000000 ) ) ;
#909 = CARTESIAN_POINT ( 'NONE',  ( 0.9500000000000008438, 0.4499999999999999556, -0.9000000000000003553 ) ) ;
#910 = DIRECTION ( 'NONE',  ( -1.548860246407863336E-16, 0.000000000000000000, -1.000000000000000000 ) ) ;
#911 = ORIENTED_EDGE ( 'NONE', *, *, #89, .F. ) ;
#912 = DIRECTION ( 'NONE',  ( -0.000000000000000000, -1.000000000000000000, -0.000000000000000000 ) ) ;
#913 = DIRECTION ( 'NONE',  ( 0.000000000000000000, -0.000000000000000000, -1.000000000000000000 ) ) ;
#914 = FACE_OUTER_BOUND ( 'NONE', #934, .T. ) ;
#915 = EDGE_LOOP ( 'NONE', ( #51, #312, #2858, #1397 ) ) ;
#916 =( NAMED_UNIT ( * ) PLANE_ANGLE_UNIT ( ) SI_UNIT ( $, .RADIAN. ) );
#917 = ORIENTED_EDGE ( 'NONE', *, *, #3580, .F. ) ;
#918 = CLOSED_SHELL ( 'NONE', ( #3644, #2288, #1604, #2194, #3715, #1500, #323, #824, #303, #596, #3019 ) ) ;
#919 = FACE_OUTER_BOUND ( 'NONE', #629, .T. ) ;
#920 = ORIENTED_EDGE ( 'NONE', *, *, #1086, .T. ) ;
#921 = ADVANCED_FACE ( 'NONE', ( #2033 ), #3730, .T. ) ;
#922 = DIRECTION ( 'NONE',  ( 0.000000000000000000, 0.000000000000000000, -1.000000000000000000 ) ) ;
#923 = DIRECTION ( 'NONE',  ( 0.000000000000000000, 0.000000000000000000, -1.000000000000000000 ) ) ;
#924 = AXIS2_PLACEMENT_3D ( 'NONE', #963, #3589, #38 ) ;
#925 = CARTESIAN_POINT ( 'NONE',  ( -1.175000000000000044, 0.5250000000000000222, -0.6999999999999998446 ) ) ;
#926 = EDGE_LOOP ( 'NONE', ( #868, #1310, #3531, #2841 ) ) ;
#927 = ADVANCED_FACE ( 'NONE', ( #3182 ), #577, .T. ) ;
#928 = CIRCLE ( 'NONE', #1356, 0.1500000000000001887 ) ;
#929 = EDGE_LOOP ( 'NONE', ( #1469, #2365, #733, #972 ) ) ;
#930 = LINE ( 'NONE', #3293, #193 ) ;
#931 = LINE ( 'NONE', #2052, #990 ) ;
#932 = CIRCLE ( 'NONE', #817, 0.1500000000000001887 ) ;
#933 = CARTESIAN_POINT ( 'NONE',  ( -0.9500000000000002887, 0.4500000000000000666, 0.6999999999999999556 ) ) ;
#934 = EDGE_LOOP ( 'NONE', ( #2421, #376, #2915, #1354 ) ) ;
#935 = VECTOR ( 'NONE', #1670, 1000.000000000000000 ) ;
#936 =( LENGTH_UNIT ( ) NAMED_UNIT ( * ) SI_UNIT ( .MILLI., .METRE. ) );
#937 = ORIENTED_EDGE ( 'NONE', *, *, #3140, .T. ) ;
#938 = VECTOR ( 'NONE', #3230, 1000.000000000000000 ) ;
#939 = DIRECTION ( 'NONE',  ( 1.000000000000000000, 0.000000000000000000, 0.000000000000000000 ) ) ;
#940 = DIRECTION ( 'NONE',  ( -1.000000000000000000, 0.000000000000000000, 0.000000000000000000 ) ) ;
#941 = ORIENTED_EDGE ( 'NONE', *, *, #1321, .T. ) ;
#942 = ORIENTED_EDGE ( 'NONE', *, *, #2665, .T. ) ;
#943 = DIRECTION ( 'NONE',  ( -1.000000000000000000, 0.000000000000000000, 3.292551869860454633E-16 ) ) ;
#944 = ADVANCED_FACE ( 'NONE', ( #2322 ), #3492, .F. ) ;
#945 = DIRECTION ( 'NONE',  ( 0.000000000000000000, 0.000000000000000000, 1.000000000000000000 ) ) ;
#946 = ORIENTED_EDGE ( 'NONE', *, *, #3468, .T. ) ;
#947 = ORIENTED_EDGE ( 'NONE', *, *, #2847, .F. ) ;
#948 = DIRECTION ( 'NONE',  ( 0.000000000000000000, -0.000000000000000000, -1.000000000000000000 ) ) ;
#949 = DIRECTION ( 'NONE',  ( -1.000000000000000000, -0.000000000000000000, 0.000000000000000000 ) ) ;
#950 = DIRECTION ( 'NONE',  ( 0.000000000000000000, -0.000000000000000000, 1.000000000000000000 ) ) ;
#951 = ORIENTED_EDGE ( 'NONE', *, *, #1696, .T. ) ;
#952 = EDGE_LOOP ( 'NONE', ( #2170, #2803, #2607, #1505 ) ) ;
#953 = CARTESIAN_POINT ( 'NONE',  ( 1.175000000000000933, 0.5500000000000000444, 0.6999999999999999556 ) ) ;
#954 = CARTESIAN_POINT ( 'NONE',  ( -0.9500000000000001776, 0.5500000000000000444, 0.9000000000000000222 ) ) ;
#955 = VERTEX_POINT ( 'NONE', #883 ) ;
#956 = LINE ( 'NONE', #84, #3365 ) ;
#957 = ADVANCED_FACE ( 'NONE', ( #3207 ), #1673, .T. ) ;
#958 = CARTESIAN_POINT ( 'NONE',  ( 5.059610138265692495E-17, 0.2999999999999999889, 0.3500000000000003109 ) ) ;
#959 = DIRECTION ( 'NONE',  ( -1.445602896647339163E-16, 0.000000000000000000, 1.000000000000000000 ) ) ;
#960 = CARTESIAN_POINT ( 'NONE',  ( 5.059610138265692495E-17, 0.2999999999999999334, -0.3500000000000003109 ) ) ;
#961 = ORIENTED_EDGE ( 'NONE', *, *, #322, .T. ) ;
#962 = CARTESIAN_POINT ( 'NONE',  ( 1.200000000000000400, -1.030776406404415146, -0.8585786437626905521 ) ) ;
#963 = CARTESIAN_POINT ( 'NONE',  ( 0.9500000000000009548, 0.5500000000000000444, 0.6999999999999999556 ) ) ;
#964 = CARTESIAN_POINT ( 'NONE',  ( -1.200000000000000400, 0.000000000000000000, -0.8585786437626905521 ) ) ;
#965 = LINE ( 'NONE', #380, #142 ) ;
#966 = CARTESIAN_POINT ( 'NONE',  ( 1.250000000000000222, 0.2999999999999999889, 1.000000000000000222 ) ) ;
#967 = ORIENTED_EDGE ( 'NONE', *, *, #3341, .T. ) ;
#968 = ADVANCED_FACE ( 'NONE', ( #1957 ), #2816, .F. ) ;
#969 = EDGE_CURVE ( 'NONE', #2002, #3785, #315, .T. ) ;
#970 = DIRECTION ( 'NONE',  ( 0.000000000000000000, 0.000000000000000000, -1.000000000000000000 ) ) ;
#971 = CIRCLE ( 'NONE', #63, 0.1999999999999998723 ) ;
#972 = ORIENTED_EDGE ( 'NONE', *, *, #1031, .T. ) ;
#973 = LINE ( 'NONE', #2537, #887 ) ;
#974 = CIRCLE ( 'NONE', #3424, 0.1000000000000000472 ) ;
#975 = CARTESIAN_POINT ( 'NONE',  ( 1.150000000000000799, 0.5500000000000000444, -0.7000000000000001776 ) ) ;
#976 = DIRECTION ( 'NONE',  ( -0.000000000000000000, 0.000000000000000000, -1.000000000000000000 ) ) ;
#977 = VECTOR ( 'NONE', #1242, 1000.000000000000000 ) ;
#978 = EDGE_CURVE ( 'NONE', #1079, #2971, #2829, .T. ) ;
#979 = EDGE_CURVE ( 'NONE', #1786, #2855, #3438, .T. ) ;
#980 = FACE_OUTER_BOUND ( 'NONE', #3538, .T. ) ;
#981 = ORIENTED_EDGE ( 'NONE', *, *, #2339, .F. ) ;
#982 = CIRCLE ( 'NONE', #2686, 0.2499999999999998890 ) ;
#983 = CARTESIAN_POINT ( 'NONE',  ( -1.250000000000000222, 0.000000000000000000, -0.9000000000000000222 ) ) ;
#984 = PLANE ( 'NONE',  #1465 ) ;
#985 = DIRECTION ( 'NONE',  ( 0.000000000000000000, -0.000000000000000000, -1.000000000000000000 ) ) ;
#986 = EDGE_CURVE ( 'NONE', #2476, #2614, #2377, .T. ) ;
#987 = VECTOR ( 'NONE', #3393, 1000.000000000000000 ) ;
#988 = VECTOR ( 'NONE', #110, 1000.000000000000000 ) ;
#989 = CYLINDRICAL_SURFACE ( 'NONE', #2500, 0.1500000000000001887 ) ;
#990 = VECTOR ( 'NONE', #344, 1000.000000000000000 ) ;
#991 = DIRECTION ( 'NONE',  ( -0.000000000000000000, 0.000000000000000000, 1.000000000000000000 ) ) ;
#992 = ADVANCED_FACE ( 'NONE', ( #3532 ), #1497, .T. ) ;
#993 = CARTESIAN_POINT ( 'NONE',  ( 1.249999999999999778, 0.000000000000000000, -1.000000000000000000 ) ) ;
#994 = ORIENTED_EDGE ( 'NONE', *, *, #1485, .T. ) ;
#995 = CARTESIAN_POINT ( 'NONE',  ( -1.150000000000000133, 4.120616373302047997, -0.7000000000000000666 ) ) ;
#996 = VECTOR ( 'NONE', #1085, 1000.000000000000000 ) ;
#997 = VECTOR ( 'NONE', #3604, 1000.000000000000000 ) ;
#998 = DIRECTION ( 'NONE',  ( 1.000000000000000000, 0.000000000000000000, -5.706327223607915090E-17 ) ) ;
#999 = CIRCLE ( 'NONE', #1481, 0.1500000000000001887 ) ;
#1000 = EDGE_CURVE ( 'NONE', #1133, #2486, #1745, .T. ) ;
#1001 = VERTEX_POINT ( 'NONE', #1457 ) ;
#1002 = CARTESIAN_POINT ( 'NONE',  ( -1.150000000000000133, 0.4500000000000000666, 0.6999999999999999556 ) ) ;
#1003 = FACE_OUTER_BOUND ( 'NONE', #1391, .T. ) ;
#1004 = DIRECTION ( 'NONE',  ( 0.000000000000000000, 0.000000000000000000, -1.000000000000000000 ) ) ;
#1005 = EDGE_LOOP ( 'NONE', ( #356, #1033, #2008, #718 ) ) ;
#1006 = CARTESIAN_POINT ( 'NONE',  ( 0.9500000000000009548, 0.5999999999999998668, -0.7000000000000001776 ) ) ;
#1007 = DIRECTION ( 'NONE',  ( -1.000000000000000000, -0.000000000000000000, -1.445602896647339163E-16 ) ) ;
#1008 = LINE ( 'NONE', #417, #1362 ) ;
#1009 = CYLINDRICAL_SURFACE ( 'NONE', #3443, 0.1500000000000001887 ) ;
#1010 = SHAPE_DEFINITION_REPRESENTATION ( #1608, #3036 ) ;
#1011 = EDGE_CURVE ( 'NONE', #621, #1316, #1803, .T. ) ;
#1012 = FACE_OUTER_BOUND ( 'NONE', #3541, .T. ) ;
#1013 = FILL_AREA_STYLE_COLOUR ( '', #574 ) ;
#1014 = ORIENTED_EDGE ( 'NONE', *, *, #3404, .F. ) ;
#1015 = DIRECTION ( 'NONE',  ( -0.000000000000000000, -1.000000000000000000, -0.000000000000000000 ) ) ;
#1016 = VERTEX_POINT ( 'NONE', #377 ) ;
#1017 = EDGE_CURVE ( 'NONE', #2110, #1990, #982, .T. ) ;
#1018 = CARTESIAN_POINT ( 'NONE',  ( -1.011715150239756555, 0.5500000000000000444, -0.9250000000000002665 ) ) ;
#1019 = VERTEX_POINT ( 'NONE', #2951 ) ;
#1020 = FACE_OUTER_BOUND ( 'NONE', #915, .T. ) ;
#1021 = DIRECTION ( 'NONE',  ( -1.000000000000000000, -0.000000000000000000, 0.000000000000000000 ) ) ;
#1022 = PLANE ( 'NONE',  #2088 ) ;
#1023 = DIRECTION ( 'NONE',  ( 0.000000000000000000, 0.000000000000000000, -1.000000000000000000 ) ) ;
#1024 = ORIENTED_EDGE ( 'NONE', *, *, #1101, .T. ) ;
#1025 = LINE ( 'NONE', #525, #1765 ) ;
#1026 = CARTESIAN_POINT ( 'NONE',  ( 1.189644660940673448, 0.5500000000000000444, 0.7000000000000000666 ) ) ;
#1027 = CYLINDRICAL_SURFACE ( 'NONE', #3627, 0.1999999999999998723 ) ;
#1028 =( NAMED_UNIT ( * ) SI_UNIT ( $, .STERADIAN. ) SOLID_ANGLE_UNIT ( ) );
#1029 = DIRECTION ( 'NONE',  ( 1.000000000000000000, 0.000000000000000000, -8.673617379884035472E-17 ) ) ;
#1030 = CARTESIAN_POINT ( 'NONE',  ( -1.189644660940672782, 0.5500000000000001554, -0.6999999999999999556 ) ) ;
#1031 = EDGE_CURVE ( 'NONE', #72, #1555, #2386, .T. ) ;
#1032 = EDGE_CURVE ( 'NONE', #2621, #2104, #930, .T. ) ;
#1033 = ORIENTED_EDGE ( 'NONE', *, *, #603, .F. ) ;
#1034 = CARTESIAN_POINT ( 'NONE',  ( 1.149999999999999911, 0.4500000000000000666, 1.000000000000000000 ) ) ;
#1035 = ORIENTED_EDGE ( 'NONE', *, *, #200, .F. ) ;
#1036 = EDGE_CURVE ( 'NONE', #1982, #2523, #3275, .T. ) ;
#1037 = CARTESIAN_POINT ( 'NONE',  ( 1.150000000000000799, 0.5500000000000000444, 0.6999999999999999556 ) ) ;
#1038 = CARTESIAN_POINT ( 'NONE',  ( 1.150000000000000799, 0.4499999999999999556, -0.7000000000000001776 ) ) ;
#1039 = EDGE_CURVE ( 'NONE', #1495, #1813, #652, .T. ) ;
#1040 = CARTESIAN_POINT ( 'NONE',  ( -1.100000000000000089, 0.2999999999999999334, -1.000000000000000222 ) ) ;
#1041 = VERTEX_POINT ( 'NONE', #1764 ) ;
#1042 = CARTESIAN_POINT ( 'NONE',  ( -1.200000000000000400, 0.000000000000000000, 0.8585786437626905521 ) ) ;
#1043 = VECTOR ( 'NONE', #809, 1000.000000000000000 ) ;
#1044 = FACE_OUTER_BOUND ( 'NONE', #1744, .T. ) ;
#1045 = EDGE_CURVE ( 'NONE', #955, #122, #2966, .T. ) ;
#1046 = FACE_OUTER_BOUND ( 'NONE', #1005, .T. ) ;
#1047 = EDGE_CURVE ( 'NONE', #1167, #3314, #2361, .T. ) ;
#1048 = VECTOR ( 'NONE', #1216, 1000.000000000000000 ) ;
#1049 = DIRECTION ( 'NONE',  ( 1.000000000000000000, 0.000000000000000000, 1.885568995626964040E-16 ) ) ;
#1050 = CARTESIAN_POINT ( 'NONE',  ( 1.249999999999999778, 0.2999999999999999889, -1.000000000000000000 ) ) ;
#1051 = VECTOR ( 'NONE', #2775, 1000.000000000000000 ) ;
#1052 = CARTESIAN_POINT ( 'NONE',  ( -1.081801948466054153, 0.5500000000000001554, -0.9250000000000000444 ) ) ;
#1053 = VERTEX_POINT ( 'NONE', #3221 ) ;
#1054 = AXIS2_PLACEMENT_3D ( 'NONE', #2557, #3083, #3743 ) ;
#1055 = VECTOR ( 'NONE', #2027, 1000.000000000000000 ) ;
#1056 = DIRECTION ( 'NONE',  ( 0.000000000000000000, 0.000000000000000000, 1.000000000000000000 ) ) ;
#1057 = VERTEX_POINT ( 'NONE', #1234 ) ;
#1058 = AXIS2_PLACEMENT_3D ( 'NONE', #2953, #635, #1214 ) ;
#1059 = VECTOR ( 'NONE', #3551, 1000.000000000000000 ) ;
#1060 = VECTOR ( 'NONE', #858, 1000.000000000000000 ) ;
#1061 = FACE_BOUND ( 'NONE', #3181, .T. ) ;
#1062 = DIRECTION ( 'NONE',  ( 0.000000000000000000, 0.000000000000000000, -1.000000000000000000 ) ) ;
#1063 = FACE_OUTER_BOUND ( 'NONE', #882, .T. ) ;
#1064 = AXIS2_PLACEMENT_3D ( 'NONE', #3567, #1797, #2961 ) ;
#1065 = ORIENTED_EDGE ( 'NONE', *, *, #3459, .F. ) ;
#1066 = EDGE_CURVE ( 'NONE', #1249, #1205, #70, .T. ) ;
#1067 = DIRECTION ( 'NONE',  ( -1.000000000000000000, 0.000000000000000000, -3.292551869860454633E-16 ) ) ;
#1068 = DIRECTION ( 'NONE',  ( 0.000000000000000000, 1.000000000000000000, 0.000000000000000000 ) ) ;
#1069 = ORIENTED_EDGE ( 'NONE', *, *, #286, .T. ) ;
#1070 = ADVANCED_FACE ( 'NONE', ( #299 ), #2703, .T. ) ;
#1071 = FACE_OUTER_BOUND ( 'NONE', #907, .T. ) ;
#1072 = DIRECTION ( 'NONE',  ( 0.000000000000000000, 0.000000000000000000, 1.000000000000000000 ) ) ;
#1073 = ORIENTED_EDGE ( 'NONE', *, *, #1274, .T. ) ;
#1074 = LINE ( 'NONE', #1923, #1355 ) ;
#1075 = ORIENTED_EDGE ( 'NONE', *, *, #1857, .F. ) ;
#1076 = DIRECTION ( 'NONE',  ( -0.000000000000000000, -1.000000000000000000, -0.000000000000000000 ) ) ;
#1077 = ORIENTED_EDGE ( 'NONE', *, *, #1371, .F. ) ;
#1078 = CARTESIAN_POINT ( 'NONE',  ( 1.090380592228745282, 0.5500000000000001554, -0.9396446609406724493 ) ) ;
#1079 = VERTEX_POINT ( 'NONE', #2348 ) ;
#1080 = CARTESIAN_POINT ( 'NONE',  ( 0.4500000000000001776, 0.2999999999999999889, -0.9500000000000000666 ) ) ;
#1081 = ORIENTED_EDGE ( 'NONE', *, *, #3002, .F. ) ;
#1082 = LINE ( 'NONE', #1191, #195 ) ;
#1083 = CARTESIAN_POINT ( 'NONE',  ( -1.200000000000000400, 0.5250000000000000222, 0.6999999999999998446 ) ) ;
#1084 = FILL_AREA_STYLE ('',( #1013 ) ) ;
#1085 = DIRECTION ( 'NONE',  ( -0.000000000000000000, 0.000000000000000000, -1.000000000000000000 ) ) ;
#1086 = EDGE_CURVE ( 'NONE', #851, #2823, #1256, .T. ) ;
#1087 = VERTEX_POINT ( 'NONE', #1179 ) ;
#1088 = CARTESIAN_POINT ( 'NONE',  ( 1.250000000000000000, 0.2999999999999999889, 0.8999999999999998002 ) ) ;
#1089 = ORIENTED_EDGE ( 'NONE', *, *, #2665, .F. ) ;
#1090 = EDGE_CURVE ( 'NONE', #1450, #660, #2105, .T. ) ;
#1091 = EDGE_CURVE ( 'NONE', #1535, #636, #627, .T. ) ;
#1092 = CARTESIAN_POINT ( 'NONE',  ( -0.4500000000000001776, 0.2999999999999999889, -0.3500000000000002554 ) ) ;
#1093 = CARTESIAN_POINT ( 'NONE',  ( 1.200000000000000844, 0.5396446609406726491, -0.7000000000000000666 ) ) ;
#1094 = ORIENTED_EDGE ( 'NONE', *, *, #1903, .T. ) ;
#1095 = DIRECTION ( 'NONE',  ( 0.000000000000000000, 0.000000000000000000, -1.000000000000000000 ) ) ;
#1096 = VERTEX_POINT ( 'NONE', #899 ) ;
#1097 = DIRECTION ( 'NONE',  ( -0.000000000000000000, 0.000000000000000000, -1.000000000000000000 ) ) ;
#1098 = DIRECTION ( 'NONE',  ( 1.000000000000000000, -0.000000000000000000, 0.000000000000000000 ) ) ;
#1099 = VECTOR ( 'NONE', #1376, 1000.000000000000000 ) ;
#1100 = DIRECTION ( 'NONE',  ( -1.445602896647339163E-16, 0.000000000000000000, 1.000000000000000000 ) ) ;
#1101 = EDGE_CURVE ( 'NONE', #1982, #2002, #1290, .T. ) ;
#1102 = DIRECTION ( 'NONE',  ( 0.000000000000000000, 0.000000000000000000, -1.000000000000000000 ) ) ;
#1103 = ORIENTED_EDGE ( 'NONE', *, *, #685, .T. ) ;
#1104 = DIRECTION ( 'NONE',  ( 0.000000000000000000, -0.000000000000000000, 1.000000000000000000 ) ) ;
#1105 = VERTEX_POINT ( 'NONE', #3694 ) ;
#1106 = LINE ( 'NONE', #272, #3357 ) ;
#1107 = VECTOR ( 'NONE', #2263, 1000.000000000000000 ) ;
#1108 = ADVANCED_FACE ( 'NONE', ( #3045 ), #2473, .F. ) ;
#1109 = ORIENTED_EDGE ( 'NONE', *, *, #1946, .T. ) ;
#1110 = VECTOR ( 'NONE', #2810, 1000.000000000000000 ) ;
#1111 = DIRECTION ( 'NONE',  ( -1.000000000000000000, 0.000000000000000000, 0.000000000000000000 ) ) ;
#1112 = ADVANCED_FACE ( 'NONE', ( #416 ), #1196, .T. ) ;
#1113 = VECTOR ( 'NONE', #1611, 1000.000000000000000 ) ;
#1114 = CARTESIAN_POINT ( 'NONE',  ( -1.150000000000000133, -1.030776406404415146, 1.000000000000000222 ) ) ;
#1115 = ORIENTED_EDGE ( 'NONE', *, *, #3607, .T. ) ;
#1116 = CARTESIAN_POINT ( 'NONE',  ( 0.000000000000000000, -1.030776406404415146, -1.000000000000000222 ) ) ;
#1117 = ORIENTED_EDGE ( 'NONE', *, *, #1732, .T. ) ;
#1118 = VECTOR ( 'NONE', #3419, 1000.000000000000000 ) ;
#1119 = PLANE ( 'NONE',  #2749 ) ;
#1120 = PLANE ( 'NONE',  #1303 ) ;
#1121 = AXIS2_PLACEMENT_3D ( 'NONE', #3296, #3088, #480 ) ;
#1122 = PRODUCT_DEFINITION ( 'UNKNOWN', '', #1244, #3594 ) ;
#1123 = DIRECTION ( 'NONE',  ( 1.000000000000000000, 0.000000000000000000, -1.445602896647339163E-16 ) ) ;
#1124 = PLANE ( 'NONE',  #2634 ) ;
#1125 = CYLINDRICAL_SURFACE ( 'NONE', #576, 0.1500000000000001887 ) ;
#1126 = ORIENTED_EDGE ( 'NONE', *, *, #3373, .F. ) ;
#1127 = CARTESIAN_POINT ( 'NONE',  ( 0.9500000000000009548, 0.5500000000000000444, -0.9250000000000000444 ) ) ;
#1128 = ORIENTED_EDGE ( 'NONE', *, *, #1903, .F. ) ;
#1129 = EDGE_CURVE ( 'NONE', #3206, #3210, #151, .T. ) ;
#1130 = VERTEX_POINT ( 'NONE', #1312 ) ;
#1131 = CARTESIAN_POINT ( 'NONE',  ( 0.000000000000000000, 0.2999999999999999889, 0.9499999999999998446 ) ) ;
#1132 = CARTESIAN_POINT ( 'NONE',  ( 0.9500000000000009548, 0.5500000000000000444, 0.9000000000000000222 ) ) ;
#1133 = VERTEX_POINT ( 'NONE', #2142 ) ;
#1134 = DIRECTION ( 'NONE',  ( 1.000000000000000000, 0.000000000000000000, -0.000000000000000000 ) ) ;
#1135 = ORIENTED_EDGE ( 'NONE', *, *, #1486, .F. ) ;
#1136 = CARTESIAN_POINT ( 'NONE',  ( -1.250000000000000222, 0.000000000000000000, 0.8500000000000000888 ) ) ;
#1137 = CARTESIAN_POINT ( 'NONE',  ( 1.200000000000000400, 0.000000000000000000, 0.3500000000000001998 ) ) ;
#1138 = ORIENTED_EDGE ( 'NONE', *, *, #30, .F. ) ;
#1139 = LINE ( 'NONE', #1441, #3111 ) ;
#1140 = DIRECTION ( 'NONE',  ( 0.000000000000000000, 0.000000000000000000, 1.000000000000000000 ) ) ;
#1141 = DIRECTION ( 'NONE',  ( 0.000000000000000000, 0.000000000000000000, -1.000000000000000000 ) ) ;
#1142 = ORIENTED_EDGE ( 'NONE', *, *, #1567, .F. ) ;
#1143 = CARTESIAN_POINT ( 'NONE',  ( 0.9500000000000009548, 0.4500000000000000666, 0.6999999999999999556 ) ) ;
#1144 = ORIENTED_EDGE ( 'NONE', *, *, #600, .F. ) ;
#1145 = CARTESIAN_POINT ( 'NONE',  ( -1.250000000000000222, 0.4500000000000000666, 0.9000000000000001332 ) ) ;
#1146 = CARTESIAN_POINT ( 'NONE',  ( 1.149999999999999911, 0.000000000000000000, -0.9999999999999997780 ) ) ;
#1147 = ORIENTED_EDGE ( 'NONE', *, *, #622, .F. ) ;
#1148 = CARTESIAN_POINT ( 'NONE',  ( -1.150000000000000133, 0.4499999999999999556, -0.7000000000000000666 ) ) ;
#1149 = ORIENTED_EDGE ( 'NONE', *, *, #1701, .F. ) ;
#1150 = FACE_OUTER_BOUND ( 'NONE', #2835, .T. ) ;
#1151 = EDGE_CURVE ( 'NONE', #1688, #660, #1228, .T. ) ;
#1152 = CARTESIAN_POINT ( 'NONE',  ( 1.150000000000000799, 0.5999999999999998668, 0.6999999999999999556 ) ) ;
#1153 = ORIENTED_EDGE ( 'NONE', *, *, #23, .T. ) ;
#1154 = ORIENTED_EDGE ( 'NONE', *, *, #3323, .T. ) ;
#1155 = CARTESIAN_POINT ( 'NONE',  ( -1.090380592228744394, 0.5500000000000000444, 0.9396446609406725603 ) ) ;
#1156 = EDGE_CURVE ( 'NONE', #2971, #37, #1899, .T. ) ;
#1157 = CARTESIAN_POINT ( 'NONE',  ( 1.150000000000000799, 0.5500000000000000444, -0.7000000000000001776 ) ) ;
#1158 = CARTESIAN_POINT ( 'NONE',  ( -1.150000000000000133, 0.4500000000000000666, -0.7000000000000001776 ) ) ;
#1159 = VECTOR ( 'NONE', #253, 1000.000000000000000 ) ;
#1160 = VERTEX_POINT ( 'NONE', #3316 ) ;
#1161 = FILL_AREA_STYLE_COLOUR ( '', #1829 ) ;
#1162 = VECTOR ( 'NONE', #1575, 1000.000000000000000 ) ;
#1163 = ORIENTED_EDGE ( 'NONE', *, *, #3037, .F. ) ;
#1164 = VECTOR ( 'NONE', #358, 1000.000000000000000 ) ;
#1165 = LINE ( 'NONE', #2312, #495 ) ;
#1166 = CARTESIAN_POINT ( 'NONE',  ( -0.9500000000000002887, 0.5999999999999998668, 0.6999999999999999556 ) ) ;
#1167 = VERTEX_POINT ( 'NONE', #3065 ) ;
#1168 = VECTOR ( 'NONE', #3310, 1000.000000000000000 ) ;
#1169 = ORIENTED_EDGE ( 'NONE', *, *, #3413, .F. ) ;
#1170 = CARTESIAN_POINT ( 'NONE',  ( -0.9500000000000002887, 0.5999999999999998668, -0.7000000000000000666 ) ) ;
#1171 = EDGE_CURVE ( 'NONE', #3640, #699, #1917, .T. ) ;
#1172 = COLOUR_RGB ( '',0.9686274509803921573, 0.8784313725490195957, 0.5999999999999999778 ) ;
#1173 = DIRECTION ( 'NONE',  ( -0.000000000000000000, -1.000000000000000000, -0.000000000000000000 ) ) ;
#1174 = DIRECTION ( 'NONE',  ( 0.000000000000000000, 1.000000000000000000, 0.000000000000000000 ) ) ;
#1175 = AXIS2_PLACEMENT_3D ( 'NONE', #500, #1653, #212 ) ;
#1176 = AXIS2_PLACEMENT_3D ( 'NONE', #1476, #2117, #3218 ) ;
#1177 = ADVANCED_FACE ( 'NONE', ( #1613 ), #166, .F. ) ;
#1178 = ORIENTED_EDGE ( 'NONE', *, *, #2687, .F. ) ;
#1179 = CARTESIAN_POINT ( 'NONE',  ( -1.108578643762690552, 0.000000000000000000, 0.9499999999999998446 ) ) ;
#1180 = VECTOR ( 'NONE', #2641, 1000.000000000000000 ) ;
#1181 = DIRECTION ( 'NONE',  ( -1.000000000000000000, -0.000000000000000000, 0.000000000000000000 ) ) ;
#1182 = CARTESIAN_POINT ( 'NONE',  ( -1.200000000000000400, 0.2999999999999999889, 0.000000000000000000 ) ) ;
#1183 = VERTEX_POINT ( 'NONE', #1042 ) ;
#1184 = CARTESIAN_POINT ( 'NONE',  ( 0.9500000000000009548, 0.4500000000000000666, 0.9499999999999999556 ) ) ;
#1185 = ORIENTED_EDGE ( 'NONE', *, *, #3729, .F. ) ;
#1186 = CARTESIAN_POINT ( 'NONE',  ( -0.9500000000000002887, 4.120616373302047997, 0.9000000000000000222 ) ) ;
#1187 = CARTESIAN_POINT ( 'NONE',  ( 1.250000000000000222, 0.2999999999999999889, 0.000000000000000000 ) ) ;
#1188 = ORIENTED_EDGE ( 'NONE', *, *, #3468, .F. ) ;
#1189 = EDGE_LOOP ( 'NONE', ( #2483, #3202, #1401, #2887 ) ) ;
#1190 = CARTESIAN_POINT ( 'NONE',  ( 0.000000000000000000, 0.2999999999999999889, 0.000000000000000000 ) ) ;
#1191 = CARTESIAN_POINT ( 'NONE',  ( -0.4500000000000001776, 0.000000000000000000, 0.000000000000000000 ) ) ;
#1192 = LINE ( 'NONE', #372, #2820 ) ;
#1193 = ORIENTED_EDGE ( 'NONE', *, *, #1336, .T. ) ;
#1194 = DIRECTION ( 'NONE',  ( -0.000000000000000000, -0.000000000000000000, -1.000000000000000000 ) ) ;
#1195 = ADVANCED_FACE ( 'NONE', ( #2792 ), #2200, .T. ) ;
#1196 =( BOUNDED_SURFACE ( )  B_SPLINE_SURFACE ( 3, 3, ( 
 ( #438, #707, #1865, #3653 ),
 ( #1572, #2162, #1557, #1026 ),
 ( #1591, #2738, #1880, #3671 ),
 ( #2223, #2758, #124, #3333 ) ),
 .UNSPECIFIED., .F., .F., .T. ) 
 B_SPLINE_SURFACE_WITH_KNOTS ( ( 4, 4 ),
 ( 4, 4 ),
 ( 0.000000000000000000, 1.000000000000000000 ),
 ( 0.000000000000000000, 1.000000000000000000 ),
 .UNSPECIFIED. ) 
 GEOMETRIC_REPRESENTATION_ITEM ( )  RATIONAL_B_SPLINE_SURFACE ( (
 ( 1.000000000000000000, 0.8047378541243649375, 0.8047378541243649375, 1.000000000000000000),
 ( 0.8047378541243649375, 0.6476030138606876374, 0.6476030138606876374, 0.8047378541243649375),
 ( 0.8047378541243649375, 0.6476030138606876374, 0.6476030138606876374, 0.8047378541243649375),
 ( 1.000000000000000000, 0.8047378541243649375, 0.8047378541243649375, 1.000000000000000000) ) ) 
 REPRESENTATION_ITEM ( '' )  SURFACE ( )  );
#1197 = CARTESIAN_POINT ( 'NONE',  ( 1.175000000000000488, 0.5500000000000000444, -0.7617151502397566665 ) ) ;
#1198 = ORIENTED_EDGE ( 'NONE', *, *, #2078, .F. ) ;
#1199 = DIRECTION ( 'NONE',  ( 0.000000000000000000, 0.000000000000000000, 1.000000000000000000 ) ) ;
#1200 = ADVANCED_FACE ( 'NONE', ( #3010 ), #181, .T. ) ;
#1201 = ORIENTED_EDGE ( 'NONE', *, *, #3580, .T. ) ;
#1202 = DIRECTION ( 'NONE',  ( 0.000000000000000000, 1.000000000000000000, 0.000000000000000000 ) ) ;
#1203 = ADVANCED_FACE ( 'NONE', ( #2722 ), #984, .F. ) ;
#1204 = ORIENTED_EDGE ( 'NONE', *, *, #1339, .F. ) ;
#1205 = VERTEX_POINT ( 'NONE', #3610 ) ;
#1206 = DIRECTION ( 'NONE',  ( -0.000000000000000000, -1.000000000000000000, 0.000000000000000000 ) ) ;
#1207 = CARTESIAN_POINT ( 'NONE',  ( -1.250000000000000222, 0.2999999999999999334, 1.000000000000000222 ) ) ;
#1208 = DIRECTION ( 'NONE',  ( -1.000000000000000000, -0.000000000000000000, -0.000000000000000000 ) ) ;
#1209 = ORIENTED_EDGE ( 'NONE', *, *, #3289, .T. ) ;
#1210 = ORIENTED_EDGE ( 'NONE', *, *, #3327, .F. ) ;
#1211 = ADVANCED_FACE ( 'NONE', ( #1932 ), #1952, .F. ) ;
#1212 = CARTESIAN_POINT ( 'NONE',  ( -1.250000000000000222, 0.4500000000000000666, 0.8500000000000001998 ) ) ;
#1213 = LINE ( 'NONE', #1766, #3189 ) ;
#1214 = DIRECTION ( 'NONE',  ( 0.000000000000000000, 0.000000000000000000, -1.000000000000000000 ) ) ;
#1215 = ORIENTED_EDGE ( 'NONE', *, *, #2155, .T. ) ;
#1216 = DIRECTION ( 'NONE',  ( 0.000000000000000000, 1.000000000000000000, -0.000000000000000000 ) ) ;
#1217 = VERTEX_POINT ( 'NONE', #531 ) ;
#1218 = ADVANCED_FACE ( 'NONE', ( #1722 ), #1669, .F. ) ;
#1219 = CARTESIAN_POINT ( 'NONE',  ( -1.150000000000000133, 0.000000000000000000, 1.000000000000000222 ) ) ;
#1220 = VECTOR ( 'NONE', #849, 1000.000000000000000 ) ;
#1221 = ORIENTED_EDGE ( 'NONE', *, *, #1467, .T. ) ;
#1222 =( GEOMETRIC_REPRESENTATION_CONTEXT ( 3 ) GLOBAL_UNCERTAINTY_ASSIGNED_CONTEXT ( ( #3354 ) ) GLOBAL_UNIT_ASSIGNED_CONTEXT ( ( #3658, #3104, #1028 ) ) REPRESENTATION_CONTEXT ( 'NONE', 'WORKASPACE' ) );
#1223 = EDGE_LOOP ( 'NONE', ( #2055, #487, #1582, #3586 ) ) ;
#1224 = CARTESIAN_POINT ( 'NONE',  ( 1.250000000000000222, 0.2999999999999999889, 1.000000000000000222 ) ) ;
#1225 = ADVANCED_FACE ( 'NONE', ( #1150 ), #1119, .T. ) ;
#1226 = ADVANCED_FACE ( 'NONE', ( #239 ), #516, .F. ) ;
#1227 = DIRECTION ( 'NONE',  ( -0.000000000000000000, -1.000000000000000000, 0.000000000000000000 ) ) ;
#1228 = CIRCLE ( 'NONE', #1772, 0.1500000000000001887 ) ;
#1229 = CARTESIAN_POINT ( 'NONE',  ( 1.250000000000000222, 0.000000000000000000, -1.000000000000000222 ) ) ;
#1230 = EDGE_LOOP ( 'NONE', ( #2550, #512, #3547, #2180, #3273, #3475, #1996, #2464, #920 ) ) ;
#1231 = AXIS2_PLACEMENT_3D ( 'NONE', #3689, #3060, #396 ) ;
#1232 = VECTOR ( 'NONE', #3058, 1000.000000000000000 ) ;
#1233 = ORIENTED_EDGE ( 'NONE', *, *, #1679, .F. ) ;
#1234 = CARTESIAN_POINT ( 'NONE',  ( -1.250000000000000222, 0.2999999999999999334, 0.8500000000000000888 ) ) ;
#1235 = LINE ( 'NONE', #1558, #638 ) ;
#1236 = AXIS2_PLACEMENT_3D ( 'NONE', #490, #2025, #2385 ) ;
#1237 = MECHANICAL_DESIGN_GEOMETRIC_PRESENTATION_REPRESENTATION (  '', ( #3308 ), #511 ) ;
#1238 = LINE ( 'NONE', #2403, #573 ) ;
#1239 = ORIENTED_EDGE ( 'NONE', *, *, #502, .T. ) ;
#1240 = CIRCLE ( 'NONE', #2456, 0.1999999999999999833 ) ;
#1241 = AXIS2_PLACEMENT_3D ( 'NONE', #317, #959, #628 ) ;
#1242 = DIRECTION ( 'NONE',  ( 1.000000000000000000, 0.000000000000000000, -0.000000000000000000 ) ) ;
#1243 = ORIENTED_EDGE ( 'NONE', *, *, #1321, .F. ) ;
#1244 = PRODUCT_DEFINITION_FORMATION_WITH_SPECIFIED_SOURCE ( 'ANY', '', #3381, .NOT_KNOWN. ) ;
#1245 = CIRCLE ( 'NONE', #1231, 0.1500000000000001887 ) ;
#1246 = DIRECTION ( 'NONE',  ( 1.000000000000000000, 0.000000000000000000, -0.000000000000000000 ) ) ;
#1247 = EDGE_CURVE ( 'NONE', #2523, #3135, #2199, .T. ) ;
#1248 = CYLINDRICAL_SURFACE ( 'NONE', #865, 0.1500000000000001887 ) ;
#1249 = VERTEX_POINT ( 'NONE', #2828 ) ;
#1250 = DIRECTION ( 'NONE',  ( -0.000000000000000000, -1.000000000000000000, -0.000000000000000000 ) ) ;
#1251 = CARTESIAN_POINT ( 'NONE',  ( -1.200000000000000400, 0.2999999999999999889, 0.000000000000000000 ) ) ;
#1252 = PLANE ( 'NONE',  #696 ) ;
#1253 = DIRECTION ( 'NONE',  ( 0.000000000000000000, 1.000000000000000000, 0.000000000000000000 ) ) ;
#1254 = ORIENTED_EDGE ( 'NONE', *, *, #2398, .T. ) ;
#1255 = LINE ( 'NONE', #1275, #121 ) ;
#1256 = LINE ( 'NONE', #2625, #2262 ) ;
#1257 = DIRECTION ( 'NONE',  ( -1.000000000000000000, -0.000000000000000000, 0.000000000000000000 ) ) ;
#1258 = EDGE_CURVE ( 'NONE', #3055, #2404, #3241, .T. ) ;
#1259 = EDGE_CURVE ( 'NONE', #2710, #1621, #1589, .T. ) ;
#1260 = DIRECTION ( 'NONE',  ( -0.000000000000000000, 0.000000000000000000, 1.000000000000000000 ) ) ;
#1261 = ORIENTED_EDGE ( 'NONE', *, *, #2509, .F. ) ;
#1262 = UNCERTAINTY_MEASURE_WITH_UNIT (LENGTH_MEASURE( 1.000000000000000082E-05 ), #2990, 'distance_accuracy_value', 'NONE');
#1263 = DIRECTION ( 'NONE',  ( 0.000000000000000000, 0.000000000000000000, -1.000000000000000000 ) ) ;
#1264 = ORIENTED_EDGE ( 'NONE', *, *, #3595, .F. ) ;
#1265 = CARTESIAN_POINT ( 'NONE',  ( 1.119887935014337144, 0.5499999999999999334, 0.8484115288528283338 ) ) ;
#1266 = CYLINDRICAL_SURFACE ( 'NONE', #1522, 0.1500000000000001887 ) ;
#1267 = EDGE_CURVE ( 'NONE', #2902, #1535, #1402, .T. ) ;
#1268 = ORIENTED_EDGE ( 'NONE', *, *, #2889, .T. ) ;
#1269 = CARTESIAN_POINT ( 'NONE',  ( 1.108578643762690552, 0.000000000000000000, -0.9499999999999998446 ) ) ;
#1270 = CARTESIAN_POINT ( 'NONE',  ( 1.250000000000000000, 0.4500000000000000666, -0.9000000000000000222 ) ) ;
#1271 = DIRECTION ( 'NONE',  ( -1.000000000000000000, 0.000000000000000000, 1.445602896647339163E-16 ) ) ;
#1272 = DIRECTION ( 'NONE',  ( 0.000000000000000000, -0.000000000000000000, 1.000000000000000000 ) ) ;
#1273 = EDGE_LOOP ( 'NONE', ( #961, #2659, #2846, #942 ) ) ;
#1274 = EDGE_CURVE ( 'NONE', #2486, #1602, #2560, .T. ) ;
#1275 = CARTESIAN_POINT ( 'NONE',  ( -1.100000000000000089, -1.030776406404415146, -1.000000000000000222 ) ) ;
#1276 = DIRECTION ( 'NONE',  ( -1.000000000000000000, 0.000000000000000000, 0.000000000000000000 ) ) ;
#1277 = CARTESIAN_POINT ( 'NONE',  ( 0.4500000000000001776, 0.000000000000000000, 0.3500000000000002554 ) ) ;
#1278 = DIRECTION ( 'NONE',  ( 0.000000000000000000, 1.000000000000000000, 0.000000000000000000 ) ) ;
#1279 = CARTESIAN_POINT ( 'NONE',  ( 0.000000000000000000, 0.4500000000000000666, 0.000000000000000000 ) ) ;
#1280 = ORIENTED_EDGE ( 'NONE', *, *, #2440, .F. ) ;
#1281 = DIRECTION ( 'NONE',  ( 1.000000000000000000, 0.000000000000000000, 0.000000000000000000 ) ) ;
#1282 = FACE_OUTER_BOUND ( 'NONE', #1327, .T. ) ;
#1283 = ORIENTED_EDGE ( 'NONE', *, *, #838, .T. ) ;
#1284 = VECTOR ( 'NONE', #2112, 1000.000000000000000 ) ;
#1285 = DIRECTION ( 'NONE',  ( 0.000000000000000000, 0.000000000000000000, -1.000000000000000000 ) ) ;
#1286 = CARTESIAN_POINT ( 'NONE',  ( -1.250000000000000222, 0.4500000000000000666, 1.000000000000000222 ) ) ;
#1287 = STYLED_ITEM ( 'NONE', ( #690 ), #704 ) ;
#1288 = CARTESIAN_POINT ( 'NONE',  ( -1.250000000000000222, -1.030776406404415146, -0.8500000000000000888 ) ) ;
#1289 = ORIENTED_EDGE ( 'NONE', *, *, #428, .F. ) ;
#1290 = CIRCLE ( 'NONE', #2324, 0.02500000000000006384 ) ;
#1291 = CARTESIAN_POINT ( 'NONE',  ( -1.250000000000000222, 0.2999999999999999889, 0.9000000000000001332 ) ) ;
#1292 = CARTESIAN_POINT ( 'NONE',  ( -5.059610138265692495E-17, 0.2999999999999999334, 0.3500000000000003109 ) ) ;
#1293 = DIRECTION ( 'NONE',  ( 0.000000000000000000, 0.000000000000000000, 1.000000000000000000 ) ) ;
#1294 = CARTESIAN_POINT ( 'NONE',  ( 1.149999999999999911, -1.030776406404415146, 1.000000000000000222 ) ) ;
#1295 = VECTOR ( 'NONE', #2656, 1000.000000000000000 ) ;
#1296 = SURFACE_STYLE_FILL_AREA ( #710 ) ;
#1297 = CARTESIAN_POINT ( 'NONE',  ( -1.885568995626964780E-16, 0.000000000000000000, 1.000000000000000000 ) ) ;
#1298 = VECTOR ( 'NONE', #2492, 1000.000000000000000 ) ;
#1299 = CYLINDRICAL_SURFACE ( 'NONE', #1361, 0.1500000000000001887 ) ;
#1300 = ORIENTED_EDGE ( 'NONE', *, *, #669, .T. ) ;
#1301 = CARTESIAN_POINT ( 'NONE',  ( -0.4500000000000001776, 0.2999999999999999889, 0.000000000000000000 ) ) ;
#1302 = VECTOR ( 'NONE', #1427, 1000.000000000000000 ) ;
#1303 = AXIS2_PLACEMENT_3D ( 'NONE', #1385, #2544, #548 ) ;
#1304 = ORIENTED_EDGE ( 'NONE', *, *, #3131, .F. ) ;
#1305 = CARTESIAN_POINT ( 'NONE',  ( -1.150000000000000355, 0.2999999999999999889, -0.9999999999999997780 ) ) ;
#1306 = AXIS2_PLACEMENT_3D ( 'NONE', #1224, #351, #1507 ) ;
#1307 = EDGE_LOOP ( 'NONE', ( #2333, #911, #1319, #522 ) ) ;
#1308 = CARTESIAN_POINT ( 'NONE',  ( 0.000000000000000000, 0.2999999999999999889, 0.9500000000000000666 ) ) ;
#1309 = DIRECTION ( 'NONE',  ( -0.000000000000000000, -1.000000000000000000, -0.000000000000000000 ) ) ;
#1310 = ORIENTED_EDGE ( 'NONE', *, *, #2369, .T. ) ;
#1311 = LINE ( 'NONE', #3588, #247 ) ;
#1312 = CARTESIAN_POINT ( 'NONE',  ( 0.9500000000000009548, 0.4500000000000000666, 0.9000000000000000222 ) ) ;
#1313 = EDGE_CURVE ( 'NONE', #2237, #3200, #3746, .T. ) ;
#1314 = CARTESIAN_POINT ( 'NONE',  ( -1.100000000000000089, -1.030776406404415146, 1.000000000000000222 ) ) ;
#1315 = CARTESIAN_POINT ( 'NONE',  ( 1.108578643762690552, 0.2999999999999999889, -0.9499999999999998446 ) ) ;
#1316 = VERTEX_POINT ( 'NONE', #3434 ) ;
#1317 = CARTESIAN_POINT ( 'NONE',  ( 0.4500000000000001776, -1.030776406404415146, -0.3500000000000002554 ) ) ;
#1318 = CARTESIAN_POINT ( 'NONE',  ( -1.200000000000000400, 0.5250000000000001332, -0.8464466094067264468 ) ) ;
#1319 = ORIENTED_EDGE ( 'NONE', *, *, #355, .F. ) ;
#1320 = CYLINDRICAL_SURFACE ( 'NONE', #1460, 0.1999999999999998723 ) ;
#1321 = EDGE_CURVE ( 'NONE', #3421, #1531, #2283, .T. ) ;
#1322 = ORIENTED_EDGE ( 'NONE', *, *, #1518, .T. ) ;
#1323 = EDGE_CURVE ( 'NONE', #763, #3274, #3453, .T. ) ;
#1324 = EDGE_CURVE ( 'NONE', #105, #229, #2863, .T. ) ;
#1325 = DIRECTION ( 'NONE',  ( 0.000000000000000000, 1.000000000000000000, -0.000000000000000000 ) ) ;
#1326 = CARTESIAN_POINT ( 'NONE',  ( 0.9500000000000009548, 0.4500000000000000666, -0.7000000000000001776 ) ) ;
#1327 = EDGE_LOOP ( 'NONE', ( #3709, #374, #3306, #2699 ) ) ;
#1328 = CARTESIAN_POINT ( 'NONE',  ( 0.000000000000000000, 0.000000000000000000, 0.000000000000000000 ) ) ;
#1329 = CYLINDRICAL_SURFACE ( 'NONE', #2273, 0.2499999999999998890 ) ;
#1330 = CARTESIAN_POINT ( 'NONE',  ( -0.9500000000000002887, 0.5500000000000000444, 0.9499999999999999556 ) ) ;
#1331 = PRESENTATION_STYLE_ASSIGNMENT (( #3353 ) ) ;
#1332 = SURFACE_STYLE_FILL_AREA ( #2227 ) ;
#1333 = DIRECTION ( 'NONE',  ( 0.000000000000000000, -0.000000000000000000, 1.000000000000000000 ) ) ;
#1334 = PLANE ( 'NONE',  #3626 ) ;
#1335 = ORIENTED_EDGE ( 'NONE', *, *, #2049, .F. ) ;
#1336 = EDGE_CURVE ( 'NONE', #2729, #2837, #260, .T. ) ;
#1337 = CARTESIAN_POINT ( 'NONE',  ( -0.9500000000000002887, 4.120616373302047997, -0.7000000000000000666 ) ) ;
#1338 = VERTEX_POINT ( 'NONE', #1136 ) ;
#1339 = EDGE_CURVE ( 'NONE', #2476, #3398, #928, .T. ) ;
#1340 = EDGE_LOOP ( 'NONE', ( #1756, #776, #1413, #3174 ) ) ;
#1341 = CARTESIAN_POINT ( 'NONE',  ( 1.189644660940673448, 0.5500000000000000444, -0.7000000000000000666 ) ) ;
#1342 = DIRECTION ( 'NONE',  ( 0.000000000000000000, 0.000000000000000000, 1.000000000000000000 ) ) ;
#1343 = LINE ( 'NONE', #1382, #2938 ) ;
#1344 = VECTOR ( 'NONE', #3448, 1000.000000000000000 ) ;
#1345 = ORIENTED_EDGE ( 'NONE', *, *, #1091, .T. ) ;
#1346 = CARTESIAN_POINT ( 'NONE',  ( 3.127924276367432765E-16, 0.2999999999999999889, 0.9500000000000001776 ) ) ;
#1347 = AXIS2_PLACEMENT_3D ( 'NONE', #3168, #24, #1707 ) ;
#1348 = DIRECTION ( 'NONE',  ( -0.000000000000000000, -1.000000000000000000, -0.000000000000000000 ) ) ;
#1349 = DIRECTION ( 'NONE',  ( 0.000000000000000000, 0.000000000000000000, 1.000000000000000000 ) ) ;
#1350 = VECTOR ( 'NONE', #547, 1000.000000000000000 ) ;
#1351 = CARTESIAN_POINT ( 'NONE',  ( 1.200000000000000400, 0.000000000000000000, -0.3500000000000001998 ) ) ;
#1352 = FACE_OUTER_BOUND ( 'NONE', #2050, .T. ) ;
#1353 = CARTESIAN_POINT ( 'NONE',  ( -1.200000000000000400, 0.2999999999999999889, 0.8585786437626905521 ) ) ;
#1354 = ORIENTED_EDGE ( 'NONE', *, *, #155, .F. ) ;
#1355 = VECTOR ( 'NONE', #3620, 1000.000000000000000 ) ;
#1356 = AXIS2_PLACEMENT_3D ( 'NONE', #784, #2300, #3102 ) ;
#1357 = CARTESIAN_POINT ( 'NONE',  ( -0.9789598205737597425, 0.5500000000000001554, 0.9250000000000001554 ) ) ;
#1358 = EDGE_CURVE ( 'NONE', #2732, #3062, #3467, .T. ) ;
#1359 = ORIENTED_EDGE ( 'NONE', *, *, #2362, .T. ) ;
#1360 = AXIS2_PLACEMENT_3D ( 'NONE', #654, #1514, #2364 ) ;
#1361 = AXIS2_PLACEMENT_3D ( 'NONE', #3338, #3383, #2818 ) ;
#1362 = VECTOR ( 'NONE', #3672, 1000.000000000000000 ) ;
#1363 = DIRECTION ( 'NONE',  ( 0.000000000000000000, -1.000000000000000000, 0.000000000000000000 ) ) ;
#1364 = ORIENTED_EDGE ( 'NONE', *, *, #2754, .F. ) ;
#1365 = VECTOR ( 'NONE', #2778, 1000.000000000000000 ) ;
#1366 = ORIENTED_EDGE ( 'NONE', *, *, #1371, .T. ) ;
#1367 = CARTESIAN_POINT ( 'NONE',  ( -0.9500000000000002887, 0.4499999999999999001, -0.7000000000000000666 ) ) ;
#1368 = EDGE_CURVE ( 'NONE', #1761, #3359, #1959, .T. ) ;
#1369 = CARTESIAN_POINT ( 'NONE',  ( 0.9500000000000009548, 0.5250000000000000222, 0.9249999999999999334 ) ) ;
#1370 = CARTESIAN_POINT ( 'NONE',  ( -1.096446609406726669, 0.5250000000000001332, 0.9499999999999997335 ) ) ;
#1371 = EDGE_CURVE ( 'NONE', #2036, #1079, #1082, .T. ) ;
#1372 = EDGE_CURVE ( 'NONE', #3169, #1087, #2566, .T. ) ;
#1373 = DIRECTION ( 'NONE',  ( 0.000000000000000000, 1.000000000000000000, 0.000000000000000000 ) ) ;
#1374 = CARTESIAN_POINT ( 'NONE',  ( -3.127924276367432765E-16, 0.2999999999999999889, -0.9500000000000001776 ) ) ;
#1375 = VERTEX_POINT ( 'NONE', #909 ) ;
#1376 = DIRECTION ( 'NONE',  ( 1.000000000000000000, 0.000000000000000000, -0.000000000000000000 ) ) ;
#1377 = ORIENTED_EDGE ( 'NONE', *, *, #3768, .T. ) ;
#1378 = EDGE_CURVE ( 'NONE', #3154, #501, #3433, .T. ) ;
#1379 = VERTEX_POINT ( 'NONE', #3529 ) ;
#1380 = FACE_OUTER_BOUND ( 'NONE', #3645, .T. ) ;
#1381 = ORIENTED_EDGE ( 'NONE', *, *, #1358, .T. ) ;
#1382 = CARTESIAN_POINT ( 'NONE',  ( 1.250000000000000000, 0.2999999999999999889, 0.9999999999999997780 ) ) ;
#1383 = ORIENTED_EDGE ( 'NONE', *, *, #1770, .T. ) ;
#1384 = DIRECTION ( 'NONE',  ( 0.000000000000000000, 0.000000000000000000, -1.000000000000000000 ) ) ;
#1385 = CARTESIAN_POINT ( 'NONE',  ( 0.4500000000000001776, 0.2999999999999999889, 0.000000000000000000 ) ) ;
#1386 = ORIENTED_EDGE ( 'NONE', *, *, #1406, .T. ) ;
#1387 = EDGE_CURVE ( 'NONE', #2321, #3302, #293, .T. ) ;
#1388 = DIRECTION ( 'NONE',  ( -0.000000000000000000, -1.000000000000000000, -0.000000000000000000 ) ) ;
#1389 = VERTEX_POINT ( 'NONE', #314 ) ;
#1390 = CARTESIAN_POINT ( 'NONE',  ( 1.108578643762690552, 0.000000000000000000, 0.9499999999999998446 ) ) ;
#1391 = EDGE_LOOP ( 'NONE', ( #3125, #3215, #2646, #1456 ) ) ;
#1392 = EDGE_CURVE ( 'NONE', #1338, #3651, #2343, .T. ) ;
#1393 = LINE ( 'NONE', #1462, #744 ) ;
#1394 = ORIENTED_EDGE ( 'NONE', *, *, #2561, .T. ) ;
#1395 = CARTESIAN_POINT ( 'NONE',  ( -1.175000000000000266, 0.5250000000000000222, 0.6999999999999998446 ) ) ;
#1396 = CARTESIAN_POINT ( 'NONE',  ( 3.127924276367432765E-16, 0.2999999999999999889, -0.9500000000000001776 ) ) ;
#1397 = ORIENTED_EDGE ( 'NONE', *, *, #1017, .T. ) ;
#1398 = EDGE_CURVE ( 'NONE', #851, #3601, #2643, .T. ) ;
#1399 = CYLINDRICAL_SURFACE ( 'NONE', #1054, 0.02499999999999995628 ) ;
#1400 = ORIENTED_EDGE ( 'NONE', *, *, #2712, .T. ) ;
#1401 = ORIENTED_EDGE ( 'NONE', *, *, #3186, .F. ) ;
#1402 = LINE ( 'NONE', #205, #565 ) ;
#1403 = EDGE_CURVE ( 'NONE', #61, #1565, #1798, .T. ) ;
#1404 = DIRECTION ( 'NONE',  ( -0.000000000000000000, -1.000000000000000000, -0.000000000000000000 ) ) ;
#1405 = DIRECTION ( 'NONE',  ( 0.000000000000000000, 1.000000000000000000, 0.000000000000000000 ) ) ;
#1406 = EDGE_CURVE ( 'NONE', #3210, #1688, #3232, .T. ) ;
#1407 = ORIENTED_EDGE ( 'NONE', *, *, #3405, .T. ) ;
#1408 = MECHANICAL_DESIGN_GEOMETRIC_PRESENTATION_REPRESENTATION (  '', ( #1287 ), #3298 ) ;
#1409 = CARTESIAN_POINT ( 'NONE',  ( 1.200000000000000400, 0.2999999999999999889, -0.8585786437626905521 ) ) ;
#1410 = VERTEX_POINT ( 'NONE', #896 ) ;
#1411 = CYLINDRICAL_SURFACE ( 'NONE', #1347, 0.1000000000000002554 ) ;
#1412 = VECTOR ( 'NONE', #2087, 1000.000000000000000 ) ;
#1413 = ORIENTED_EDGE ( 'NONE', *, *, #1631, .T. ) ;
#1414 = VECTOR ( 'NONE', #1173, 1000.000000000000000 ) ;
#1415 = LINE ( 'NONE', #2609, #3051 ) ;
#1416 =( GEOMETRIC_REPRESENTATION_CONTEXT ( 3 ) GLOBAL_UNCERTAINTY_ASSIGNED_CONTEXT ( ( #2126 ) ) GLOBAL_UNIT_ASSIGNED_CONTEXT ( ( #2901, #77, #3018 ) ) REPRESENTATION_CONTEXT ( 'NONE', 'WORKASPACE' ) );
#1417 = CARTESIAN_POINT ( 'NONE',  ( 0.9500000000000009548, 4.120616373302047997, 0.9000000000000000222 ) ) ;
#1418 = CARTESIAN_POINT ( 'NONE',  ( -1.250000000000000222, 0.000000000000000000, -0.8500000000000001998 ) ) ;
#1419 = VECTOR ( 'NONE', #2035, 1000.000000000000000 ) ;
#1420 = VECTOR ( 'NONE', #571, 1000.000000000000000 ) ;
#1421 = DIRECTION ( 'NONE',  ( 6.123233995736766036E-17, 0.000000000000000000, -1.000000000000000000 ) ) ;
#1422 = LINE ( 'NONE', #1723, #1601 ) ;
#1423 = VECTOR ( 'NONE', #3471, 1000.000000000000000 ) ;
#1424 = FACE_OUTER_BOUND ( 'NONE', #98, .T. ) ;
#1425 = DIRECTION ( 'NONE',  ( 0.000000000000000000, 1.000000000000000000, 0.000000000000000000 ) ) ;
#1426 =( NAMED_UNIT ( * ) SI_UNIT ( $, .STERADIAN. ) SOLID_ANGLE_UNIT ( ) );
#1427 = DIRECTION ( 'NONE',  ( 1.000000000000000000, 0.000000000000000000, 0.000000000000000000 ) ) ;
#1428 = ORIENTED_EDGE ( 'NONE', *, *, #3078, .T. ) ;
#1429 = CARTESIAN_POINT ( 'NONE',  ( 0.000000000000000000, 0.000000000000000000, 0.9499999999999998446 ) ) ;
#1430 = ORIENTED_EDGE ( 'NONE', *, *, #1039, .T. ) ;
#1431 = VERTEX_POINT ( 'NONE', #626 ) ;
#1432 = EDGE_CURVE ( 'NONE', #2174, #2707, #3745, .T. ) ;
#1433 = CARTESIAN_POINT ( 'NONE',  ( 3.127924276367432765E-16, -1.030776406404415146, -0.9500000000000001776 ) ) ;
#1434 = DIRECTION ( 'NONE',  ( 0.000000000000000000, 1.000000000000000000, 0.000000000000000000 ) ) ;
#1435 = VERTEX_POINT ( 'NONE', #3271 ) ;
#1436 = CARTESIAN_POINT ( 'NONE',  ( 1.065943388777521372, 0.5499999999999999334, 0.9018490134235516154 ) ) ;
#1437 = EDGE_CURVE ( 'NONE', #3210, #3737, #3510, .T. ) ;
#1438 = CARTESIAN_POINT ( 'NONE',  ( 0.9500000000000009548, 0.4499999999999999001, 0.6999999999999999556 ) ) ;
#1439 = B_SPLINE_CURVE_WITH_KNOTS ( 'NONE', 3,
 ( #2053, #1197, #1459, #615, #3242, #1767, #668, #2067, #1821, #2987 ),
 .UNSPECIFIED., .F., .F.,
 ( 4, 2, 2, 2, 4 ),
 ( 0.000000000000000000, 0.5000000000000004441, 0.6250000000000003331, 0.7500000000000002220, 1.000000000000000000 ),
 .UNSPECIFIED. ) ;
#1440 = CARTESIAN_POINT ( 'NONE',  ( 1.250000000000000222, 0.2999999999999999334, -0.9000000000000000222 ) ) ;
#1441 = CARTESIAN_POINT ( 'NONE',  ( -0.9500000000000002887, 0.5999999999999998668, 0.9000000000000002442 ) ) ;
#1442 = DIRECTION ( 'NONE',  ( 0.000000000000000000, 0.000000000000000000, 1.000000000000000000 ) ) ;
#1443 = LINE ( 'NONE', #3733, #1419 ) ;
#1444 = ORIENTED_EDGE ( 'NONE', *, *, #3022, .F. ) ;
#1445 = CARTESIAN_POINT ( 'NONE',  ( -1.065943388777487177, 0.5500000000000002665, -0.9018490134235895850 ) ) ;
#1446 = ORIENTED_EDGE ( 'NONE', *, *, #2190, .F. ) ;
#1447 = ADVANCED_FACE ( 'NONE', ( #647 ), #1741, .F. ) ;
#1448 = DIRECTION ( 'NONE',  ( 1.000000000000000000, 0.000000000000000000, 1.445602896647339163E-16 ) ) ;
#1449 = CARTESIAN_POINT ( 'NONE',  ( 0.9500000000000009548, 0.5250000000000000222, -0.9500000000000000666 ) ) ;
#1450 = VERTEX_POINT ( 'NONE', #609 ) ;
#1451 = EDGE_CURVE ( 'NONE', #3206, #3212, #1758, .T. ) ;
#1452 = ORIENTED_EDGE ( 'NONE', *, *, #3107, .T. ) ;
#1453 = CARTESIAN_POINT ( 'NONE',  ( -1.100000000000000089, 0.2999999999999999334, 1.000000000000000222 ) ) ;
#1454 = DIRECTION ( 'NONE',  ( 0.000000000000000000, 0.000000000000000000, -1.000000000000000000 ) ) ;
#1455 = CARTESIAN_POINT ( 'NONE',  ( 1.200000000000000844, 0.5500000000000000444, 0.6999999999999999556 ) ) ;
#1456 = ORIENTED_EDGE ( 'NONE', *, *, #1372, .T. ) ;
#1457 = CARTESIAN_POINT ( 'NONE',  ( 1.200000000000000400, 0.2999999999999999889, -0.3500000000000001998 ) ) ;
#1458 = LINE ( 'NONE', #2627, #3749 ) ;
#1459 = CARTESIAN_POINT ( 'NONE',  ( 1.151849013423543733, 0.5500000000000000444, -0.8159433887775332517 ) ) ;
#1460 = AXIS2_PLACEMENT_3D ( 'NONE', #1337, #1925, #752 ) ;
#1461 = ORIENTED_EDGE ( 'NONE', *, *, #1171, .F. ) ;
#1462 = CARTESIAN_POINT ( 'NONE',  ( 0.000000000000000000, 0.000000000000000000, 0.3500000000000001443 ) ) ;
#1463 = PRESENTATION_LAYER_ASSIGNMENT (  '', '', ( #1287 ) ) ;
#1464 = EDGE_LOOP ( 'NONE', ( #1817, #3387, #1941, #3572 ) ) ;
#1465 = AXIS2_PLACEMENT_3D ( 'NONE', #107, #1276, #2432 ) ;
#1466 = DIRECTION ( 'NONE',  ( -0.000000000000000000, -0.000000000000000000, 1.000000000000000000 ) ) ;
#1467 = EDGE_CURVE ( 'NONE', #2929, #1570, #352, .T. ) ;
#1468 = DIRECTION ( 'NONE',  ( 1.000000000000000000, 0.000000000000000000, -1.445602896647339163E-16 ) ) ;
#1469 = ORIENTED_EDGE ( 'NONE', *, *, #2009, .F. ) ;
#1470 = VECTOR ( 'NONE', #3569, 1000.000000000000000 ) ;
#1471 = ORIENTED_EDGE ( 'NONE', *, *, #1843, .T. ) ;
#1472 = DIRECTION ( 'NONE',  ( 0.000000000000000000, -0.000000000000000000, 1.000000000000000000 ) ) ;
#1473 = VECTOR ( 'NONE', #2697, 1000.000000000000000 ) ;
#1474 =( GEOMETRIC_REPRESENTATION_CONTEXT ( 3 ) GLOBAL_UNCERTAINTY_ASSIGNED_CONTEXT ( ( #3675 ) ) GLOBAL_UNIT_ASSIGNED_CONTEXT ( ( #3659, #3129, #1958 ) ) REPRESENTATION_CONTEXT ( 'NONE', 'WORKASPACE' ) );
#1475 = DIRECTION ( 'NONE',  ( -0.000000000000000000, -1.000000000000000000, -0.000000000000000000 ) ) ;
#1476 = CARTESIAN_POINT ( 'NONE',  ( -1.250000000000000222, 0.2999999999999999334, -1.000000000000000222 ) ) ;
#1477 = AXIS2_PLACEMENT_3D ( 'NONE', #1499, #3518, #2933 ) ;
#1478 = VECTOR ( 'NONE', #663, 1000.000000000000000 ) ;
#1479 = ORIENTED_EDGE ( 'NONE', *, *, #3236, .T. ) ;
#1480 = DIRECTION ( 'NONE',  ( -0.000000000000000000, -1.000000000000000000, -0.000000000000000000 ) ) ;
#1481 = AXIS2_PLACEMENT_3D ( 'NONE', #118, #3664, #2176 ) ;
#1482 = DIRECTION ( 'NONE',  ( 0.000000000000000000, 0.000000000000000000, -1.000000000000000000 ) ) ;
#1483 = CARTESIAN_POINT ( 'NONE',  ( -1.200000000000000400, 0.5250000000000000222, -0.7000000000000000666 ) ) ;
#1484 = VERTEX_POINT ( 'NONE', #338 ) ;
#1485 = EDGE_CURVE ( 'NONE', #381, #2807, #1508, .T. ) ;
#1486 = EDGE_CURVE ( 'NONE', #1565, #2240, #2395, .T. ) ;
#1487 = FILL_AREA_STYLE_COLOUR ( '', #499 ) ;
#1488 = VERTEX_POINT ( 'NONE', #2979 ) ;
#1489 = LINE ( 'NONE', #116, #2926 ) ;
#1490 = ORIENTED_EDGE ( 'NONE', *, *, #2303, .F. ) ;
#1491 = ORIENTED_EDGE ( 'NONE', *, *, #608, .T. ) ;
#1492 = DIRECTION ( 'NONE',  ( -0.000000000000000000, -1.000000000000000000, -0.000000000000000000 ) ) ;
#1493 = CARTESIAN_POINT ( 'NONE',  ( -1.250000000000000222, 0.000000000000000000, 0.000000000000000000 ) ) ;
#1494 = LINE ( 'NONE', #1455, #1660 ) ;
#1495 = VERTEX_POINT ( 'NONE', #371 ) ;
#1496 = ORIENTED_EDGE ( 'NONE', *, *, #304, .F. ) ;
#1497 = CYLINDRICAL_SURFACE ( 'NONE', #2444, 0.1500000000000001887 ) ;
#1498 = DIRECTION ( 'NONE',  ( 1.000000000000000000, -0.000000000000000000, 3.292551869860454633E-16 ) ) ;
#1499 = CARTESIAN_POINT ( 'NONE',  ( 0.9500000000000009548, 0.4499999999999999001, -0.7000000000000001776 ) ) ;
#1500 = ADVANCED_FACE ( 'NONE', ( #1527 ), #2695, .F. ) ;
#1501 = LINE ( 'NONE', #362, #1048 ) ;
#1502 = ORIENTED_EDGE ( 'NONE', *, *, #2784, .F. ) ;
#1503 = ADVANCED_FACE ( 'NONE', ( #2617 ), #11, .F. ) ;
#1504 = CARTESIAN_POINT ( 'NONE',  ( -1.099999999999999867, 0.2999999999999999889, -0.9999999999999997780 ) ) ;
#1505 = ORIENTED_EDGE ( 'NONE', *, *, #478, .T. ) ;
#1506 = EDGE_LOOP ( 'NONE', ( #3549, #3557, #3581, #1209 ) ) ;
#1507 = DIRECTION ( 'NONE',  ( 0.000000000000000000, 0.000000000000000000, -1.000000000000000000 ) ) ;
#1508 = LINE ( 'NONE', #2672, #812 ) ;
#1509 = CARTESIAN_POINT ( 'NONE',  ( 1.250000000000000222, -1.030776406404415146, 1.000000000000000222 ) ) ;
#1510 = ORIENTED_EDGE ( 'NONE', *, *, #1551, .F. ) ;
#1511 = ORIENTED_EDGE ( 'NONE', *, *, #1898, .T. ) ;
#1512 = CARTESIAN_POINT ( 'NONE',  ( 4.691886414551149640E-16, 0.000000000000000000, 0.9500000000000002887 ) ) ;
#1513 = DIRECTION ( 'NONE',  ( -1.000000000000000000, 0.000000000000000000, 0.000000000000000000 ) ) ;
#1514 = DIRECTION ( 'NONE',  ( -0.000000000000000000, -1.000000000000000000, -0.000000000000000000 ) ) ;
#1515 = ORIENTED_EDGE ( 'NONE', *, *, #3032, .F. ) ;
#1516 = AXIS2_PLACEMENT_3D ( 'NONE', #814, #3137, #2431 ) ;
#1517 = FILL_AREA_STYLE ('',( #1487 ) ) ;
#1518 = EDGE_CURVE ( 'NONE', #2384, #2487, #1912, .T. ) ;
#1519 = ORIENTED_EDGE ( 'NONE', *, *, #1946, .F. ) ;
#1520 = CARTESIAN_POINT ( 'NONE',  ( 1.153936490318730135, 0.5500000000000001554, 0.7959485025816795956 ) ) ;
#1521 = CARTESIAN_POINT ( 'NONE',  ( 0.9500000000000009548, 0.4500000000000000666, 0.6999999999999999556 ) ) ;
#1522 = AXIS2_PLACEMENT_3D ( 'NONE', #2423, #3600, #970 ) ;
#1523 = ORIENTED_EDGE ( 'NONE', *, *, #643, .T. ) ;
#1524 = AXIS2_PLACEMENT_3D ( 'NONE', #2206, #3396, #3355 ) ;
#1525 = DIRECTION ( 'NONE',  ( -0.000000000000000000, -1.000000000000000000, -0.000000000000000000 ) ) ;
#1526 = EDGE_LOOP ( 'NONE', ( #2309, #2983, #505, #895, #489, #2405, #1280, #1931, #659 ) ) ;
#1527 = FACE_OUTER_BOUND ( 'NONE', #340, .T. ) ;
#1528 = VECTOR ( 'NONE', #492, 1000.000000000000000 ) ;
#1529 = DIRECTION ( 'NONE',  ( 0.000000000000000000, 1.000000000000000000, 0.000000000000000000 ) ) ;
#1530 = CARTESIAN_POINT ( 'NONE',  ( 1.250000000000000222, -1.030776406404415146, 0.9000000000000000222 ) ) ;
#1531 = VERTEX_POINT ( 'NONE', #1270 ) ;
#1532 = VECTOR ( 'NONE', #403, 1000.000000000000000 ) ;
#1533 = AXIS2_PLACEMENT_3D ( 'NONE', #3098, #1639, #1987 ) ;
#1534 = ORIENTED_EDGE ( 'NONE', *, *, #3057, .T. ) ;
#1535 = VERTEX_POINT ( 'NONE', #1037 ) ;
#1536 = DIRECTION ( 'NONE',  ( -0.000000000000000000, -1.000000000000000000, -0.000000000000000000 ) ) ;
#1537 = LINE ( 'NONE', #653, #1539 ) ;
#1538 = AXIS2_PLACEMENT_3D ( 'NONE', #345, #2968, #2679 ) ;
#1539 = VECTOR ( 'NONE', #1257, 1000.000000000000000 ) ;
#1540 = DIRECTION ( 'NONE',  ( -0.000000000000000000, -1.000000000000000000, -0.000000000000000000 ) ) ;
#1541 = ORIENTED_EDGE ( 'NONE', *, *, #2611, .F. ) ;
#1542 = EDGE_CURVE ( 'NONE', #584, #2159, #431, .T. ) ;
#1543 =( GEOMETRIC_REPRESENTATION_CONTEXT ( 3 ) GLOBAL_UNCERTAINTY_ASSIGNED_CONTEXT ( ( #2435 ) ) GLOBAL_UNIT_ASSIGNED_CONTEXT ( ( #1902, #2146, #2165 ) ) REPRESENTATION_CONTEXT ( 'NONE', 'WORKASPACE' ) );
#1544 = CIRCLE ( 'NONE', #2761, 0.1000000000000002554 ) ;
#1545 = DIRECTION ( 'NONE',  ( -3.292551869860454633E-16, 0.000000000000000000, -1.000000000000000000 ) ) ;
#1546 = ORIENTED_EDGE ( 'NONE', *, *, #2440, .T. ) ;
#1547 = CIRCLE ( 'NONE', #2029, 0.1500000000000001887 ) ;
#1548 = CARTESIAN_POINT ( 'NONE',  ( 1.146158782126383224, 0.5500000000000000444, 0.8112853986809435147 ) ) ;
#1549 = DIRECTION ( 'NONE',  ( -0.000000000000000000, -1.000000000000000000, -0.000000000000000000 ) ) ;
#1550 = ORIENTED_EDGE ( 'NONE', *, *, #146, .T. ) ;
#1551 = EDGE_CURVE ( 'NONE', #9, #2476, #3023, .T. ) ;
#1552 = CARTESIAN_POINT ( 'NONE',  ( -1.250000000000000222, 0.2999999999999999889, 1.000000000000000222 ) ) ;
#1553 = CARTESIAN_POINT ( 'NONE',  ( 1.250000000000000222, -1.030776406404415146, 0.000000000000000000 ) ) ;
#1554 = LINE ( 'NONE', #460, #1113 ) ;
#1555 = VERTEX_POINT ( 'NONE', #3603 ) ;
#1556 = CARTESIAN_POINT ( 'NONE',  ( 0.9500000000000009548, 0.4500000000000000666, -0.9000000000000002442 ) ) ;
#1557 = CARTESIAN_POINT ( 'NONE',  ( 1.189644660940673448, 0.5500000000000000444, 0.8403805922287437280 ) ) ;
#1558 = CARTESIAN_POINT ( 'NONE',  ( 0.000000000000000000, 0.2999999999999999889, 1.000000000000000222 ) ) ;
#1559 = LINE ( 'NONE', #2725, #988 ) ;
#1560 = ORIENTED_EDGE ( 'NONE', *, *, #3131, .T. ) ;
#1561 = DIRECTION ( 'NONE',  ( 0.000000000000000000, 0.000000000000000000, -1.000000000000000000 ) ) ;
#1562 = CYLINDRICAL_SURFACE ( 'NONE', #3499, 0.1500000000000001887 ) ;
#1563 = VERTEX_POINT ( 'NONE', #1584 ) ;
#1564 = CARTESIAN_POINT ( 'NONE',  ( -1.151849013423570378, 0.5500000000000000444, 0.8159433887775080496 ) ) ;
#1565 = VERTEX_POINT ( 'NONE', #2468 ) ;
#1566 = DIRECTION ( 'NONE',  ( -1.000000000000000000, 0.000000000000000000, 0.000000000000000000 ) ) ;
#1567 = EDGE_CURVE ( 'NONE', #1130, #2289, #2750, .T. ) ;
#1568 = CARTESIAN_POINT ( 'NONE',  ( 1.149999999999999689, 0.4500000000000000666, -1.000000000000000000 ) ) ;
#1569 = PLANE ( 'NONE',  #689 ) ;
#1570 = VERTEX_POINT ( 'NONE', #2193 ) ;
#1571 = DIRECTION ( 'NONE',  ( -0.000000000000000000, -0.000000000000000000, 1.000000000000000000 ) ) ;
#1572 = CARTESIAN_POINT ( 'NONE',  ( 0.9500000000000008438, 0.5500000000000000444, 0.9396446609406725603 ) ) ;
#1573 = CARTESIAN_POINT ( 'NONE',  ( -1.250000000000000222, 0.2999999999999999334, -1.000000000000000222 ) ) ;
#1574 = CARTESIAN_POINT ( 'NONE',  ( -1.250000000000000222, -1.030776406404415146, -0.9000000000000000222 ) ) ;
#1575 = DIRECTION ( 'NONE',  ( 0.000000000000000000, 1.000000000000000000, 0.000000000000000000 ) ) ;
#1576 = DIRECTION ( 'NONE',  ( -0.000000000000000000, -1.000000000000000000, -0.000000000000000000 ) ) ;
#1577 = ORIENTED_EDGE ( 'NONE', *, *, #418, .T. ) ;
#1578 = CARTESIAN_POINT ( 'NONE',  ( -1.175000000000000266, 0.5500000000000000444, -0.6999999999999999556 ) ) ;
#1579 = ORIENTED_EDGE ( 'NONE', *, *, #1091, .F. ) ;
#1580 = CARTESIAN_POINT ( 'NONE',  ( 0.9500000000000009548, 0.5250000000000000222, -0.7000000000000001776 ) ) ;
#1581 = AXIS2_PLACEMENT_3D ( 'NONE', #2414, #3292, #508 ) ;
#1582 = ORIENTED_EDGE ( 'NONE', *, *, #2430, .T. ) ;
#1583 = VECTOR ( 'NONE', #835, 1000.000000000000000 ) ;
#1584 = CARTESIAN_POINT ( 'NONE',  ( -0.9500000000000002887, 0.5999999999999998668, -0.9000000000000001332 ) ) ;
#1585 = CARTESIAN_POINT ( 'NONE',  ( 1.150000000000000799, 0.4500000000000000666, 0.6999999999999999556 ) ) ;
#1586 = CIRCLE ( 'NONE', #2259, 0.1000000000000000472 ) ;
#1587 = ORIENTED_EDGE ( 'NONE', *, *, #443, .T. ) ;
#1588 = EDGE_CURVE ( 'NONE', #3212, #3741, #3003, .T. ) ;
#1589 = CIRCLE ( 'NONE', #3115, 0.1999999999999999833 ) ;
#1590 = CARTESIAN_POINT ( 'NONE',  ( -0.9500000000000002887, 0.5500000000000000444, -0.9000000000000002442 ) ) ;
#1591 = CARTESIAN_POINT ( 'NONE',  ( 0.9500000000000008438, 0.5396446609406726491, 0.9499999999999997335 ) ) ;
#1592 = DIRECTION ( 'NONE',  ( 0.000000000000000000, 0.000000000000000000, -1.000000000000000000 ) ) ;
#1593 = DIRECTION ( 'NONE',  ( 0.000000000000000000, 1.000000000000000000, 0.000000000000000000 ) ) ;
#1594 = AXIS2_PLACEMENT_3D ( 'NONE', #197, #1363, #526 ) ;
#1595 = ADVANCED_FACE ( 'NONE', ( #3583 ), #2484, .F. ) ;
#1596 = VECTOR ( 'NONE', #1246, 1000.000000000000000 ) ;
#1597 = LINE ( 'NONE', #1938, #1298 ) ;
#1598 = ORIENTED_EDGE ( 'NONE', *, *, #2949, .F. ) ;
#1599 = DIRECTION ( 'NONE',  ( 1.000000000000000000, -0.000000000000000000, 0.000000000000000000 ) ) ;
#1600 = AXIS2_PLACEMENT_3D ( 'NONE', #1374, #3075, #1620 ) ;
#1601 = VECTOR ( 'NONE', #2583, 1000.000000000000000 ) ;
#1602 = VERTEX_POINT ( 'NONE', #2788 ) ;
#1603 = ADVANCED_FACE ( 'NONE', ( #721 ), #3345, .F. ) ;
#1604 = ADVANCED_FACE ( 'NONE', ( #1003 ), #2156, .T. ) ;
#1605 = CARTESIAN_POINT ( 'NONE',  ( 1.200000000000001066, 0.5500000000000000444, -0.7000000000000001776 ) ) ;
#1606 = VECTOR ( 'NONE', #33, 1000.000000000000000 ) ;
#1607 = ORIENTED_EDGE ( 'NONE', *, *, #3078, .F. ) ;
#1608 = PRODUCT_DEFINITION_SHAPE ( 'NONE', 'NONE',  #1122 ) ;
#1609 = DIRECTION ( 'NONE',  ( -0.000000000000000000, -1.000000000000000000, -0.000000000000000000 ) ) ;
#1610 = LINE ( 'NONE', #1568, #3632 ) ;
#1611 = DIRECTION ( 'NONE',  ( 0.000000000000000000, -0.000000000000000000, 1.000000000000000000 ) ) ;
#1612 = EDGE_LOOP ( 'NONE', ( #2579, #3577, #1674, #1065 ) ) ;
#1613 = FACE_OUTER_BOUND ( 'NONE', #1627, .T. ) ;
#1614 = DIRECTION ( 'NONE',  ( 1.000000000000000000, 0.000000000000000000, -0.000000000000000000 ) ) ;
#1615 = ADVANCED_FACE ( 'NONE', ( #411 ), #2426, .F. ) ;
#1616 = DIRECTION ( 'NONE',  ( 0.000000000000000000, 1.000000000000000000, 0.000000000000000000 ) ) ;
#1617 = CARTESIAN_POINT ( 'NONE',  ( 1.200000000000000400, -1.030776406404415146, 0.8585786437626905521 ) ) ;
#1618 = DIRECTION ( 'NONE',  ( -0.000000000000000000, -0.000000000000000000, -1.000000000000000000 ) ) ;
#1619 = ADVANCED_FACE ( 'NONE', ( #2715 ), #1894, .T. ) ;
#1620 = DIRECTION ( 'NONE',  ( 1.000000000000000000, 0.000000000000000000, -3.292551869860454633E-16 ) ) ;
#1621 = VERTEX_POINT ( 'NONE', #975 ) ;
#1622 = DIRECTION ( 'NONE',  ( -0.000000000000000000, -1.000000000000000000, -0.000000000000000000 ) ) ;
#1623 = ORIENTED_EDGE ( 'NONE', *, *, #286, .F. ) ;
#1624 = LINE ( 'NONE', #1251, #1232 ) ;
#1625 = DIRECTION ( 'NONE',  ( 1.000000000000000000, -0.000000000000000000, -0.000000000000000000 ) ) ;
#1626 = SURFACE_STYLE_FILL_AREA ( #1914 ) ;
#1627 = EDGE_LOOP ( 'NONE', ( #1496, #808, #1461, #3053, #391, #2862, #1812, #2520, #649 ) ) ;
#1628 = DIRECTION ( 'NONE',  ( 0.000000000000000000, -0.000000000000000000, -1.000000000000000000 ) ) ;
#1629 = PLANE ( 'NONE',  #2457 ) ;
#1630 = CARTESIAN_POINT ( 'NONE',  ( -1.250000000000000222, 0.2999999999999999889, -1.000000000000000222 ) ) ;
#1631 = EDGE_CURVE ( 'NONE', #2338, #3767, #1624, .T. ) ;
#1632 = CARTESIAN_POINT ( 'NONE',  ( 1.150000000000000799, 0.5500000000000000444, 0.6999999999999999556 ) ) ;
#1633 = PLANE ( 'NONE',  #1906 ) ;
#1634 = ORIENTED_EDGE ( 'NONE', *, *, #2626, .T. ) ;
#1635 = CARTESIAN_POINT ( 'NONE',  ( -1.096446609406726891, 0.5396446609406727601, -0.9500000000000000666 ) ) ;
#1636 = ORIENTED_EDGE ( 'NONE', *, *, #3701, .F. ) ;
#1637 = CARTESIAN_POINT ( 'NONE',  ( -1.045948502581682371, 0.5499999999999999334, 0.9039364903187288025 ) ) ;
#1638 = ORIENTED_EDGE ( 'NONE', *, *, #3524, .T. ) ;
#1639 = DIRECTION ( 'NONE',  ( -0.000000000000000000, -1.000000000000000000, -0.000000000000000000 ) ) ;
#1640 = ORIENTED_EDGE ( 'NONE', *, *, #295, .F. ) ;
#1641 = PRESENTATION_STYLE_ASSIGNMENT (( #781 ) ) ;
#1642 = AXIS2_PLACEMENT_3D ( 'NONE', #366, #2406, #998 ) ;
#1643 = ORIENTED_EDGE ( 'NONE', *, *, #31, .F. ) ;
#1644 = EDGE_CURVE ( 'NONE', #470, #2159, #2265, .T. ) ;
#1645 = EDGE_CURVE ( 'NONE', #332, #3055, #102, .T. ) ;
#1646 = CARTESIAN_POINT ( 'NONE',  ( 0.000000000000000000, 0.2999999999999999889, -1.000000000000000222 ) ) ;
#1647 = DIRECTION ( 'NONE',  ( 0.000000000000000000, 0.000000000000000000, -1.000000000000000000 ) ) ;
#1648 = AXIS2_PLACEMENT_3D ( 'NONE', #2597, #1421, #3177 ) ;
#1649 = DIRECTION ( 'NONE',  ( -0.000000000000000000, -1.000000000000000000, -0.000000000000000000 ) ) ;
#1650 = CARTESIAN_POINT ( 'NONE',  ( -1.200000000000000400, -1.030776406404415146, -0.3500000000000001443 ) ) ;
#1651 = VECTOR ( 'NONE', #1021, 1000.000000000000000 ) ;
#1652 = ORIENTED_EDGE ( 'NONE', *, *, #3037, .T. ) ;
#1653 = DIRECTION ( 'NONE',  ( 0.000000000000000000, 1.000000000000000000, 0.000000000000000000 ) ) ;
#1654 = ADVANCED_FACE ( 'NONE', ( #161 ), #1972, .F. ) ;
#1655 = ORIENTED_EDGE ( 'NONE', *, *, #3647, .F. ) ;
#1656 = VECTOR ( 'NONE', #2298, 1000.000000000000000 ) ;
#1657 = FACE_OUTER_BOUND ( 'NONE', #2895, .T. ) ;
#1658 = ORIENTED_EDGE ( 'NONE', *, *, #2509, .T. ) ;
#1659 = AXIS2_PLACEMENT_3D ( 'NONE', #2090, #1540, #3223 ) ;
#1660 = VECTOR ( 'NONE', #2063, 1000.000000000000000 ) ;
#1661 = ADVANCED_FACE ( 'NONE', ( #1061, #3708 ), #3138, .T. ) ;
#1662 = CARTESIAN_POINT ( 'NONE',  ( -1.200000000000000400, 0.2999999999999999334, 0.3500000000000001998 ) ) ;
#1663 = VECTOR ( 'NONE', #1206, 1000.000000000000000 ) ;
#1664 = DIRECTION ( 'NONE',  ( 3.292551869860454633E-16, 0.000000000000000000, -1.000000000000000000 ) ) ;
#1665 = VERTEX_POINT ( 'NONE', #1680 ) ;
#1666 = EDGE_CURVE ( 'NONE', #3491, #2036, #3113, .T. ) ;
#1667 = DIRECTION ( 'NONE',  ( 1.548860246407863336E-16, -0.000000000000000000, 1.000000000000000000 ) ) ;
#1668 = ORIENTED_EDGE ( 'NONE', *, *, #3032, .T. ) ;
#1669 = PLANE ( 'NONE',  #1708 ) ;
#1670 = DIRECTION ( 'NONE',  ( 0.000000000000000000, 1.000000000000000000, 0.000000000000000000 ) ) ;
#1671 = ADVANCED_FACE ( 'NONE', ( #1380 ), #2539, .F. ) ;
#1672 = CARTESIAN_POINT ( 'NONE',  ( 1.200000000000000400, 0.000000000000000000, 0.000000000000000000 ) ) ;
#1673 = CYLINDRICAL_SURFACE ( 'NONE', #256, 0.1500000000000001887 ) ;
#1674 = ORIENTED_EDGE ( 'NONE', *, *, #756, .F. ) ;
#1675 = LINE ( 'NONE', #2834, #2396 ) ;
#1676 = DIRECTION ( 'NONE',  ( 0.000000000000000000, 1.000000000000000000, 0.000000000000000000 ) ) ;
#1677 = ORIENTED_EDGE ( 'NONE', *, *, #1968, .T. ) ;
#1678 = DIRECTION ( 'NONE',  ( 0.000000000000000000, 1.000000000000000000, 0.000000000000000000 ) ) ;
#1679 = EDGE_CURVE ( 'NONE', #636, #1130, #3388, .T. ) ;
#1680 = CARTESIAN_POINT ( 'NONE',  ( -1.200000000000000400, 0.000000000000000000, 0.3500000000000001998 ) ) ;
#1681 = EDGE_LOOP ( 'NONE', ( #3253, #618, #3566, #1304 ) ) ;
#1682 = CARTESIAN_POINT ( 'NONE',  ( -1.200000000000000400, 0.000000000000000000, -0.3500000000000001998 ) ) ;
#1683 = ORIENTED_EDGE ( 'NONE', *, *, #608, .F. ) ;
#1684 = EDGE_CURVE ( 'NONE', #82, #588, #488, .T. ) ;
#1685 = DIRECTION ( 'NONE',  ( -0.000000000000000000, -1.000000000000000000, -0.000000000000000000 ) ) ;
#1686 = CARTESIAN_POINT ( 'NONE',  ( 5.059610138265692495E-17, -1.030776406404415146, 0.3500000000000003109 ) ) ;
#1687 = CARTESIAN_POINT ( 'NONE',  ( 1.200000000000000844, 0.5250000000000000222, 0.6999999999999999556 ) ) ;
#1688 = VERTEX_POINT ( 'NONE', #3764 ) ;
#1689 = LINE ( 'NONE', #2851, #2693 ) ;
#1690 = CARTESIAN_POINT ( 'NONE',  ( -1.175000000000000044, 0.5500000000000000444, -0.7000000000000000666 ) ) ;
#1691 = ORIENTED_EDGE ( 'NONE', *, *, #579, .F. ) ;
#1692 = DIRECTION ( 'NONE',  ( 0.000000000000000000, 0.000000000000000000, -1.000000000000000000 ) ) ;
#1693 = CARTESIAN_POINT ( 'NONE',  ( -0.9500000000000002887, 0.5250000000000000222, -0.9500000000000000666 ) ) ;
#1694 = ORIENTED_EDGE ( 'NONE', *, *, #1045, .F. ) ;
#1695 = LINE ( 'NONE', #1080, #2018 ) ;
#1696 = EDGE_CURVE ( 'NONE', #1785, #2919, #176, .T. ) ;
#1697 = ADVANCED_FACE ( 'NONE', ( #235 ), #2136, .T. ) ;
#1698 = VERTEX_POINT ( 'NONE', #2236 ) ;
#1699 = CARTESIAN_POINT ( 'NONE',  ( -1.250000000000000222, -1.030776406404415146, -1.000000000000000222 ) ) ;
#1700 = CARTESIAN_POINT ( 'NONE',  ( 1.250000000000000222, 0.000000000000000000, -1.000000000000000222 ) ) ;
#1701 = EDGE_CURVE ( 'NONE', #3786, #1944, #383, .T. ) ;
#1702 = CIRCLE ( 'NONE', #806, 0.2499999999999998890 ) ;
#1703 = CARTESIAN_POINT ( 'NONE',  ( -0.9500000000000003997, 0.5500000000000000444, 0.9249999999999998224 ) ) ;
#1704 = DIRECTION ( 'NONE',  ( -0.000000000000000000, -1.000000000000000000, -0.000000000000000000 ) ) ;
#1705 = LINE ( 'NONE', #2872, #1783 ) ;
#1706 = EDGE_CURVE ( 'NONE', #398, #846, #3173, .T. ) ;
#1707 = DIRECTION ( 'NONE',  ( 0.000000000000000000, 0.000000000000000000, 1.000000000000000000 ) ) ;
#1708 = AXIS2_PLACEMENT_3D ( 'NONE', #3143, #3411, #800 ) ;
#1709 = ORIENTED_EDGE ( 'NONE', *, *, #1751, .F. ) ;
#1710 = EDGE_CURVE ( 'NONE', #3062, #902, #569, .T. ) ;
#1711 = CIRCLE ( 'NONE', #73, 0.02499999999999995628 ) ;
#1712 = VECTOR ( 'NONE', #510, 1000.000000000000000 ) ;
#1713 = DIRECTION ( 'NONE',  ( 1.000000000000000000, -0.000000000000000000, 0.000000000000000000 ) ) ;
#1714 = CIRCLE ( 'NONE', #754, 0.2500000000000000000 ) ;
#1715 = DIRECTION ( 'NONE',  ( -0.000000000000000000, -1.000000000000000000, -0.000000000000000000 ) ) ;
#1716 = AXIS2_PLACEMENT_3D ( 'NONE', #300, #3753, #1102 ) ;
#1717 = ORIENTED_EDGE ( 'NONE', *, *, #3525, .F. ) ;
#1718 = VERTEX_POINT ( 'NONE', #3407 ) ;
#1719 = CIRCLE ( 'NONE', #1175, 0.1500000000000001887 ) ;
#1720 = AXIS2_PLACEMENT_3D ( 'NONE', #1509, #1174, #3570 ) ;
#1721 = B_SPLINE_CURVE_WITH_KNOTS ( 'NONE', 3,
 ( #566, #386, #1436, #1265, #3201, #1548, #1520, #365, #3578, #953 ),
 .UNSPECIFIED., .F., .F.,
 ( 4, 2, 2, 2, 4 ),
 ( 0.000000000000000000, 0.5000000000000014433, 0.6250000000000009992, 0.7500000000000005551, 1.000000000000000000 ),
 .UNSPECIFIED. ) ;
#1722 = FACE_OUTER_BOUND ( 'NONE', #820, .T. ) ;
#1723 = CARTESIAN_POINT ( 'NONE',  ( 1.200000000000000400, -1.030776406404415146, -0.3500000000000001443 ) ) ;
#1724 = AXIS2_PLACEMENT_3D ( 'NONE', #104, #459, #1271 ) ;
#1725 = VERTEX_POINT ( 'NONE', #1693 ) ;
#1726 = ORIENTED_EDGE ( 'NONE', *, *, #1047, .T. ) ;
#1727 = DIRECTION ( 'NONE',  ( 0.000000000000000000, -0.000000000000000000, 1.000000000000000000 ) ) ;
#1728 = FACE_OUTER_BOUND ( 'NONE', #1792, .T. ) ;
#1729 = FACE_OUTER_BOUND ( 'NONE', #248, .T. ) ;
#1730 = ORIENTED_EDGE ( 'NONE', *, *, #2246, .T. ) ;
#1731 = FACE_OUTER_BOUND ( 'NONE', #2908, .T. ) ;
#1732 = EDGE_CURVE ( 'NONE', #423, #3050, #563, .T. ) ;
#1733 = ORIENTED_EDGE ( 'NONE', *, *, #587, .T. ) ;
#1734 = PLANE ( 'NONE',  #1768 ) ;
#1735 = EDGE_CURVE ( 'NONE', #1948, #3055, #796, .T. ) ;
#1736 = FACE_OUTER_BOUND ( 'NONE', #2556, .T. ) ;
#1737 = ORIENTED_EDGE ( 'NONE', *, *, #1467, .F. ) ;
#1738 =( NAMED_UNIT ( * ) PLANE_ANGLE_UNIT ( ) SI_UNIT ( $, .RADIAN. ) );
#1739 = VERTEX_POINT ( 'NONE', #384 ) ;
#1740 = CARTESIAN_POINT ( 'NONE',  ( 0.000000000000000000, 0.000000000000000000, 0.000000000000000000 ) ) ;
#1741 = PLANE ( 'NONE',  #3120 ) ;
#1742 = CYLINDRICAL_SURFACE ( 'NONE', #3502, 0.1500000000000001887 ) ;
#1743 = ORIENTED_EDGE ( 'NONE', *, *, #3607, .F. ) ;
#1744 = EDGE_LOOP ( 'NONE', ( #753, #2388, #202, #357 ) ) ;
#1745 = LINE ( 'NONE', #3239, #2074 ) ;
#1746 =( LENGTH_UNIT ( ) NAMED_UNIT ( * ) SI_UNIT ( .MILLI., .METRE. ) );
#1747 = DIRECTION ( 'NONE',  ( -0.000000000000000000, -1.000000000000000000, -0.000000000000000000 ) ) ;
#1748 = EDGE_LOOP ( 'NONE', ( #3734, #2977, #215, #3554 ) ) ;
#1749 = DIRECTION ( 'NONE',  ( 0.000000000000000000, 0.000000000000000000, -1.000000000000000000 ) ) ;
#1750 = EDGE_LOOP ( 'NONE', ( #3425, #2326, #1806, #1428 ) ) ;
#1751 = EDGE_CURVE ( 'NONE', #1809, #1725, #671, .T. ) ;
#1752 = DIRECTION ( 'NONE',  ( 1.000000000000000000, 0.000000000000000000, 3.292551869860454633E-16 ) ) ;
#1753 = DIRECTION ( 'NONE',  ( 0.000000000000000000, 1.000000000000000000, 0.000000000000000000 ) ) ;
#1754 = ORIENTED_EDGE ( 'NONE', *, *, #2682, .T. ) ;
#1755 = EDGE_CURVE ( 'NONE', #3339, #1827, #3279, .T. ) ;
#1756 = ORIENTED_EDGE ( 'NONE', *, *, #1588, .F. ) ;
#1757 = CARTESIAN_POINT ( 'NONE',  ( 1.250000000000000222, 0.2999999999999999334, 0.000000000000000000 ) ) ;
#1758 = LINE ( 'NONE', #2962, #3556 ) ;
#1759 = CARTESIAN_POINT ( 'NONE',  ( 1.200000000000000400, 0.2999999999999999889, 0.3500000000000001443 ) ) ;
#1760 = ADVANCED_FACE ( 'NONE', ( #2899 ), #3480, .T. ) ;
#1761 = VERTEX_POINT ( 'NONE', #605 ) ;
#1762 = ADVANCED_FACE ( 'NONE', ( #906 ), #586, .T. ) ;
#1763 = ORIENTED_EDGE ( 'NONE', *, *, #1857, .T. ) ;
#1764 = CARTESIAN_POINT ( 'NONE',  ( 1.200000000000000400, 0.000000000000000000, -0.8585786437626905521 ) ) ;
#1765 = VECTOR ( 'NONE', #795, 1000.000000000000000 ) ;
#1766 = CARTESIAN_POINT ( 'NONE',  ( -1.150000000000000133, 0.5500000000000000444, 0.6999999999999999556 ) ) ;
#1767 = CARTESIAN_POINT ( 'NONE',  ( 1.061285398680947845, 0.5500000000000001554, -0.8961587821263777842 ) ) ;
#1768 = AXIS2_PLACEMENT_3D ( 'NONE', #3197, #1713, #1692 ) ;
#1769 = CIRCLE ( 'NONE', #3738, 0.1500000000000001887 ) ;
#1770 = EDGE_CURVE ( 'NONE', #2110, #3785, #3199, .T. ) ;
#1771 = ORIENTED_EDGE ( 'NONE', *, *, #556, .T. ) ;
#1772 = AXIS2_PLACEMENT_3D ( 'NONE', #2182, #3349, #741 ) ;
#1773 = FACE_OUTER_BOUND ( 'NONE', #291, .T. ) ;
#1774 = ORIENTED_EDGE ( 'NONE', *, *, #443, .F. ) ;
#1775 = AXIS2_PLACEMENT_3D ( 'NONE', #2177, #3665, #2409 ) ;
#1776 = ORIENTED_EDGE ( 'NONE', *, *, #669, .F. ) ;
#1777 = LINE ( 'NONE', #2945, #518 ) ;
#1778 = VECTOR ( 'NONE', #147, 1000.000000000000000 ) ;
#1779 = AXIS2_PLACEMENT_3D ( 'NONE', #1166, #1753, #1263 ) ;
#1780 = CARTESIAN_POINT ( 'NONE',  ( -0.4500000000000001776, -1.030776406404415146, -0.9500000000000000666 ) ) ;
#1781 = ADVANCED_FACE ( 'NONE', ( #290 ), #6, .T. ) ;
#1782 = LINE ( 'NONE', #2047, #1478 ) ;
#1783 = VECTOR ( 'NONE', #2266, 1000.000000000000000 ) ;
#1784 = VECTOR ( 'NONE', #1614, 1000.000000000000000 ) ;
#1785 = VERTEX_POINT ( 'NONE', #2610 ) ;
#1786 = VERTEX_POINT ( 'NONE', #2336 ) ;
#1787 = CARTESIAN_POINT ( 'NONE',  ( 0.9500000000000009548, 0.4500000000000000666, -0.7000000000000001776 ) ) ;
#1788 = AXIS2_PLACEMENT_3D ( 'NONE', #3655, #709, #3591 ) ;
#1789 = CARTESIAN_POINT ( 'NONE',  ( 0.4500000000000001776, 0.000000000000000000, 0.9499999999999999556 ) ) ;
#1790 = ORIENTED_EDGE ( 'NONE', *, *, #2096, .F. ) ;
#1791 = SURFACE_STYLE_FILL_AREA ( #1517 ) ;
#1792 = EDGE_LOOP ( 'NONE', ( #2286, #705, #350, #2719 ) ) ;
#1793 = ADVANCED_FACE ( 'NONE', ( #2709 ), #28, .F. ) ;
#1794 = LINE ( 'NONE', #697, #370 ) ;
#1795 = ORIENTED_EDGE ( 'NONE', *, *, #3729, .T. ) ;
#1796 = ORIENTED_EDGE ( 'NONE', *, *, #756, .T. ) ;
#1797 = DIRECTION ( 'NONE',  ( 1.445602896647339163E-16, 0.000000000000000000, -1.000000000000000000 ) ) ;
#1798 = LINE ( 'NONE', #2062, #2446 ) ;
#1799 = DIRECTION ( 'NONE',  ( 1.000000000000000000, 0.000000000000000000, 0.000000000000000000 ) ) ;
#1800 = ORIENTED_EDGE ( 'NONE', *, *, #1336, .F. ) ;
#1801 = EDGE_CURVE ( 'NONE', #2729, #1718, #388, .T. ) ;
#1802 = ORIENTED_EDGE ( 'NONE', *, *, #430, .T. ) ;
#1803 = LINE ( 'NONE', #632, #504 ) ;
#1804 = CARTESIAN_POINT ( 'NONE',  ( 1.250000000000000000, 0.4500000000000000666, 0.8999999999999998002 ) ) ;
#1805 = DIRECTION ( 'NONE',  ( -0.000000000000000000, -1.000000000000000000, -0.000000000000000000 ) ) ;
#1806 = ORIENTED_EDGE ( 'NONE', *, *, #603, .T. ) ;
#1807 = ADVANCED_FACE ( 'NONE', ( #3506 ), #404, .T. ) ;
#1808 = DIRECTION ( 'NONE',  ( -0.000000000000000000, -1.000000000000000000, -0.000000000000000000 ) ) ;
#1809 = VERTEX_POINT ( 'NONE', #3214 ) ;
#1810 = CARTESIAN_POINT ( 'NONE',  ( 1.149999999999999911, 0.2999999999999999334, -0.9999999999999997780 ) ) ;
#1811 = DIRECTION ( 'NONE',  ( 1.548860246407863336E-16, -0.000000000000000000, 1.000000000000000000 ) ) ;
#1812 = ORIENTED_EDGE ( 'NONE', *, *, #2481, .F. ) ;
#1813 = VERTEX_POINT ( 'NONE', #3597 ) ;
#1814 = PLANE ( 'NONE',  #333 ) ;
#1815 = DIRECTION ( 'NONE',  ( 1.000000000000000000, 0.000000000000000000, 3.292551869860454633E-16 ) ) ;
#1816 = DIRECTION ( 'NONE',  ( -1.000000000000000000, 0.000000000000000000, 0.000000000000000000 ) ) ;
#1817 = ORIENTED_EDGE ( 'NONE', *, *, #2051, .T. ) ;
#1818 = ORIENTED_EDGE ( 'NONE', *, *, #316, .T. ) ;
#1819 = DIRECTION ( 'NONE',  ( 0.000000000000000000, 1.000000000000000000, 0.000000000000000000 ) ) ;
#1820 = DIRECTION ( 'NONE',  ( -5.706327223607915090E-17, 0.000000000000000000, 1.000000000000000000 ) ) ;
#1821 = CARTESIAN_POINT ( 'NONE',  ( 0.9789598205737763958, 0.5500000000000000444, -0.9250000000000003775 ) ) ;
#1822 = ORIENTED_EDGE ( 'NONE', *, *, #1258, .F. ) ;
#1823 = VECTOR ( 'NONE', #2472, 1000.000000000000000 ) ;
#1824 = LINE ( 'NONE', #3555, #977 ) ;
#1825 = DIRECTION ( 'NONE',  ( -0.000000000000000000, -1.000000000000000000, -0.000000000000000000 ) ) ;
#1826 = ADVANCED_FACE ( 'NONE', ( #3320 ), #3523, .F. ) ;
#1827 = VERTEX_POINT ( 'NONE', #1146 ) ;
#1828 = FACE_OUTER_BOUND ( 'NONE', #1748, .T. ) ;
#1829 = COLOUR_RGB ( '',0.9686274509803921573, 0.8784313725490195957, 0.5999999999999999778 ) ;
#1830 = ADVANCED_FACE ( 'NONE', ( #1736 ), #1562, .T. ) ;
#1831 = EDGE_CURVE ( 'NONE', #2150, #2370, #2728, .T. ) ;
#1832 = EDGE_LOOP ( 'NONE', ( #2271, #2064, #1117, #2407 ) ) ;
#1833 = AXIS2_PLACEMENT_3D ( 'NONE', #1787, #912, #3550 ) ;
#1834 = CARTESIAN_POINT ( 'NONE',  ( -0.4500000000000001776, 0.000000000000000000, 0.000000000000000000 ) ) ;
#1835 = DIRECTION ( 'NONE',  ( 0.000000000000000000, -0.000000000000000000, -1.000000000000000000 ) ) ;
#1836 = AXIS2_PLACEMENT_3D ( 'NONE', #3287, #678, #1835 ) ;
#1837 = CARTESIAN_POINT ( 'NONE',  ( 0.9500000000000009548, 0.5500000000000000444, -0.7000000000000001776 ) ) ;
#1838 = LINE ( 'NONE', #1288, #2393 ) ;
#1839 = ORIENTED_EDGE ( 'NONE', *, *, #535, .F. ) ;
#1840 = AXIS2_PLACEMENT_3D ( 'NONE', #241, #549, #572 ) ;
#1841 = AXIS2_PLACEMENT_3D ( 'NONE', #1279, #1853, #2023 ) ;
#1842 = CARTESIAN_POINT ( 'NONE',  ( -0.9500000000000002887, 0.5500000000000000444, -0.7000000000000000666 ) ) ;
#1843 = EDGE_CURVE ( 'NONE', #1133, #3219, #2638, .T. ) ;
#1844 = CARTESIAN_POINT ( 'NONE',  ( 0.000000000000000000, 0.2999999999999999889, 0.000000000000000000 ) ) ;
#1845 = DIRECTION ( 'NONE',  ( 0.000000000000000000, -0.000000000000000000, 1.000000000000000000 ) ) ;
#1846 = AXIS2_PLACEMENT_3D ( 'NONE', #2434, #1068, #1920 ) ;
#1847 = VECTOR ( 'NONE', #1333, 1000.000000000000000 ) ;
#1848 = CARTESIAN_POINT ( 'NONE',  ( -1.150000000000000133, 4.120616373302047997, -0.7000000000000000666 ) ) ;
#1849 = CARTESIAN_POINT ( 'NONE',  ( 1.200000000000000400, 0.2999999999999999334, -0.3500000000000001998 ) ) ;
#1850 = CIRCLE ( 'NONE', #698, 0.1500000000000001887 ) ;
#1851 = EDGE_CURVE ( 'NONE', #2919, #1435, #2593, .T. ) ;
#1852 = CARTESIAN_POINT ( 'NONE',  ( 1.250000000000000000, 0.2999999999999999889, 0.9999999999999997780 ) ) ;
#1853 = DIRECTION ( 'NONE',  ( 0.000000000000000000, 1.000000000000000000, 0.000000000000000000 ) ) ;
#1854 = VERTEX_POINT ( 'NONE', #3105 ) ;
#1855 = AXIS2_PLACEMENT_3D ( 'NONE', #336, #1492, #3582 ) ;
#1856 = CARTESIAN_POINT ( 'NONE',  ( -1.108578643762690552, 0.000000000000000000, -0.9499999999999998446 ) ) ;
#1857 = EDGE_CURVE ( 'NONE', #544, #3741, #932, .T. ) ;
#1858 = DIRECTION ( 'NONE',  ( 0.000000000000000000, 0.000000000000000000, -1.000000000000000000 ) ) ;
#1859 = ORIENTED_EDGE ( 'NONE', *, *, #3352, .T. ) ;
#1860 = DIRECTION ( 'NONE',  ( 0.000000000000000000, -0.000000000000000000, 1.000000000000000000 ) ) ;
#1861 = DIRECTION ( 'NONE',  ( 0.000000000000000000, 0.000000000000000000, 1.000000000000000000 ) ) ;
#1862 = CARTESIAN_POINT ( 'NONE',  ( -1.200000000000000400, 0.2999999999999999889, -0.8585786437626905521 ) ) ;
#1863 = EDGE_LOOP ( 'NONE', ( #264, #1407, #3642, #405, #656, #1394, #2281, #2038 ) ) ;
#1864 = DIRECTION ( 'NONE',  ( 0.000000000000000000, 1.000000000000000000, 0.000000000000000000 ) ) ;
#1865 = CARTESIAN_POINT ( 'NONE',  ( 1.175000000000000711, 0.5500000000000000444, 0.8318019484660535978 ) ) ;
#1866 = DIRECTION ( 'NONE',  ( -1.000000000000000000, -0.000000000000000000, 5.706327223607915090E-17 ) ) ;
#1867 = CARTESIAN_POINT ( 'NONE',  ( 0.4500000000000001776, 0.2999999999999999889, -0.3500000000000001998 ) ) ;
#1868 = PLANE ( 'NONE',  #2503 ) ;
#1869 = SURFACE_SIDE_STYLE ('',( #3417 ) ) ;
#1870 = ORIENTED_EDGE ( 'NONE', *, *, #3301, .F. ) ;
#1871 = DIRECTION ( 'NONE',  ( 1.000000000000000000, 0.000000000000000000, -1.445602896647339163E-16 ) ) ;
#1872 = ADVANCED_FACE ( 'NONE', ( #484 ), #1633, .F. ) ;
#1873 = CARTESIAN_POINT ( 'NONE',  ( -1.200000000000000400, 0.2999999999999999334, 0.000000000000000000 ) ) ;
#1874 = EDGE_LOOP ( 'NONE', ( #1366, #139, #2017, #3 ) ) ;
#1875 = ADVANCED_FACE ( 'NONE', ( #187 ), #769, .F. ) ;
#1876 = FACE_OUTER_BOUND ( 'NONE', #3170, .T. ) ;
#1877 = CARTESIAN_POINT ( 'NONE',  ( -1.149999999999999911, -1.030776406404415146, -1.000000000000000222 ) ) ;
#1878 = VERTEX_POINT ( 'NONE', #468 ) ;
#1879 = CYLINDRICAL_SURFACE ( 'NONE', #3606, 0.1000000000000001582 ) ;
#1880 = CARTESIAN_POINT ( 'NONE',  ( 1.200000000000000844, 0.5396446609406727601, 0.8464466094067262247 ) ) ;
#1881 = DIRECTION ( 'NONE',  ( 0.000000000000000000, 0.000000000000000000, -1.000000000000000000 ) ) ;
#1882 = EDGE_CURVE ( 'NONE', #3491, #2971, #3717, .T. ) ;
#1883 = ADVANCED_FACE ( 'NONE', ( #3702 ), #2766, .F. ) ;
#1884 = CARTESIAN_POINT ( 'NONE',  ( -1.200000000000000400, 0.2999999999999999334, -0.8585786437626905521 ) ) ;
#1885 = DIRECTION ( 'NONE',  ( -1.000000000000000000, 0.000000000000000000, 0.000000000000000000 ) ) ;
#1886 = DIRECTION ( 'NONE',  ( 0.000000000000000000, 1.000000000000000000, 0.000000000000000000 ) ) ;
#1887 = ORIENTED_EDGE ( 'NONE', *, *, #2042, .T. ) ;
#1888 = PLANE ( 'NONE',  #3562 ) ;
#1889 = ORIENTED_EDGE ( 'NONE', *, *, #3587, .T. ) ;
#1890 = EDGE_CURVE ( 'NONE', #2382, #2873, #2516, .T. ) ;
#1891 = CLOSED_SHELL ( 'NONE', ( #3780, #3391, #3400, #532, #2830, #2588, #2511, #880, #1218, #3447 ) ) ;
#1892 = ORIENTED_EDGE ( 'NONE', *, *, #1710, .T. ) ;
#1893 = AXIS2_PLACEMENT_3D ( 'NONE', #1521, #2387, #658 ) ;
#1894 = PLANE ( 'NONE',  #1836 ) ;
#1895 = CARTESIAN_POINT ( 'NONE',  ( 0.4500000000000001776, 0.2999999999999999889, 0.3500000000000002554 ) ) ;
#1896 = LINE ( 'NONE', #3061, #3686 ) ;
#1897 = ORIENTED_EDGE ( 'NONE', *, *, #2269, .F. ) ;
#1898 = EDGE_CURVE ( 'NONE', #1484, #165, #788, .T. ) ;
#1899 = LINE ( 'NONE', #1292, #3056 ) ;
#1900 = CARTESIAN_POINT ( 'NONE',  ( 0.4500000000000001776, 0.000000000000000000, -0.3500000000000001998 ) ) ;
#1901 = VECTOR ( 'NONE', #3081, 1000.000000000000000 ) ;
#1902 =( LENGTH_UNIT ( ) NAMED_UNIT ( * ) SI_UNIT ( .MILLI., .METRE. ) );
#1903 = EDGE_CURVE ( 'NONE', #3601, #1495, #1597, .T. ) ;
#1904 = COLOUR_RGB ( '',0.7921568627450980005, 0.8196078431372548767, 0.9333333333333333481 ) ;
#1905 = FACE_OUTER_BOUND ( 'NONE', #1273, .T. ) ;
#1906 = AXIS2_PLACEMENT_3D ( 'NONE', #445, #1886, #3356 ) ;
#1907 = CYLINDRICAL_SURFACE ( 'NONE', #2815, 0.1999999999999999833 ) ;
#1908 = AXIS2_PLACEMENT_3D ( 'NONE', #1301, #3052, #2767 ) ;
#1909 = ORIENTED_EDGE ( 'NONE', *, *, #2109, .F. ) ;
#1910 = AXIS2_PLACEMENT_3D ( 'NONE', #3368, #1309, #703 ) ;
#1911 = ORIENTED_EDGE ( 'NONE', *, *, #1732, .F. ) ;
#1912 = LINE ( 'NONE', #1308, #3494 ) ;
#1913 = DIRECTION ( 'NONE',  ( -0.000000000000000000, -1.000000000000000000, -0.000000000000000000 ) ) ;
#1914 = FILL_AREA_STYLE ('',( #3466 ) ) ;
#1915 = ORIENTED_EDGE ( 'NONE', *, *, #3136, .T. ) ;
#1916 = ORIENTED_EDGE ( 'NONE', *, *, #1437, .T. ) ;
#1917 = LINE ( 'NONE', #684, #682 ) ;
#1918 = DIRECTION ( 'NONE',  ( 0.000000000000000000, 1.000000000000000000, 0.000000000000000000 ) ) ;
#1919 = CARTESIAN_POINT ( 'NONE',  ( -1.200000000000000178, 0.5500000000000000444, 0.6999999999999999556 ) ) ;
#1920 = DIRECTION ( 'NONE',  ( 0.000000000000000000, 0.000000000000000000, -1.000000000000000000 ) ) ;
#1921 = DIRECTION ( 'NONE',  ( 0.000000000000000000, 0.000000000000000000, -1.000000000000000000 ) ) ;
#1922 = LINE ( 'NONE', #1050, #3436 ) ;
#1923 = CARTESIAN_POINT ( 'NONE',  ( 0.9500000000000009548, 0.4500000000000000666, -0.9000000000000002442 ) ) ;
#1924 = VERTEX_POINT ( 'NONE', #3677 ) ;
#1925 = DIRECTION ( 'NONE',  ( -0.000000000000000000, -1.000000000000000000, -0.000000000000000000 ) ) ;
#1926 = ORIENTED_EDGE ( 'NONE', *, *, #978, .F. ) ;
#1927 = EDGE_CURVE ( 'NONE', #588, #364, #1922, .T. ) ;
#1928 = CARTESIAN_POINT ( 'NONE',  ( 1.096446609406727335, 0.5250000000000001332, -0.9499999999999998446 ) ) ;
#1929 = ORIENTED_EDGE ( 'NONE', *, *, #3484, .T. ) ;
#1930 = FACE_OUTER_BOUND ( 'NONE', #2996, .T. ) ;
#1931 = ORIENTED_EDGE ( 'NONE', *, *, #2853, .F. ) ;
#1932 = FACE_OUTER_BOUND ( 'NONE', #2982, .T. ) ;
#1933 = EDGE_CURVE ( 'NONE', #2289, #385, #210, .T. ) ;
#1934 = LINE ( 'NONE', #3103, #2575 ) ;
#1935 = CARTESIAN_POINT ( 'NONE',  ( -0.4500000000000001776, -1.030776406404415146, 0.000000000000000000 ) ) ;
#1936 = SURFACE_SIDE_STYLE ('',( #1332 ) ) ;
#1937 = EDGE_CURVE ( 'NONE', #2338, #3212, #422, .T. ) ;
#1938 = CARTESIAN_POINT ( 'NONE',  ( 0.4500000000000001776, 0.000000000000000000, 0.000000000000000000 ) ) ;
#1939 = ORIENTED_EDGE ( 'NONE', *, *, #83, .T. ) ;
#1940 = CARTESIAN_POINT ( 'NONE',  ( -1.200000000000000400, 0.2999999999999999889, 0.8585786437626905521 ) ) ;
#1941 = ORIENTED_EDGE ( 'NONE', *, *, #3352, .F. ) ;
#1942 = CARTESIAN_POINT ( 'NONE',  ( -1.149999999999999911, 0.2999999999999999889, 1.000000000000000222 ) ) ;
#1943 = ADVANCED_FACE ( 'NONE', ( #1352 ), #1299, .F. ) ;
#1944 = VERTEX_POINT ( 'NONE', #2517 ) ;
#1945 = CARTESIAN_POINT ( 'NONE',  ( 0.4500000000000001776, 0.2999999999999999334, -0.3500000000000002554 ) ) ;
#1946 = EDGE_CURVE ( 'NONE', #32, #1019, #3091, .T. ) ;
#1947 = CARTESIAN_POINT ( 'NONE',  ( 1.096446609406727335, 0.5396446609406726491, -0.9499999999999998446 ) ) ;
#1948 = VERTEX_POINT ( 'NONE', #2208 ) ;
#1949 = CARTESIAN_POINT ( 'NONE',  ( -1.100000000000000089, 0.000000000000000000, 1.000000000000000222 ) ) ;
#1950 = VECTOR ( 'NONE', #1466, 1000.000000000000000 ) ;
#1951 = EDGE_LOOP ( 'NONE', ( #3757, #3196, #3775, #3370 ) ) ;
#1952 = CYLINDRICAL_SURFACE ( 'NONE', #3180, 0.1000000000000002554 ) ;
#1953 =( GEOMETRIC_REPRESENTATION_CONTEXT ( 3 ) GLOBAL_UNCERTAINTY_ASSIGNED_CONTEXT ( ( #1262 ) ) GLOBAL_UNIT_ASSIGNED_CONTEXT ( ( #2990, #3278, #2708 ) ) REPRESENTATION_CONTEXT ( 'NONE', 'WORKASPACE' ) );
#1954 = LINE ( 'NONE', #517, #1060 ) ;
#1955 = MANIFOLD_SOLID_BREP ( 'Cut-Extrude3', #2923 ) ;
#1956 = AXIS2_PLACEMENT_3D ( 'NONE', #1686, #1993, #1123 ) ;
#1957 = FACE_OUTER_BOUND ( 'NONE', #2746, .T. ) ;
#1958 =( NAMED_UNIT ( * ) SI_UNIT ( $, .STERADIAN. ) SOLID_ANGLE_UNIT ( ) );
#1959 = CIRCLE ( 'NONE', #450, 0.1999999999999998723 ) ;
#1960 = ORIENTED_EDGE ( 'NONE', *, *, #455, .F. ) ;
#1961 = CARTESIAN_POINT ( 'NONE',  ( 0.000000000000000000, 0.2999999999999999889, -0.3500000000000001443 ) ) ;
#1962 = ORIENTED_EDGE ( 'NONE', *, *, #3118, .T. ) ;
#1963 = VECTOR ( 'NONE', #201, 1000.000000000000000 ) ;
#1964 = DIRECTION ( 'NONE',  ( -0.000000000000000000, -1.000000000000000000, -0.000000000000000000 ) ) ;
#1965 = ORIENTED_EDGE ( 'NONE', *, *, #655, .F. ) ;
#1966 = CIRCLE ( 'NONE', #3126, 0.1500000000000001887 ) ;
#1967 = VECTOR ( 'NONE', #1498, 1000.000000000000000 ) ;
#1968 = EDGE_CURVE ( 'NONE', #3737, #2927, #2533, .T. ) ;
#1969 = LINE ( 'NONE', #993, #1423 ) ;
#1970 = LINE ( 'NONE', #3009, #2378 ) ;
#1971 = CIRCLE ( 'NONE', #2522, 0.1500000000000001887 ) ;
#1972 = PLANE ( 'NONE',  #630 ) ;
#1973 = ORIENTED_EDGE ( 'NONE', *, *, #2103, .F. ) ;
#1974 = CARTESIAN_POINT ( 'NONE',  ( -0.4500000000000001776, 0.000000000000000000, -0.9499999999999999556 ) ) ;
#1975 = ORIENTED_EDGE ( 'NONE', *, *, #3236, .F. ) ;
#1976 = DIRECTION ( 'NONE',  ( 0.000000000000000000, 0.000000000000000000, 1.000000000000000000 ) ) ;
#1977 = DIRECTION ( 'NONE',  ( 0.000000000000000000, 0.000000000000000000, -1.000000000000000000 ) ) ;
#1978 = CARTESIAN_POINT ( 'NONE',  ( -1.150000000000000133, 0.5500000000000000444, 0.6999999999999999556 ) ) ;
#1979 = PLANE ( 'NONE',  #2875 ) ;
#1980 = ORIENTED_EDGE ( 'NONE', *, *, #969, .T. ) ;
#1981 = DIRECTION ( 'NONE',  ( 1.084202172485504434E-16, 0.000000000000000000, 1.000000000000000000 ) ) ;
#1982 = VERTEX_POINT ( 'NONE', #2602 ) ;
#1983 = DIRECTION ( 'NONE',  ( 0.000000000000000000, 0.000000000000000000, 1.000000000000000000 ) ) ;
#1984 = EDGE_CURVE ( 'NONE', #1563, #1761, #863, .T. ) ;
#1985 = EDGE_LOOP ( 'NONE', ( #2957, #2391, #670, #1264 ) ) ;
#1986 = FACE_OUTER_BOUND ( 'NONE', #2714, .T. ) ;
#1987 = DIRECTION ( 'NONE',  ( 0.000000000000000000, 0.000000000000000000, 1.000000000000000000 ) ) ;
#1988 = ORIENTED_EDGE ( 'NONE', *, *, #1267, .F. ) ;
#1989 = FACE_OUTER_BOUND ( 'NONE', #1189, .T. ) ;
#1990 = VERTEX_POINT ( 'NONE', #3164 ) ;
#1991 = DIRECTION ( 'NONE',  ( 0.000000000000000000, 1.000000000000000000, 0.000000000000000000 ) ) ;
#1992 = EDGE_CURVE ( 'NONE', #2304, #3392, #3146, .T. ) ;
#1993 = DIRECTION ( 'NONE',  ( 1.445602896647339163E-16, -0.000000000000000000, 1.000000000000000000 ) ) ;
#1994 = ADVANCED_FACE ( 'NONE', ( #553 ), #1979, .F. ) ;
#1995 = DIRECTION ( 'NONE',  ( 0.000000000000000000, 1.000000000000000000, 0.000000000000000000 ) ) ;
#1996 = ORIENTED_EDGE ( 'NONE', *, *, #2804, .T. ) ;
#1997 = CARTESIAN_POINT ( 'NONE',  ( 1.149999999999999911, 0.2999999999999999334, 1.000000000000000222 ) ) ;
#1998 = ORIENTED_EDGE ( 'NONE', *, *, #22, .T. ) ;
#1999 = MANIFOLD_SOLID_BREP ( 'Boss-Extrude4[1]', #918 ) ;
#2000 = DIRECTION ( 'NONE',  ( -0.000000000000000000, -1.000000000000000000, -0.000000000000000000 ) ) ;
#2001 = DIRECTION ( 'NONE',  ( 0.000000000000000000, 0.000000000000000000, -1.000000000000000000 ) ) ;
#2002 = VERTEX_POINT ( 'NONE', #1687 ) ;
#2003 = FILL_AREA_STYLE_COLOUR ( '', #1904 ) ;
#2004 = ADVANCED_FACE ( 'NONE', ( #1728 ), #2892, .T. ) ;
#2005 = DIRECTION ( 'NONE',  ( 0.000000000000000000, 1.000000000000000000, 0.000000000000000000 ) ) ;
#2006 = DIRECTION ( 'NONE',  ( 0.000000000000000000, 0.000000000000000000, 1.000000000000000000 ) ) ;
#2007 = DIRECTION ( 'NONE',  ( 0.000000000000000000, 0.000000000000000000, 1.000000000000000000 ) ) ;
#2008 = ORIENTED_EDGE ( 'NONE', *, *, #2871, .T. ) ;
#2009 = EDGE_CURVE ( 'NONE', #1621, #1555, #2264, .T. ) ;
#2010 = VECTOR ( 'NONE', #1678, 1000.000000000000000 ) ;
#2011 = CARTESIAN_POINT ( 'NONE',  ( -0.9500000000000003997, 0.5250000000000000222, 0.9499999999999998446 ) ) ;
#2012 = DIRECTION ( 'NONE',  ( -0.000000000000000000, -0.000000000000000000, -1.000000000000000000 ) ) ;
#2013 = VECTOR ( 'NONE', #3244, 1000.000000000000000 ) ;
#2014 = CARTESIAN_POINT ( 'NONE',  ( 0.4500000000000001776, 0.000000000000000000, 0.000000000000000000 ) ) ;
#2015 = LINE ( 'NONE', #1429, #2988 ) ;
#2016 = VECTOR ( 'NONE', #825, 1000.000000000000000 ) ;
#2017 = ORIENTED_EDGE ( 'NONE', *, *, #1882, .F. ) ;
#2018 = VECTOR ( 'NONE', #798, 1000.000000000000000 ) ;
#2019 = VECTOR ( 'NONE', #2436, 1000.000000000000000 ) ;
#2020 = EDGE_LOOP ( 'NONE', ( #1188, #2545, #278, #276 ) ) ;
#2021 = DIRECTION ( 'NONE',  ( -1.445602896647339163E-16, 0.000000000000000000, 1.000000000000000000 ) ) ;
#2022 = VECTOR ( 'NONE', #1278, 1000.000000000000000 ) ;
#2023 = DIRECTION ( 'NONE',  ( 0.000000000000000000, -0.000000000000000000, 1.000000000000000000 ) ) ;
#2024 = ORIENTED_EDGE ( 'NONE', *, *, #2561, .F. ) ;
#2025 = DIRECTION ( 'NONE',  ( -0.000000000000000000, -1.000000000000000000, -0.000000000000000000 ) ) ;
#2026 = ORIENTED_EDGE ( 'NONE', *, *, #600, .T. ) ;
#2027 = DIRECTION ( 'NONE',  ( 0.000000000000000000, -0.000000000000000000, -1.000000000000000000 ) ) ;
#2028 = CARTESIAN_POINT ( 'NONE',  ( -0.4500000000000001776, 0.2999999999999999889, 0.9499999999999999556 ) ) ;
#2029 = AXIS2_PLACEMENT_3D ( 'NONE', #2485, #1913, #1062 ) ;
#2030 = EDGE_CURVE ( 'NONE', #1087, #2174, #3731, .T. ) ;
#2031 = ORIENTED_EDGE ( 'NONE', *, *, #3140, .F. ) ;
#2032 = ORIENTED_EDGE ( 'NONE', *, *, #3647, .T. ) ;
#2033 = FACE_OUTER_BOUND ( 'NONE', #2992, .T. ) ;
#2034 = DIRECTION ( 'NONE',  ( -1.000000000000000000, 0.000000000000000000, 0.000000000000000000 ) ) ;
#2035 = DIRECTION ( 'NONE',  ( 0.000000000000000000, 1.000000000000000000, 0.000000000000000000 ) ) ;
#2036 = VERTEX_POINT ( 'NONE', #228 ) ;
#2037 = CARTESIAN_POINT ( 'NONE',  ( -1.200000000000000400, 0.2999999999999999889, -0.3500000000000001998 ) ) ;
#2038 = ORIENTED_EDGE ( 'NONE', *, *, #3558, .T. ) ;
#2039 = UNCERTAINTY_MEASURE_WITH_UNIT (LENGTH_MEASURE( 1.000000000000000082E-05 ), #2526, 'distance_accuracy_value', 'NONE');
#2040 = LINE ( 'NONE', #3213, #2192 ) ;
#2041 = CARTESIAN_POINT ( 'NONE',  ( -3.127924276367432765E-16, -1.030776406404415146, -0.9500000000000001776 ) ) ;
#2042 = EDGE_CURVE ( 'NONE', #3331, #2291, #326, .T. ) ;
#2043 = EDGE_LOOP ( 'NONE', ( #2584, #3269, #3266, #435 ) ) ;
#2044 = ORIENTED_EDGE ( 'NONE', *, *, #2042, .F. ) ;
#2045 = LINE ( 'NONE', #1757, #2642 ) ;
#2046 = CARTESIAN_POINT ( 'NONE',  ( -3.127924276367432765E-16, 0.2999999999999999889, 0.9500000000000001776 ) ) ;
#2047 = CARTESIAN_POINT ( 'NONE',  ( 0.000000000000000000, 0.000000000000000000, -0.9499999999999998446 ) ) ;
#2048 = ORIENTED_EDGE ( 'NONE', *, *, #3565, .T. ) ;
#2049 = EDGE_CURVE ( 'NONE', #2113, #1249, #1458, .T. ) ;
#2050 = EDGE_LOOP ( 'NONE', ( #3099, #2091, #1818, #528 ) ) ;
#2051 = EDGE_CURVE ( 'NONE', #1698, #2487, #805, .T. ) ;
#2052 = CARTESIAN_POINT ( 'NONE',  ( 1.100000000000000089, 0.4500000000000000666, -1.000000000000000000 ) ) ;
#2053 = CARTESIAN_POINT ( 'NONE',  ( 1.175000000000000711, 0.5500000000000000444, -0.7000000000000000666 ) ) ;
#2054 = DIRECTION ( 'NONE',  ( 1.000000000000000000, 0.000000000000000000, -0.000000000000000000 ) ) ;
#2055 = ORIENTED_EDGE ( 'NONE', *, *, #1451, .F. ) ;
#2056 = ADVANCED_FACE ( 'NONE', ( #2565 ), #1124, .T. ) ;
#2057 = LINE ( 'NONE', #1186, #2010 ) ;
#2058 = CARTESIAN_POINT ( 'NONE',  ( 0.9500000000000009548, 0.5250000000000000222, 0.9499999999999999556 ) ) ;
#2059 = ORIENTED_EDGE ( 'NONE', *, *, #180, .T. ) ;
#2060 = ORIENTED_EDGE ( 'NONE', *, *, #3525, .T. ) ;
#2061 = CARTESIAN_POINT ( 'NONE',  ( 1.108578643762690552, 0.2999999999999999889, 0.9499999999999998446 ) ) ;
#2062 = CARTESIAN_POINT ( 'NONE',  ( -0.4500000000000001776, 0.2999999999999999889, -0.9500000000000000666 ) ) ;
#2063 = DIRECTION ( 'NONE',  ( 0.000000000000000000, 1.000000000000000000, -0.000000000000000000 ) ) ;
#2064 = ORIENTED_EDGE ( 'NONE', *, *, #2804, .F. ) ;
#2065 = DIRECTION ( 'NONE',  ( -0.000000000000000000, 0.000000000000000000, -1.000000000000000000 ) ) ;
#2066 = DIRECTION ( 'NONE',  ( 1.000000000000000000, 0.000000000000000000, 5.706327223607915090E-17 ) ) ;
#2067 = CARTESIAN_POINT ( 'NONE',  ( 1.006566923790916501, 0.5500000000000001554, -0.9197341225796823450 ) ) ;
#2068 = CIRCLE ( 'NONE', #3109, 0.1999999999999999833 ) ;
#2069 = ORIENTED_EDGE ( 'NONE', *, *, #1324, .F. ) ;
#2070 = DIRECTION ( 'NONE',  ( -0.000000000000000000, -1.000000000000000000, -0.000000000000000000 ) ) ;
#2071 = AXIS2_PLACEMENT_3D ( 'NONE', #3015, #2092, #1561 ) ;
#2072 = ORIENTED_EDGE ( 'NONE', *, *, #1036, .F. ) ;
#2073 = ADVANCED_FACE ( 'NONE', ( #3295 ), #2661, .T. ) ;
#2074 = VECTOR ( 'NONE', #52, 1000.000000000000000 ) ;
#2075 = LINE ( 'NONE', #2368, #802 ) ;
#2076 = ORIENTED_EDGE ( 'NONE', *, *, #89, .T. ) ;
#2077 = VECTOR ( 'NONE', #2806, 1000.000000000000000 ) ;
#2078 = EDGE_CURVE ( 'NONE', #2382, #1944, #931, .T. ) ;
#2079 = ORIENTED_EDGE ( 'NONE', *, *, #2181, .F. ) ;
#2080 = FACE_OUTER_BOUND ( 'NONE', #2293, .T. ) ;
#2081 = VECTOR ( 'NONE', #178, 1000.000000000000000 ) ;
#2082 = VECTOR ( 'NONE', #1845, 1000.000000000000000 ) ;
#2083 = DIRECTION ( 'NONE',  ( -0.000000000000000000, -1.000000000000000000, -0.000000000000000000 ) ) ;
#2084 = FACE_OUTER_BOUND ( 'NONE', #462, .T. ) ;
#2085 = AXIS2_PLACEMENT_3D ( 'NONE', #3654, #182, #3028 ) ;
#2086 = ORIENTED_EDGE ( 'NONE', *, *, #3497, .F. ) ;
#2087 = DIRECTION ( 'NONE',  ( -0.000000000000000000, 0.000000000000000000, -1.000000000000000000 ) ) ;
#2088 = AXIS2_PLACEMENT_3D ( 'NONE', #1553, #3311, #2195 ) ;
#2089 = DIRECTION ( 'NONE',  ( -1.000000000000000000, 0.000000000000000000, 1.734723475976806601E-16 ) ) ;
#2090 = CARTESIAN_POINT ( 'NONE',  ( 1.249999999999999778, 0.4500000000000000666, -1.000000000000000000 ) ) ;
#2091 = ORIENTED_EDGE ( 'NONE', *, *, #772, .F. ) ;
#2092 = DIRECTION ( 'NONE',  ( 0.000000000000000000, 1.000000000000000000, 0.000000000000000000 ) ) ;
#2093 = EDGE_LOOP ( 'NONE', ( #1859, #631, #1261, #3291 ) ) ;
#2094 = SURFACE_STYLE_USAGE ( .BOTH. , #2315 ) ;
#2095 = DIRECTION ( 'NONE',  ( 0.000000000000000000, 0.000000000000000000, 1.000000000000000000 ) ) ;
#2096 = EDGE_CURVE ( 'NONE', #3084, #2729, #3222, .T. ) ;
#2097 = EDGE_CURVE ( 'NONE', #2883, #423, #900, .T. ) ;
#2098 = EDGE_LOOP ( 'NONE', ( #3156, #894, #561, #537 ) ) ;
#2099 = ORIENTED_EDGE ( 'NONE', *, *, #2897, .T. ) ;
#2100 = LINE ( 'NONE', #591, #938 ) ;
#2101 = DIRECTION ( 'NONE',  ( 0.000000000000000000, 1.000000000000000000, 0.000000000000000000 ) ) ;
#2102 = VERTEX_POINT ( 'NONE', #2648 ) ;
#2103 = EDGE_CURVE ( 'NONE', #3050, #1105, #3590, .T. ) ;
#2104 = VERTEX_POINT ( 'NONE', #964 ) ;
#2105 = LINE ( 'NONE', #2647, #2628 ) ;
#2106 = CYLINDRICAL_SURFACE ( 'NONE', #2272, 0.1000000000000000472 ) ;
#2107 = VERTEX_POINT ( 'NONE', #3262 ) ;
#2108 = EDGE_CURVE ( 'NONE', #160, #1786, #1213, .T. ) ;
#2109 = EDGE_CURVE ( 'NONE', #1854, #1698, #1537, .T. ) ;
#2110 = VERTEX_POINT ( 'NONE', #2122 ) ;
#2111 = LINE ( 'NONE', #589, #78 ) ;
#2112 = DIRECTION ( 'NONE',  ( 1.000000000000000000, 0.000000000000000000, 0.000000000000000000 ) ) ;
#2113 = VERTEX_POINT ( 'NONE', #3533 ) ;
#2114 = DIRECTION ( 'NONE',  ( -0.000000000000000000, -1.000000000000000000, -0.000000000000000000 ) ) ;
#2115 = VERTEX_POINT ( 'NONE', #2417 ) ;
#2116 = DIRECTION ( 'NONE',  ( 0.000000000000000000, 0.000000000000000000, 1.000000000000000000 ) ) ;
#2117 = DIRECTION ( 'NONE',  ( -0.000000000000000000, -1.000000000000000000, -0.000000000000000000 ) ) ;
#2118 = CARTESIAN_POINT ( 'NONE',  ( -1.250000000000000222, 0.000000000000000000, 0.000000000000000000 ) ) ;
#2119 = ORIENTED_EDGE ( 'NONE', *, *, #1032, .T. ) ;
#2120 = DIRECTION ( 'NONE',  ( -0.000000000000000000, -1.000000000000000000, -0.000000000000000000 ) ) ;
#2121 = CARTESIAN_POINT ( 'NONE',  ( 0.4500000000000001776, 0.2999999999999999889, 0.000000000000000000 ) ) ;
#2122 = CARTESIAN_POINT ( 'NONE',  ( -0.9500000000000002887, 0.5250000000000000222, 0.9499999999999998446 ) ) ;
#2123 = CARTESIAN_POINT ( 'NONE',  ( 1.200000000000000400, 0.2999999999999999889, 0.000000000000000000 ) ) ;
#2124 = DIRECTION ( 'NONE',  ( 0.000000000000000000, 0.000000000000000000, -1.000000000000000000 ) ) ;
#2125 = CLOSED_SHELL ( 'NONE', ( #1108, #3014, #650, #2238, #992, #1203, #944, #793, #419, #2425, #968 ) ) ;
#2126 = UNCERTAINTY_MEASURE_WITH_UNIT (LENGTH_MEASURE( 1.000000000000000082E-05 ), #2901, 'distance_accuracy_value', 'NONE');
#2127 = DIRECTION ( 'NONE',  ( -0.000000000000000000, -1.000000000000000000, -0.000000000000000000 ) ) ;
#2128 = ORIENTED_EDGE ( 'NONE', *, *, #2871, .F. ) ;
#2129 = CIRCLE ( 'NONE', #439, 0.1500000000000001887 ) ;
#2130 = DIRECTION ( 'NONE',  ( 0.000000000000000000, 1.000000000000000000, -0.000000000000000000 ) ) ;
#2131 = CARTESIAN_POINT ( 'NONE',  ( -0.9500000000000002887, 0.5500000000000000444, 0.6999999999999999556 ) ) ;
#2132 = ORIENTED_EDGE ( 'NONE', *, *, #2297, .T. ) ;
#2133 = AXIS2_PLACEMENT_3D ( 'NONE', #321, #2909, #16 ) ;
#2134 = DIRECTION ( 'NONE',  ( -1.000000000000000000, 0.000000000000000000, 1.734723475976806601E-16 ) ) ;
#2135 = VECTOR ( 'NONE', #943, 1000.000000000000000 ) ;
#2136 =( BOUNDED_SURFACE ( )  B_SPLINE_SURFACE ( 3, 3, ( 
 ( #2524, #853, #2825, #3463 ),
 ( #1341, #3723, #1078, #2278 ),
 ( #1093, #218, #1947, #2295 ),
 ( #2555, #3428, #1928, #543 ) ),
 .UNSPECIFIED., .F., .F., .T. ) 
 B_SPLINE_SURFACE_WITH_KNOTS ( ( 4, 4 ),
 ( 4, 4 ),
 ( 0.000000000000000000, 1.000000000000000000 ),
 ( 0.000000000000000000, 1.000000000000000000 ),
 .UNSPECIFIED. ) 
 GEOMETRIC_REPRESENTATION_ITEM ( )  RATIONAL_B_SPLINE_SURFACE ( (
 ( 1.000000000000000000, 0.8047378541243648264, 0.8047378541243648264, 1.000000000000000000),
 ( 0.8047378541243649375, 0.6476030138606875264, 0.6476030138606875264, 0.8047378541243649375),
 ( 0.8047378541243649375, 0.6476030138606875264, 0.6476030138606875264, 0.8047378541243649375),
 ( 1.000000000000000000, 0.8047378541243648264, 0.8047378541243648264, 1.000000000000000000) ) ) 
 REPRESENTATION_ITEM ( '' )  SURFACE ( )  );
#2137 = PLANE ( 'NONE',  #1724 ) ;
#2138 = ORIENTED_EDGE ( 'NONE', *, *, #2166, .T. ) ;
#2139 = AXIS2_PLACEMENT_3D ( 'NONE', #1935, #1098, #2261 ) ;
#2140 = PRESENTATION_LAYER_ASSIGNMENT (  '', '', ( #3308 ) ) ;
#2141 = DIRECTION ( 'NONE',  ( 0.000000000000000000, 1.000000000000000000, 0.000000000000000000 ) ) ;
#2142 = CARTESIAN_POINT ( 'NONE',  ( 1.250000000000000222, 0.2999999999999999334, 0.8500000000000000888 ) ) ;
#2143 = ADVANCED_FACE ( 'NONE', ( #3516 ), #2379, .F. ) ;
#2144 = CARTESIAN_POINT ( 'NONE',  ( -0.4500000000000001776, 0.2999999999999999889, -0.3500000000000002554 ) ) ;
#2145 = CIRCLE ( 'NONE', #1477, 0.1999999999999999833 ) ;
#2146 =( NAMED_UNIT ( * ) PLANE_ANGLE_UNIT ( ) SI_UNIT ( $, .RADIAN. ) );
#2147 = ORIENTED_EDGE ( 'NONE', *, *, #1378, .F. ) ;
#2148 = AXIS2_PLACEMENT_3D ( 'NONE', #661, #1525, #922 ) ;
#2149 = CARTESIAN_POINT ( 'NONE',  ( 1.149999999999999911, -1.030776406404415146, -0.9999999999999997780 ) ) ;
#2150 = VERTEX_POINT ( 'NONE', #1277 ) ;
#2151 = FACE_OUTER_BOUND ( 'NONE', #2735, .T. ) ;
#2152 = LINE ( 'NONE', #3621, #3611 ) ;
#2153 = ORIENTED_EDGE ( 'NONE', *, *, #541, .F. ) ;
#2154 = ADVANCED_FACE ( 'NONE', ( #378 ), #69, .T. ) ;
#2155 = EDGE_CURVE ( 'NONE', #640, #955, #1235, .T. ) ;
#2156 = CYLINDRICAL_SURFACE ( 'NONE', #137, 0.1500000000000001887 ) ;
#2157 = FACE_OUTER_BOUND ( 'NONE', #1223, .T. ) ;
#2158 = DIRECTION ( 'NONE',  ( -1.000000000000000000, 0.000000000000000000, -0.000000000000000000 ) ) ;
#2159 = VERTEX_POINT ( 'NONE', #1804 ) ;
#2160 = ORIENTED_EDGE ( 'NONE', *, *, #737, .T. ) ;
#2161 = DIRECTION ( 'NONE',  ( 0.000000000000000000, 0.000000000000000000, -1.000000000000000000 ) ) ;
#2162 = CARTESIAN_POINT ( 'NONE',  ( 1.090380592228744616, 0.5500000000000000444, 0.9396446609406725603 ) ) ;
#2163 = FACE_OUTER_BOUND ( 'NONE', #91, .T. ) ;
#2164 = DIRECTION ( 'NONE',  ( 0.000000000000000000, 1.000000000000000000, 0.000000000000000000 ) ) ;
#2165 =( NAMED_UNIT ( * ) SI_UNIT ( $, .STERADIAN. ) SOLID_ANGLE_UNIT ( ) );
#2166 = EDGE_CURVE ( 'NONE', #2267, #2115, #324, .T. ) ;
#2167 = UNCERTAINTY_MEASURE_WITH_UNIT (LENGTH_MEASURE( 1.000000000000000082E-05 ), #936, 'distance_accuracy_value', 'NONE');
#2168 = SURFACE_STYLE_USAGE ( .BOTH. , #1936 ) ;
#2169 = SURFACE_STYLE_USAGE ( .BOTH. , #1869 ) ;
#2170 = ORIENTED_EDGE ( 'NONE', *, *, #2166, .F. ) ;
#2171 = DIRECTION ( 'NONE',  ( 0.000000000000000000, 0.000000000000000000, -1.000000000000000000 ) ) ;
#2172 = ORIENTED_EDGE ( 'NONE', *, *, #1247, .T. ) ;
#2173 = CARTESIAN_POINT ( 'NONE',  ( 1.250000000000000222, 0.000000000000000000, -1.000000000000000222 ) ) ;
#2174 = VERTEX_POINT ( 'NONE', #39 ) ;
#2175 = EDGE_CURVE ( 'NONE', #2174, #3491, #2402, .T. ) ;
#2176 = DIRECTION ( 'NONE',  ( -1.445602896647337339E-15, 0.000000000000000000, 1.000000000000000000 ) ) ;
#2177 = CARTESIAN_POINT ( 'NONE',  ( 1.250000000000000222, 0.2999999999999999889, 1.000000000000000222 ) ) ;
#2178 = CARTESIAN_POINT ( 'NONE',  ( -1.200000000000000400, 0.000000000000000000, -0.3500000000000001998 ) ) ;
#2179 = LINE ( 'NONE', #413, #3123 ) ;
#2180 = ORIENTED_EDGE ( 'NONE', *, *, #3444, .T. ) ;
#2181 = EDGE_CURVE ( 'NONE', #1079, #1665, #359, .T. ) ;
#2182 = CARTESIAN_POINT ( 'NONE',  ( -1.250000000000000222, 0.000000000000000000, -1.000000000000000222 ) ) ;
#2183 = LINE ( 'NONE', #3612, #143 ) ;
#2184 = FILL_AREA_STYLE_COLOUR ( '', #695 ) ;
#2185 = PLANE ( 'NONE',  #560 ) ;
#2186 = DIRECTION ( 'NONE',  ( 0.000000000000000000, -1.000000000000000000, 0.000000000000000000 ) ) ;
#2187 = EDGE_LOOP ( 'NONE', ( #1135, #242, #3483, #3465 ) ) ;
#2188 = DIRECTION ( 'NONE',  ( -0.000000000000000000, -1.000000000000000000, -0.000000000000000000 ) ) ;
#2189 = VECTOR ( 'NONE', #2757, 1000.000000000000000 ) ;
#2190 = EDGE_CURVE ( 'NONE', #3619, #2621, #2986, .T. ) ;
#2191 = ORIENTED_EDGE ( 'NONE', *, *, #1801, .F. ) ;
#2192 = VECTOR ( 'NONE', #604, 1000.000000000000000 ) ;
#2193 = CARTESIAN_POINT ( 'NONE',  ( 0.4500000000000001776, 0.2999999999999999889, -0.9499999999999999556 ) ) ;
#2194 = ADVANCED_FACE ( 'NONE', ( #3046 ), #2224, .F. ) ;
#2195 = DIRECTION ( 'NONE',  ( 0.000000000000000000, 0.000000000000000000, -1.000000000000000000 ) ) ;
#2196 = AXIS2_PLACEMENT_3D ( 'NONE', #1632, #712, #3337 ) ;
#2197 = LINE ( 'NONE', #960, #3748 ) ;
#2198 = ORIENTED_EDGE ( 'NONE', *, *, #1151, .T. ) ;
#2199 = CIRCLE ( 'NONE', #1648, 0.02500000000000006384 ) ;
#2200 = PLANE ( 'NONE',  #3364 ) ;
#2201 = EDGE_CURVE ( 'NONE', #72, #2710, #1008, .T. ) ;
#2202 = PLANE ( 'NONE',  #822 ) ;
#2203 = MECHANICAL_DESIGN_GEOMETRIC_PRESENTATION_REPRESENTATION (  '', ( #2569 ), #1416 ) ;
#2204 = AXIS2_PLACEMENT_3D ( 'NONE', #816, #3740, #2001 ) ;
#2205 = CARTESIAN_POINT ( 'NONE',  ( 1.149999999999999911, 0.4500000000000000666, 0.9999999999999997780 ) ) ;
#2206 = CARTESIAN_POINT ( 'NONE',  ( 8.673617379884134869E-15, -1.030776406404415146, -1.000000000000009770 ) ) ;
#2207 = AXIS2_PLACEMENT_3D ( 'NONE', #283, #2849, #1442 ) ;
#2208 = CARTESIAN_POINT ( 'NONE',  ( 0.9500000000000009548, 0.5999999999999998668, 0.9000000000000000222 ) ) ;
#2209 = CARTESIAN_POINT ( 'NONE',  ( -0.9500000000000005107, 0.5500000000000001554, -0.9396446609406726713 ) ) ;
#2210 = AXIS2_PLACEMENT_3D ( 'NONE', #3553, #40, #950 ) ;
#2211 = AXIS2_PLACEMENT_3D ( 'NONE', #925, #910, #1816 ) ;
#2212 = ORIENTED_EDGE ( 'NONE', *, *, #1000, .F. ) ;
#2213 = CARTESIAN_POINT ( 'NONE',  ( 1.250000000000000222, -1.030776406404415146, -0.9000000000000000222 ) ) ;
#2214 = AXIS2_PLACEMENT_3D ( 'NONE', #1170, #3254, #908 ) ;
#2215 = ORIENTED_EDGE ( 'NONE', *, *, #2687, .T. ) ;
#2216 = VERTEX_POINT ( 'NONE', #2777 ) ;
#2217 = EDGE_CURVE ( 'NONE', #2710, #2229, #2183, .T. ) ;
#2218 = ADVANCED_FACE ( 'NONE', ( #727 ), #479, .F. ) ;
#2219 = DIRECTION ( 'NONE',  ( 0.000000000000000000, 1.000000000000000000, 0.000000000000000000 ) ) ;
#2220 = CARTESIAN_POINT ( 'NONE',  ( 0.9500000000000009548, 4.120616373302047997, -0.7000000000000001776 ) ) ;
#2221 = DIRECTION ( 'NONE',  ( 0.000000000000000000, 0.000000000000000000, -1.000000000000000000 ) ) ;
#2222 = ORIENTED_EDGE ( 'NONE', *, *, #1047, .F. ) ;
#2223 = CARTESIAN_POINT ( 'NONE',  ( 0.9500000000000009548, 0.5250000000000000222, 0.9499999999999998446 ) ) ;
#2224 = PLANE ( 'NONE',  #2397 ) ;
#2225 = APPLICATION_PROTOCOL_DEFINITION ( 'draft international standard', 'automotive_design', 1998, #3727 ) ;
#2226 = ADVANCED_FACE ( 'NONE', ( #3350 ), #1329, .T. ) ;
#2227 = FILL_AREA_STYLE ('',( #2765 ) ) ;
#2228 = DIRECTION ( 'NONE',  ( 0.000000000000000000, 1.000000000000000000, 0.000000000000000000 ) ) ;
#2229 = VERTEX_POINT ( 'NONE', #2455 ) ;
#2230 = CARTESIAN_POINT ( 'NONE',  ( -1.175000000000000266, 0.5500000000000001554, -0.8318019484660534868 ) ) ;
#2231 = ORIENTED_EDGE ( 'NONE', *, *, #1567, .T. ) ;
#2232 = ADVANCED_FACE ( 'NONE', ( #2759 ), #1027, .F. ) ;
#2233 = LINE ( 'NONE', #3402, #2744 ) ;
#2234 = ORIENTED_EDGE ( 'NONE', *, *, #2645, .F. ) ;
#2235 = LINE ( 'NONE', #1092, #555 ) ;
#2236 = CARTESIAN_POINT ( 'NONE',  ( -1.108578643762690552, 0.000000000000000000, 0.9499999999999999556 ) ) ;
#2237 = VERTEX_POINT ( 'NONE', #1900 ) ;
#2238 = ADVANCED_FACE ( 'NONE', ( #2163 ), #1629, .F. ) ;
#2239 = DIRECTION ( 'NONE',  ( 0.000000000000000000, 0.000000000000000000, 1.000000000000000000 ) ) ;
#2240 = VERTEX_POINT ( 'NONE', #2144 ) ;
#2241 = DIRECTION ( 'NONE',  ( -1.000000000000000000, 0.000000000000000000, 0.000000000000000000 ) ) ;
#2242 = CARTESIAN_POINT ( 'NONE',  ( 0.4500000000000001776, -1.030776406404415146, -0.9500000000000000666 ) ) ;
#2243 = EDGE_CURVE ( 'NONE', #2707, #3169, #3087, .T. ) ;
#2244 = LINE ( 'NONE', #552, #3552 ) ;
#2245 = CARTESIAN_POINT ( 'NONE',  ( 1.250000000000000222, 0.000000000000000000, -1.000000000000000222 ) ) ;
#2246 = EDGE_CURVE ( 'NONE', #1019, #3640, #3334, .T. ) ;
#2247 = ORIENTED_EDGE ( 'NONE', *, *, #2181, .T. ) ;
#2248 = DIRECTION ( 'NONE',  ( 0.000000000000000000, 0.000000000000000000, -1.000000000000000000 ) ) ;
#2249 = ORIENTED_EDGE ( 'NONE', *, *, #2736, .F. ) ;
#2250 = FILL_AREA_STYLE ('',( #1161 ) ) ;
#2251 = ORIENTED_EDGE ( 'NONE', *, *, #3305, .T. ) ;
#2252 = DIRECTION ( 'NONE',  ( 0.000000000000000000, 0.000000000000000000, -1.000000000000000000 ) ) ;
#2253 = CARTESIAN_POINT ( 'NONE',  ( 0.9500000000000009548, 0.5500000000000000444, -0.7000000000000001776 ) ) ;
#2254 = ORIENTED_EDGE ( 'NONE', *, *, #146, .F. ) ;
#2255 = CARTESIAN_POINT ( 'NONE',  ( -1.150000000000000133, 0.5500000000000000444, 0.6999999999999999556 ) ) ;
#2256 = VECTOR ( 'NONE', #3386, 1000.000000000000000 ) ;
#2257 = EDGE_LOOP ( 'NONE', ( #2495, #1149, #2307, #564 ) ) ;
#2258 = CARTESIAN_POINT ( 'NONE',  ( -0.9500000000000002887, 0.5500000000000000444, 0.6999999999999999556 ) ) ;
#2259 = AXIS2_PLACEMENT_3D ( 'NONE', #3520, #2956, #1199 ) ;
#2260 = CARTESIAN_POINT ( 'NONE',  ( -1.250000000000000222, 0.000000000000000000, 1.000000000000000222 ) ) ;
#2261 = DIRECTION ( 'NONE',  ( 0.000000000000000000, 0.000000000000000000, -1.000000000000000000 ) ) ;
#2262 = VECTOR ( 'NONE', #948, 1000.000000000000000 ) ;
#2263 = DIRECTION ( 'NONE',  ( 0.000000000000000000, 1.000000000000000000, -0.000000000000000000 ) ) ;
#2264 = LINE ( 'NONE', #1157, #3372 ) ;
#2265 = CIRCLE ( 'NONE', #2751, 0.1000000000000001582 ) ;
#2266 = DIRECTION ( 'NONE',  ( -0.000000000000000000, -1.000000000000000000, -0.000000000000000000 ) ) ;
#2267 = VERTEX_POINT ( 'NONE', #2489 ) ;
#2268 = AXIS2_PLACEMENT_3D ( 'NONE', #819, #475, #2221 ) ;
#2269 = EDGE_CURVE ( 'NONE', #2304, #1948, #457, .T. ) ;
#2270 = SURFACE_SIDE_STYLE ('',( #833 ) ) ;
#2271 = ORIENTED_EDGE ( 'NONE', *, *, #103, .F. ) ;
#2272 = AXIS2_PLACEMENT_3D ( 'NONE', #3276, #327, #2706 ) ;
#2273 = AXIS2_PLACEMENT_3D ( 'NONE', #2433, #2739, #1881 ) ;
#2274 = EDGE_CURVE ( 'NONE', #2429, #2732, #1544, .T. ) ;
#2275 = PRESENTATION_LAYER_ASSIGNMENT (  '', '', ( #207 ) ) ;
#2276 = CARTESIAN_POINT ( 'NONE',  ( -1.149999999999999911, 0.4500000000000000666, 1.000000000000000222 ) ) ;
#2277 = AXIS2_PLACEMENT_3D ( 'NONE', #1919, #3335, #2762 ) ;
#2278 = CARTESIAN_POINT ( 'NONE',  ( 0.9500000000000012879, 0.5500000000000000444, -0.9396446609406726713 ) ) ;
#2279 = ORIENTED_EDGE ( 'NONE', *, *, #2784, .T. ) ;
#2280 = CARTESIAN_POINT ( 'NONE',  ( -1.200000000000000178, 0.5250000000000000222, 0.6999999999999999556 ) ) ;
#2281 = ORIENTED_EDGE ( 'NONE', *, *, #1644, .T. ) ;
#2282 = EDGE_CURVE ( 'NONE', #1160, #2429, #3695, .T. ) ;
#2283 = LINE ( 'NONE', #3159, #2016 ) ;
#2284 = DIRECTION ( 'NONE',  ( -0.000000000000000000, -1.000000000000000000, -0.000000000000000000 ) ) ;
#2285 = CARTESIAN_POINT ( 'NONE',  ( -1.081801948466054153, 0.5500000000000000444, 0.9249999999999994893 ) ) ;
#2286 = ORIENTED_EDGE ( 'NONE', *, *, #2282, .T. ) ;
#2287 = CARTESIAN_POINT ( 'NONE',  ( 1.250000000000000222, 0.2999999999999999889, -1.000000000000000222 ) ) ;
#2288 = ADVANCED_FACE ( 'NONE', ( #1044 ), #2202, .F. ) ;
#2289 = VERTEX_POINT ( 'NONE', #3394 ) ;
#2290 = CARTESIAN_POINT ( 'NONE',  ( -1.129457668135704029, 0.5499999999999999334, -0.8367113040527798251 ) ) ;
#2291 = VERTEX_POINT ( 'NONE', #785 ) ;
#2292 = EDGE_CURVE ( 'NONE', #1379, #3711, #1934, .T. ) ;
#2293 = EDGE_LOOP ( 'NONE', ( #917, #2785, #29, #2622 ) ) ;
#2294 = LINE ( 'NONE', #871, #1159 ) ;
#2295 = CARTESIAN_POINT ( 'NONE',  ( 0.9500000000000012879, 0.5396446609406726491, -0.9500000000000000666 ) ) ;
#2296 = ORIENTED_EDGE ( 'NONE', *, *, #1101, .F. ) ;
#2297 = EDGE_CURVE ( 'NONE', #1570, #3786, #2811, .T. ) ;
#2298 = DIRECTION ( 'NONE',  ( 1.000000000000000000, 0.000000000000000000, -0.000000000000000000 ) ) ;
#2299 = ORIENTED_EDGE ( 'NONE', *, *, #119, .T. ) ;
#2300 = DIRECTION ( 'NONE',  ( -0.000000000000000000, -1.000000000000000000, -0.000000000000000000 ) ) ;
#2301 = LINE ( 'NONE', #533, #935 ) ;
#2302 = CARTESIAN_POINT ( 'NONE',  ( 0.000000000000000000, 0.2999999999999999889, 0.000000000000000000 ) ) ;
#2303 = EDGE_CURVE ( 'NONE', #1488, #3711, #2530, .T. ) ;
#2304 = VERTEX_POINT ( 'NONE', #1152 ) ;
#2305 = CARTESIAN_POINT ( 'NONE',  ( -1.108578643762690552, 0.2999999999999999334, -0.9499999999999998446 ) ) ;
#2306 = FACE_OUTER_BOUND ( 'NONE', #2257, .T. ) ;
#2307 = ORIENTED_EDGE ( 'NONE', *, *, #2712, .F. ) ;
#2308 = CARTESIAN_POINT ( 'NONE',  ( -0.4500000000000001776, 0.2999999999999999889, 0.3500000000000001998 ) ) ;
#2309 = ORIENTED_EDGE ( 'NONE', *, *, #2599, .F. ) ;
#2310 = B_SPLINE_CURVE_WITH_KNOTS ( 'NONE', 3,
 ( #2465, #1018, #1445, #2571, #2290, #523, #3735, #3774, #2551, #1690 ),
 .UNSPECIFIED., .F., .F.,
 ( 4, 2, 2, 2, 4 ),
 ( 0.000000000000000000, 0.5000000000000000000, 0.6250000000000000000, 0.7500000000000000000, 1.000000000000000000 ),
 .UNSPECIFIED. ) ;
#2311 = ORIENTED_EDGE ( 'NONE', *, *, #2859, .F. ) ;
#2312 = CARTESIAN_POINT ( 'NONE',  ( -0.9500000000000002887, 0.5500000000000000444, -0.9500000000000000666 ) ) ;
#2313 = CARTESIAN_POINT ( 'NONE',  ( 1.250000000000000000, 0.4500000000000000666, 0.8500000000000001998 ) ) ;
#2314 = ORIENTED_EDGE ( 'NONE', *, *, #2969, .T. ) ;
#2315 = SURFACE_SIDE_STYLE ('',( #406 ) ) ;
#2316 = ORIENTED_EDGE ( 'NONE', *, *, #1631, .F. ) ;
#2317 = CARTESIAN_POINT ( 'NONE',  ( -3.127924276367432765E-16, 0.000000000000000000, -0.9500000000000001776 ) ) ;
#2318 = CARTESIAN_POINT ( 'NONE',  ( -1.250000000000000222, 0.2999999999999999889, -1.000000000000000222 ) ) ;
#2319 = VECTOR ( 'NONE', #3720, 1000.000000000000000 ) ;
#2320 = MECHANICAL_DESIGN_GEOMETRIC_PRESENTATION_REPRESENTATION (  '', ( #252 ), #1953 ) ;
#2321 = VERTEX_POINT ( 'NONE', #240 ) ;
#2322 = FACE_OUTER_BOUND ( 'NONE', #219, .T. ) ;
#2323 = PRESENTATION_STYLE_ASSIGNMENT (( #3455 ) ) ;
#2324 = AXIS2_PLACEMENT_3D ( 'NONE', #613, #1194, #2454 ) ;
#2325 = LINE ( 'NONE', #3495, #3376 ) ;
#2326 = ORIENTED_EDGE ( 'NONE', *, *, #1066, .T. ) ;
#2327 = EDGE_CURVE ( 'NONE', #616, #2384, #2562, .T. ) ;
#2328 = ADVANCED_FACE ( 'NONE', ( #3747 ), #1120, .F. ) ;
#2329 = DIRECTION ( 'NONE',  ( 0.000000000000000000, 1.000000000000000000, 0.000000000000000000 ) ) ;
#2330 = VECTOR ( 'NONE', #1325, 1000.000000000000000 ) ;
#2331 = ORIENTED_EDGE ( 'NONE', *, *, #1851, .T. ) ;
#2332 = VECTOR ( 'NONE', #433, 1000.000000000000000 ) ;
#2333 = ORIENTED_EDGE ( 'NONE', *, *, #108, .F. ) ;
#2334 = CARTESIAN_POINT ( 'NONE',  ( 8.673617379884134869E-15, 0.2999999999999999334, -1.000000000000009770 ) ) ;
#2335 = CIRCLE ( 'NONE', #1846, 0.1000000000000001582 ) ;
#2336 = CARTESIAN_POINT ( 'NONE',  ( -1.150000000000000133, 0.5500000000000000444, 0.6999999999999999556 ) ) ;
#2337 = VECTOR ( 'NONE', #1618, 1000.000000000000000 ) ;
#2338 = VERTEX_POINT ( 'NONE', #3122 ) ;
#2339 = EDGE_CURVE ( 'NONE', #1785, #1041, #2698, .T. ) ;
#2340 = VERTEX_POINT ( 'NONE', #1440 ) ;
#2341 = DIRECTION ( 'NONE',  ( 0.000000000000000000, -1.000000000000000000, 0.000000000000000000 ) ) ;
#2342 = AXIS2_PLACEMENT_3D ( 'NONE', #1837, #2657, #2644 ) ;
#2343 = LINE ( 'NONE', #1493, #1295 ) ;
#2344 = DIRECTION ( 'NONE',  ( -1.000000000000000000, -0.000000000000000000, -0.000000000000000000 ) ) ;
#2345 = ADVANCED_FACE ( 'NONE', ( #3713 ), #1742, .F. ) ;
#2346 = ORIENTED_EDGE ( 'NONE', *, *, #3464, .F. ) ;
#2347 = ORIENTED_EDGE ( 'NONE', *, *, #316, .F. ) ;
#2348 = CARTESIAN_POINT ( 'NONE',  ( -0.4500000000000001776, 0.000000000000000000, 0.3500000000000002554 ) ) ;
#2349 = LINE ( 'NONE', #2649, #2574 ) ;
#2350 = ADVANCED_FACE ( 'NONE', ( #3487 ), #3469, .T. ) ;
#2351 = EDGE_LOOP ( 'NONE', ( #3139, #1691, #2674, #832, #672, #3277, #2079, #1077, #3093 ) ) ;
#2352 = DIRECTION ( 'NONE',  ( 1.000000000000000000, 0.000000000000000000, -8.673617379884035472E-17 ) ) ;
#2353 = ORIENTED_EDGE ( 'NONE', *, *, #1156, .F. ) ;
#2354 = CARTESIAN_POINT ( 'NONE',  ( -5.059610138265692495E-17, -1.030776406404415146, 0.3500000000000003109 ) ) ;
#2355 = CARTESIAN_POINT ( 'NONE',  ( 1.250000000000000222, -1.030776406404415146, -1.000000000000000222 ) ) ;
#2356 = EDGE_LOOP ( 'NONE', ( #2367, #1383, #1210, #2249 ) ) ;
#2357 = ORIENTED_EDGE ( 'NONE', *, *, #2838, .T. ) ;
#2358 = DIRECTION ( 'NONE',  ( -0.000000000000000000, -0.000000000000000000, 1.000000000000000000 ) ) ;
#2359 = DIRECTION ( 'NONE',  ( 0.000000000000000000, 1.000000000000000000, 0.000000000000000000 ) ) ;
#2360 = ORIENTED_EDGE ( 'NONE', *, *, #3762, .T. ) ;
#2361 = LINE ( 'NONE', #1512, #2866 ) ;
#2362 = EDGE_CURVE ( 'NONE', #2614, #3149, #261, .T. ) ;
#2363 = CARTESIAN_POINT ( 'NONE',  ( 1.250000000000000000, 0.000000000000000000, 0.9999999999999997780 ) ) ;
#2364 = DIRECTION ( 'NONE',  ( 0.000000000000000000, 0.000000000000000000, -1.000000000000000000 ) ) ;
#2365 = ORIENTED_EDGE ( 'NONE', *, *, #1259, .F. ) ;
#2366 = EDGE_CURVE ( 'NONE', #2927, #3206, #3160, .T. ) ;
#2367 = ORIENTED_EDGE ( 'NONE', *, *, #2635, .T. ) ;
#2368 = CARTESIAN_POINT ( 'NONE',  ( -1.150000000000000133, 0.5500000000000000444, -0.7000000000000000666 ) ) ;
#2369 = EDGE_CURVE ( 'NONE', #3726, #3640, #1422, .T. ) ;
#2370 = VERTEX_POINT ( 'NONE', #1137 ) ;
#2371 = ORIENTED_EDGE ( 'NONE', *, *, #3459, .T. ) ;
#2372 = PLANE ( 'NONE',  #3132 ) ;
#2373 = DIRECTION ( 'NONE',  ( 0.000000000000000000, 1.000000000000000000, 0.000000000000000000 ) ) ;
#2374 = FACE_OUTER_BOUND ( 'NONE', #681, .T. ) ;
#2375 = ORIENTED_EDGE ( 'NONE', *, *, #1437, .F. ) ;
#2376 = ORIENTED_EDGE ( 'NONE', *, *, #716, .F. ) ;
#2377 = LINE ( 'NONE', #1212, #2563 ) ;
#2378 = VECTOR ( 'NONE', #3406, 1000.000000000000000 ) ;
#2379 = PLANE ( 'NONE',  #3693 ) ;
#2380 = LINE ( 'NONE', #1182, #2999 ) ;
#2381 = AXIS2_PLACEMENT_3D ( 'NONE', #59, #1811, #940 ) ;
#2382 = VERTEX_POINT ( 'NONE', #2885 ) ;
#2383 = EDGE_CURVE ( 'NONE', #3149, #2291, #2301, .T. ) ;
#2384 = VERTEX_POINT ( 'NONE', #2028 ) ;
#2385 = DIRECTION ( 'NONE',  ( 0.000000000000000000, 0.000000000000000000, 1.000000000000000000 ) ) ;
#2386 = CIRCLE ( 'NONE', #1833, 0.1999999999999999833 ) ;
#2387 = DIRECTION ( 'NONE',  ( 0.000000000000000000, 1.000000000000000000, 0.000000000000000000 ) ) ;
#2388 = ORIENTED_EDGE ( 'NONE', *, *, #1666, .F. ) ;
#2389 = VECTOR ( 'NONE', #2101, 1000.000000000000000 ) ;
#2390 = EDGE_CURVE ( 'NONE', #1827, #1924, #1954, .T. ) ;
#2391 = ORIENTED_EDGE ( 'NONE', *, *, #483, .F. ) ;
#2392 = CARTESIAN_POINT ( 'NONE',  ( -1.150000000000000355, 0.5999999999999998668, 0.7000000000000000666 ) ) ;
#2393 = VECTOR ( 'NONE', #3290, 1000.000000000000000 ) ;
#2394 = STYLED_ITEM ( 'NONE', ( #2478 ), #1955 ) ;
#2395 = LINE ( 'NONE', #3203, #2870 ) ;
#2396 = VECTOR ( 'NONE', #19, 1000.000000000000000 ) ;
#2397 = AXIS2_PLACEMENT_3D ( 'NONE', #167, #3317, #126 ) ;
#2398 = EDGE_CURVE ( 'NONE', #238, #1338, #3563, .T. ) ;
#2399 = ADVANCED_FACE ( 'NONE', ( #2598 ), #3204, .T. ) ;
#2400 = ORIENTED_EDGE ( 'NONE', *, *, #1398, .F. ) ;
#2401 = DIRECTION ( 'NONE',  ( 0.000000000000000000, 0.000000000000000000, -1.000000000000000000 ) ) ;
#2402 = LINE ( 'NONE', #633, #1967 ) ;
#2403 = CARTESIAN_POINT ( 'NONE',  ( 1.200000000000000400, 0.2999999999999999889, 0.000000000000000000 ) ) ;
#2404 = VERTEX_POINT ( 'NONE', #2925 ) ;
#2405 = ORIENTED_EDGE ( 'NONE', *, *, #322, .F. ) ;
#2406 = DIRECTION ( 'NONE',  ( 5.706327223607915090E-17, -0.000000000000000000, 1.000000000000000000 ) ) ;
#2407 = ORIENTED_EDGE ( 'NONE', *, *, #3464, .T. ) ;
#2408 = DIRECTION ( 'NONE',  ( 5.706327223607915090E-17, -0.000000000000000000, 1.000000000000000000 ) ) ;
#2409 = DIRECTION ( 'NONE',  ( 0.000000000000000000, 0.000000000000000000, -1.000000000000000000 ) ) ;
#2410 = ADVANCED_FACE ( 'NONE', ( #2084 ), #339, .T. ) ;
#2411 = CARTESIAN_POINT ( 'NONE',  ( 1.150000000000000799, 4.120616373302047997, 0.6999999999999999556 ) ) ;
#2412 = CARTESIAN_POINT ( 'NONE',  ( 1.200000000000001066, 0.5250000000000000222, -0.7000000000000000666 ) ) ;
#2413 = ORIENTED_EDGE ( 'NONE', *, *, #295, .T. ) ;
#2414 = CARTESIAN_POINT ( 'NONE',  ( 1.250000000000000222, 0.000000000000000000, 1.000000000000000222 ) ) ;
#2415 = DIRECTION ( 'NONE',  ( 1.000000000000000000, 0.000000000000000000, -0.000000000000000000 ) ) ;
#2416 = ADVANCED_FACE ( 'NONE', ( #3257 ), #2980, .T. ) ;
#2417 = CARTESIAN_POINT ( 'NONE',  ( 1.250000000000000222, 0.000000000000000000, -0.8500000000000000888 ) ) ;
#2418 = DIRECTION ( 'NONE',  ( 0.000000000000000000, -0.000000000000000000, 1.000000000000000000 ) ) ;
#2419 = ORIENTED_EDGE ( 'NONE', *, *, #685, .F. ) ;
#2420 = CARTESIAN_POINT ( 'NONE',  ( -1.200000000000000400, 0.2999999999999999889, 0.000000000000000000 ) ) ;
#2421 = ORIENTED_EDGE ( 'NONE', *, *, #1542, .T. ) ;
#2422 = DIRECTION ( 'NONE',  ( 0.000000000000000000, 1.000000000000000000, -0.000000000000000000 ) ) ;
#2423 = CARTESIAN_POINT ( 'NONE',  ( -1.250000000000000222, 0.2999999999999999889, 1.000000000000000222 ) ) ;
#2424 = ORIENTED_EDGE ( 'NONE', *, *, #1735, .T. ) ;
#2425 = ADVANCED_FACE ( 'NONE', ( #2374 ), #13, .T. ) ;
#2426 = PLANE ( 'NONE',  #751 ) ;
#2427 = DIRECTION ( 'NONE',  ( 0.000000000000000000, 1.000000000000000000, 0.000000000000000000 ) ) ;
#2428 = LINE ( 'NONE', #1862, #2451 ) ;
#2429 = VERTEX_POINT ( 'NONE', #35 ) ;
#2430 = EDGE_CURVE ( 'NONE', #2927, #2338, #87, .T. ) ;
#2431 = DIRECTION ( 'NONE',  ( 0.000000000000000000, 0.000000000000000000, -1.000000000000000000 ) ) ;
#2432 = DIRECTION ( 'NONE',  ( 0.000000000000000000, 0.000000000000000000, 1.000000000000000000 ) ) ;
#2433 = CARTESIAN_POINT ( 'NONE',  ( 0.9500000000000009548, 0.5500000000000000444, 0.6999999999999999556 ) ) ;
#2434 = CARTESIAN_POINT ( 'NONE',  ( -1.250000000000000222, 0.2999999999999999889, 1.000000000000000222 ) ) ;
#2435 = UNCERTAINTY_MEASURE_WITH_UNIT (LENGTH_MEASURE( 1.000000000000000082E-05 ), #1902, 'distance_accuracy_value', 'NONE');
#2436 = DIRECTION ( 'NONE',  ( -1.000000000000000000, -0.000000000000000000, -5.706327223607915090E-17 ) ) ;
#2437 = ORIENTED_EDGE ( 'NONE', *, *, #2955, .F. ) ;
#2438 = AXIS2_PLACEMENT_3D ( 'NONE', #2856, #1202, #2667 ) ;
#2439 = PRESENTATION_STYLE_ASSIGNMENT (( #2094 ) ) ;
#2440 = EDGE_CURVE ( 'NONE', #1389, #1739, #50, .T. ) ;
#2441 = DIRECTION ( 'NONE',  ( 0.000000000000000000, 0.000000000000000000, -1.000000000000000000 ) ) ;
#2442 = COLOUR_RGB ( '',0.9686274509803921573, 0.8784313725490195957, 0.5999999999999999778 ) ;
#2443 = EDGE_LOOP ( 'NONE', ( #1035, #2640, #1300, #2400 ) ) ;
#2444 = AXIS2_PLACEMENT_3D ( 'NONE', #2660, #1819, #3515 ) ;
#2445 = CARTESIAN_POINT ( 'NONE',  ( -1.200000000000000400, 0.000000000000000000, 0.000000000000000000 ) ) ;
#2446 = VECTOR ( 'NONE', #2373, 1000.000000000000000 ) ;
#2447 = CARTESIAN_POINT ( 'NONE',  ( 0.4500000000000001776, -1.030776406404415146, 0.9500000000000000666 ) ) ;
#2448 = EDGE_CURVE ( 'NONE', #763, #2002, #1494, .T. ) ;
#2449 = CARTESIAN_POINT ( 'NONE',  ( 1.200000000000000400, 0.000000000000000000, 0.8585786437626905521 ) ) ;
#2450 = ORIENTED_EDGE ( 'NONE', *, *, #3107, .F. ) ;
#2451 = VECTOR ( 'NONE', #3605, 1000.000000000000000 ) ;
#2452 = AXIS2_PLACEMENT_3D ( 'NONE', #2420, #3016, #275 ) ;
#2453 = CARTESIAN_POINT ( 'NONE',  ( -1.150000000000000355, 0.4500000000000000666, -1.000000000000000000 ) ) ;
#2454 = DIRECTION ( 'NONE',  ( 1.000000000000000000, 0.000000000000000000, 0.000000000000000000 ) ) ;
#2455 = CARTESIAN_POINT ( 'NONE',  ( -0.9500000000000002887, 0.5500000000000000444, -0.9000000000000002442 ) ) ;
#2456 = AXIS2_PLACEMENT_3D ( 'NONE', #933, #1805, #2124 ) ;
#2457 = AXIS2_PLACEMENT_3D ( 'NONE', #152, #2474, #708 ) ;
#2458 = APPLICATION_PROTOCOL_DEFINITION ( 'draft international standard', 'automotive_design', 1998, #3452 ) ;
#2459 = CIRCLE ( 'NONE', #1910, 0.1500000000000001887 ) ;
#2460 = PLANE ( 'NONE',  #1524 ) ;
#2461 = ADVANCED_FACE ( 'NONE', ( #3545 ), #648, .T. ) ;
#2462 = ORIENTED_EDGE ( 'NONE', *, *, #1406, .F. ) ;
#2463 = FACE_OUTER_BOUND ( 'NONE', #2989, .T. ) ;
#2464 = ORIENTED_EDGE ( 'NONE', *, *, #200, .T. ) ;
#2465 = CARTESIAN_POINT ( 'NONE',  ( -0.9500000000000002887, 0.5500000000000000444, -0.9250000000000001554 ) ) ;
#2466 = EDGE_CURVE ( 'NONE', #364, #3441, #3272, .T. ) ;
#2467 = EDGE_LOOP ( 'NONE', ( #2498, #15, #320, #890, #2128, #595, #1335, #1147 ) ) ;
#2468 = CARTESIAN_POINT ( 'NONE',  ( -0.4500000000000001776, 0.2999999999999999889, -0.9499999999999999556 ) ) ;
#2469 = LINE ( 'NONE', #1585, #2869 ) ;
#2470 = DIRECTION ( 'NONE',  ( 0.000000000000000000, 0.000000000000000000, 1.000000000000000000 ) ) ;
#2471 = ORIENTED_EDGE ( 'NONE', *, *, #1339, .T. ) ;
#2472 = DIRECTION ( 'NONE',  ( 0.000000000000000000, -0.000000000000000000, 1.000000000000000000 ) ) ;
#2473 = PLANE ( 'NONE',  #3430 ) ;
#2474 = DIRECTION ( 'NONE',  ( -1.000000000000000000, 0.000000000000000000, 0.000000000000000000 ) ) ;
#2475 =( NAMED_UNIT ( * ) SI_UNIT ( $, .STERADIAN. ) SOLID_ANGLE_UNIT ( ) );
#2476 = VERTEX_POINT ( 'NONE', #2673 ) ;
#2477 = PRESENTATION_STYLE_ASSIGNMENT (( #2168 ) ) ;
#2478 = PRESENTATION_STYLE_ASSIGNMENT (( #2169 ) ) ;
#2479 = FACE_OUTER_BOUND ( 'NONE', #1230, .T. ) ;
#2480 = ORIENTED_EDGE ( 'NONE', *, *, #246, .F. ) ;
#2481 = EDGE_CURVE ( 'NONE', #1924, #2843, #1850, .T. ) ;
#2482 = DIRECTION ( 'NONE',  ( 0.000000000000000000, 0.000000000000000000, -1.000000000000000000 ) ) ;
#2483 = ORIENTED_EDGE ( 'NONE', *, *, #3565, .F. ) ;
#2484 = CYLINDRICAL_SURFACE ( 'NONE', #1775, 0.1500000000000001887 ) ;
#2485 = CARTESIAN_POINT ( 'NONE',  ( 1.250000000000000222, 0.000000000000000000, 1.000000000000000222 ) ) ;
#2486 = VERTEX_POINT ( 'NONE', #3233 ) ;
#2487 = VERTEX_POINT ( 'NONE', #3530 ) ;
#2488 = DIRECTION ( 'NONE',  ( 0.000000000000000000, -0.000000000000000000, 1.000000000000000000 ) ) ;
#2489 = CARTESIAN_POINT ( 'NONE',  ( 1.250000000000000222, 0.2999999999999999334, -0.8500000000000000888 ) ) ;
#2490 = LINE ( 'NONE', #1294, #148 ) ;
#2491 = CARTESIAN_POINT ( 'NONE',  ( -1.250000000000000222, -1.030776406404415146, -1.000000000000000222 ) ) ;
#2492 = DIRECTION ( 'NONE',  ( -0.000000000000000000, 0.000000000000000000, -1.000000000000000000 ) ) ;
#2493 = CARTESIAN_POINT ( 'NONE',  ( 0.000000000000000000, 0.4500000000000000666, -1.000000000000000000 ) ) ;
#2494 = VECTOR ( 'NONE', #706, 1000.000000000000000 ) ;
#2495 = ORIENTED_EDGE ( 'NONE', *, *, #2078, .T. ) ;
#2496 = CARTESIAN_POINT ( 'NONE',  ( -1.250000000000000222, 0.2999999999999999889, -1.000000000000000222 ) ) ;
#2497 = AXIS2_PLACEMENT_3D ( 'NONE', #2688, #3561, #99 ) ;
#2498 = ORIENTED_EDGE ( 'NONE', *, *, #1323, .F. ) ;
#2499 = CARTESIAN_POINT ( 'NONE',  ( 1.108578643762690552, 0.000000000000000000, -0.9499999999999998446 ) ) ;
#2500 = AXIS2_PLACEMENT_3D ( 'NONE', #2491, #3319, #3382 ) ;
#2501 = DIRECTION ( 'NONE',  ( -1.000000000000000000, 0.000000000000000000, -3.292551869860454633E-16 ) ) ;
#2502 = DIRECTION ( 'NONE',  ( 0.000000000000000000, 1.000000000000000000, 0.000000000000000000 ) ) ;
#2503 = AXIS2_PLACEMENT_3D ( 'NONE', #444, #3030, #3090 ) ;
#2504 = EDGE_CURVE ( 'NONE', #2843, #1488, #1782, .T. ) ;
#2505 = DIRECTION ( 'NONE',  ( 1.000000000000000000, -0.000000000000000000, 1.224646799147353207E-16 ) ) ;
#2506 = ORIENTED_EDGE ( 'NONE', *, *, #2600, .T. ) ;
#2507 = DIRECTION ( 'NONE',  ( -3.292551869860454633E-16, 0.000000000000000000, -1.000000000000000000 ) ) ;
#2508 = DIRECTION ( 'NONE',  ( 3.292551869860454633E-16, 0.000000000000000000, -1.000000000000000000 ) ) ;
#2509 = EDGE_CURVE ( 'NONE', #310, #616, #1192, .T. ) ;
#2510 = PLANE ( 'NONE',  #2139 ) ;
#2511 = ADVANCED_FACE ( 'NONE', ( #2696 ), #1252, .F. ) ;
#2512 = AXIS2_PLACEMENT_3D ( 'NONE', #790, #2186, #3358 ) ;
#2513 = VECTOR ( 'NONE', #1825, 1000.000000000000000 ) ;
#2514 = PRODUCT_CONTEXT ( 'NONE', #3452, 'mechanical' ) ;
#2515 = DIRECTION ( 'NONE',  ( 0.000000000000000000, 0.000000000000000000, 1.000000000000000000 ) ) ;
#2516 = CIRCLE ( 'NONE', #204, 0.1500000000000001887 ) ;
#2517 = CARTESIAN_POINT ( 'NONE',  ( 1.100000000000000089, 0.2999999999999999889, -1.000000000000000000 ) ) ;
#2518 = CARTESIAN_POINT ( 'NONE',  ( -1.200000000000000400, 0.5250000000000000222, -0.6999999999999999556 ) ) ;
#2519 = VECTOR ( 'NONE', #985, 1000.000000000000000 ) ;
#2520 = ORIENTED_EDGE ( 'NONE', *, *, #2390, .F. ) ;
#2521 = LINE ( 'NONE', #3706, #620 ) ;
#2522 = AXIS2_PLACEMENT_3D ( 'NONE', #3646, #410, #3326 ) ;
#2523 = VERTEX_POINT ( 'NONE', #679 ) ;
#2524 = CARTESIAN_POINT ( 'NONE',  ( 1.175000000000000711, 0.5500000000000000444, -0.6999999999999999556 ) ) ;
#2525 = EDGE_LOOP ( 'NONE', ( #3429, #3229, #4, #3608 ) ) ;
#2526 =( LENGTH_UNIT ( ) NAMED_UNIT ( * ) SI_UNIT ( .MILLI., .METRE. ) );
#2527 = ORIENTED_EDGE ( 'NONE', *, *, #2897, .F. ) ;
#2528 = EDGE_CURVE ( 'NONE', #3767, #1160, #3309, .T. ) ;
#2529 = DIRECTION ( 'NONE',  ( 0.000000000000000000, 1.000000000000000000, 0.000000000000000000 ) ) ;
#2530 = LINE ( 'NONE', #2242, #1420 ) ;
#2531 = EDGE_CURVE ( 'NONE', #1813, #1878, #610, .T. ) ;
#2532 = DIRECTION ( 'NONE',  ( -1.000000000000000000, -0.000000000000000000, 0.000000000000000000 ) ) ;
#2533 = LINE ( 'NONE', #845, #2694 ) ;
#2534 = LINE ( 'NONE', #536, #265 ) ;
#2535 = LINE ( 'NONE', #2801, #2802 ) ;
#2536 = VERTEX_POINT ( 'NONE', #2789 ) ;
#2537 = CARTESIAN_POINT ( 'NONE',  ( 0.4500000000000001776, 0.2999999999999999334, 0.000000000000000000 ) ) ;
#2538 = LINE ( 'NONE', #2701, #434 ) ;
#2539 = PLANE ( 'NONE',  #1594 ) ;
#2540 = EDGE_LOOP ( 'NONE', ( #149, #211, #3496, #368 ) ) ;
#2541 = PLANE ( 'NONE',  #3623 ) ;
#2542 = ORIENTED_EDGE ( 'NONE', *, *, #354, .F. ) ;
#2543 = CARTESIAN_POINT ( 'NONE',  ( 1.200000000000000400, 0.2999999999999999889, 0.000000000000000000 ) ) ;
#2544 = DIRECTION ( 'NONE',  ( -1.000000000000000000, 0.000000000000000000, 0.000000000000000000 ) ) ;
#2545 = ORIENTED_EDGE ( 'NONE', *, *, #2572, .T. ) ;
#2546 = CARTESIAN_POINT ( 'NONE',  ( -0.4500000000000001776, -1.030776406404415146, 0.3500000000000002554 ) ) ;
#2547 = CARTESIAN_POINT ( 'NONE',  ( 1.150000000000000799, 0.5999999999999998668, 0.6999999999999999556 ) ) ;
#2548 = ORIENTED_EDGE ( 'NONE', *, *, #3558, .F. ) ;
#2549 = LINE ( 'NONE', #284, #1118 ) ;
#2550 = ORIENTED_EDGE ( 'NONE', *, *, #3497, .T. ) ;
#2551 = CARTESIAN_POINT ( 'NONE',  ( -1.175000000000000266, 0.5500000000000000444, -0.7289598205737426451 ) ) ;
#2552 = ORIENTED_EDGE ( 'NONE', *, *, #3158, .F. ) ;
#2553 = EDGE_CURVE ( 'NONE', #846, #2707, #722, .T. ) ;
#2554 = CARTESIAN_POINT ( 'NONE',  ( -1.250000000000000222, 0.2999999999999999889, -0.8999999999999998002 ) ) ;
#2555 = CARTESIAN_POINT ( 'NONE',  ( 1.200000000000000844, 0.5250000000000000222, -0.6999999999999999556 ) ) ;
#2556 = EDGE_LOOP ( 'NONE', ( #1771, #414, #328, #1763 ) ) ;
#2557 = CARTESIAN_POINT ( 'NONE',  ( 0.9500000000000009548, 0.5250000000000000222, -0.9250000000000001554 ) ) ;
#2558 = CIRCLE ( 'NONE', #3736, 0.1000000000000000472 ) ;
#2559 = ORIENTED_EDGE ( 'NONE', *, *, #1403, .T. ) ;
#2560 = LINE ( 'NONE', #3728, #1528 ) ;
#2561 = EDGE_CURVE ( 'NONE', #175, #470, #432, .T. ) ;
#2562 = LINE ( 'NONE', #3784, #2942 ) ;
#2563 = VECTOR ( 'NONE', #1480, 1000.000000000000000 ) ;
#2564 = DIRECTION ( 'NONE',  ( 0.000000000000000000, 0.000000000000000000, -1.000000000000000000 ) ) ;
#2565 = FACE_OUTER_BOUND ( 'NONE', #2187, .T. ) ;
#2566 = CIRCLE ( 'NONE', #319, 0.1500000000000001887 ) ;
#2567 = CARTESIAN_POINT ( 'NONE',  ( 0.000000000000000000, 0.2999999999999999889, 0.3500000000000002554 ) ) ;
#2568 = ORIENTED_EDGE ( 'NONE', *, *, #2635, .F. ) ;
#2569 = STYLED_ITEM ( 'NONE', ( #2439 ), #3286 ) ;
#2570 = VECTOR ( 'NONE', #1704, 1000.000000000000000 ) ;
#2571 = CARTESIAN_POINT ( 'NONE',  ( -1.119887935014344693, 0.5500000000000000444, -0.8484115288528191190 ) ) ;
#2572 = EDGE_CURVE ( 'NONE', #2404, #2594, #2469, .T. ) ;
#2573 = EDGE_LOOP ( 'NONE', ( #3142, #3038, #2878, #2559 ) ) ;
#2574 = VECTOR ( 'NONE', #901, 1000.000000000000000 ) ;
#2575 = VECTOR ( 'NONE', #493, 1000.000000000000000 ) ;
#2576 = DIRECTION ( 'NONE',  ( 1.000000000000000000, -0.000000000000000000, 8.673617379884051249E-15 ) ) ;
#2577 = CIRCLE ( 'NONE', #3313, 0.1000000000000002554 ) ;
#2578 = CARTESIAN_POINT ( 'NONE',  ( -1.150000000000000355, 0.4500000000000000666, -0.9999999999999997780 ) ) ;
#2579 = ORIENTED_EDGE ( 'NONE', *, *, #341, .T. ) ;
#2580 = CARTESIAN_POINT ( 'NONE',  ( 0.000000000000000000, 0.000000000000000000, -0.9500000000000000666 ) ) ;
#2581 = ORIENTED_EDGE ( 'NONE', *, *, #2448, .T. ) ;
#2582 = DIRECTION ( 'NONE',  ( 0.000000000000000000, 1.000000000000000000, 0.000000000000000000 ) ) ;
#2583 = DIRECTION ( 'NONE',  ( -0.000000000000000000, -1.000000000000000000, -0.000000000000000000 ) ) ;
#2584 = ORIENTED_EDGE ( 'NONE', *, *, #1324, .T. ) ;
#2585 = CARTESIAN_POINT ( 'NONE',  ( 0.000000000000000000, 0.000000000000000000, 0.000000000000000000 ) ) ;
#2586 = CARTESIAN_POINT ( 'NONE',  ( -1.250000000000000222, 0.4500000000000000666, -0.9999999999999997780 ) ) ;
#2587 = ORIENTED_EDGE ( 'NONE', *, *, #643, .F. ) ;
#2588 = ADVANCED_FACE ( 'NONE', ( #1876 ), #2752, .T. ) ;
#2589 = LINE ( 'NONE', #2604, #311 ) ;
#2590 = ORIENTED_EDGE ( 'NONE', *, *, #1358, .F. ) ;
#2591 = ORIENTED_EDGE ( 'NONE', *, *, #2736, .T. ) ;
#2592 = DIRECTION ( 'NONE',  ( -3.292551869860454633E-16, 0.000000000000000000, 1.000000000000000000 ) ) ;
#2593 = LINE ( 'NONE', #2313, #2814 ) ;
#2594 = VERTEX_POINT ( 'NONE', #1038 ) ;
#2595 = EDGE_CURVE ( 'NONE', #214, #175, #3379, .T. ) ;
#2596 = ORIENTED_EDGE ( 'NONE', *, *, #772, .T. ) ;
#2597 = CARTESIAN_POINT ( 'NONE',  ( 1.175000000000000711, 0.5250000000000000222, -0.7000000000000000666 ) ) ;
#2598 = FACE_OUTER_BOUND ( 'NONE', #2720, .T. ) ;
#2599 = EDGE_CURVE ( 'NONE', #3219, #640, #2577, .T. ) ;
#2600 = EDGE_CURVE ( 'NONE', #1495, #2823, #3024, .T. ) ;
#2601 = CARTESIAN_POINT ( 'NONE',  ( -1.200000000000000400, 0.5396446609406726491, 0.6999999999999999556 ) ) ;
#2602 = CARTESIAN_POINT ( 'NONE',  ( 1.175000000000000933, 0.5500000000000000444, 0.6999999999999999556 ) ) ;
#2603 = DIRECTION ( 'NONE',  ( 0.000000000000000000, 0.000000000000000000, -1.000000000000000000 ) ) ;
#2604 = CARTESIAN_POINT ( 'NONE',  ( -1.200000000000000400, 0.000000000000000000, 0.000000000000000000 ) ) ;
#2605 = ADVANCED_FACE ( 'NONE', ( #3082, #2716 ), #474, .F. ) ;
#2606 = ADVANCED_FACE ( 'NONE', ( #2157 ), #2137, .F. ) ;
#2607 = ORIENTED_EDGE ( 'NONE', *, *, #57, .T. ) ;
#2608 = EDGE_LOOP ( 'NONE', ( #2670, #994, #1523, #1658 ) ) ;
#2609 = CARTESIAN_POINT ( 'NONE',  ( 1.250000000000000222, 0.000000000000000000, 0.000000000000000000 ) ) ;
#2610 = CARTESIAN_POINT ( 'NONE',  ( 1.249999999999999778, 0.000000000000000000, -0.8500000000000001998 ) ) ;
#2611 = EDGE_CURVE ( 'NONE', #2486, #3085, #1245, .T. ) ;
#2612 = EDGE_LOOP ( 'NONE', ( #2639, #582, #194, #700 ) ) ;
#2613 = DIRECTION ( 'NONE',  ( 0.000000000000000000, 0.000000000000000000, 1.000000000000000000 ) ) ;
#2614 = VERTEX_POINT ( 'NONE', #145 ) ;
#2615 = FACE_OUTER_BOUND ( 'NONE', #2954, .T. ) ;
#2616 = VECTOR ( 'NONE', #3044, 1000.000000000000000 ) ;
#2617 = FACE_OUTER_BOUND ( 'NONE', #2852, .T. ) ;
#2618 = ADVANCED_FACE ( 'NONE', ( #2772 ), #1022, .T. ) ;
#2619 = CARTESIAN_POINT ( 'NONE',  ( -1.099999999999999867, 0.4500000000000000666, -0.9999999999999997780 ) ) ;
#2620 = CIRCLE ( 'NONE', #308, 0.1500000000000001887 ) ;
#2621 = VERTEX_POINT ( 'NONE', #2178 ) ;
#2622 = ORIENTED_EDGE ( 'NONE', *, *, #3301, .T. ) ;
#2623 = AXIS2_PLACEMENT_3D ( 'NONE', #3638, #186, #787 ) ;
#2624 = EDGE_LOOP ( 'NONE', ( #1444, #624, #3252, #1655, #3228, #1822, #2768, #2254 ) ) ;
#2625 = CARTESIAN_POINT ( 'NONE',  ( 0.4500000000000001776, 0.2999999999999999889, 0.000000000000000000 ) ) ;
#2626 = EDGE_CURVE ( 'NONE', #447, #1133, #2459, .T. ) ;
#2627 = CARTESIAN_POINT ( 'NONE',  ( 0.9500000000000009548, 0.4500000000000000666, -0.9500000000000000666 ) ) ;
#2628 = VECTOR ( 'NONE', #2415, 1000.000000000000000 ) ;
#2629 = FACE_OUTER_BOUND ( 'NONE', #2351, .T. ) ;
#2630 = DIRECTION ( 'NONE',  ( -1.000000000000000000, -0.000000000000000000, 0.000000000000000000 ) ) ;
#2631 = AXIS2_PLACEMENT_3D ( 'NONE', #3039, #144, #2134 ) ;
#2632 = ORIENTED_EDGE ( 'NONE', *, *, #3458, .T. ) ;
#2633 = VECTOR ( 'NONE', #2007, 1000.000000000000000 ) ;
#2634 = AXIS2_PLACEMENT_3D ( 'NONE', #2967, #1513, #3240 ) ;
#2635 = EDGE_CURVE ( 'NONE', #1217, #2110, #270, .T. ) ;
#2636 = FACE_OUTER_BOUND ( 'NONE', #3401, .T. ) ;
#2637 = AXIS2_PLACEMENT_3D ( 'NONE', #2586, #830, #1141 ) ;
#2638 = LINE ( 'NONE', #1187, #879 ) ;
#2639 = ORIENTED_EDGE ( 'NONE', *, *, #2504, .T. ) ;
#2640 = ORIENTED_EDGE ( 'NONE', *, *, #103, .T. ) ;
#2641 = DIRECTION ( 'NONE',  ( 1.000000000000000000, 0.000000000000000000, -0.000000000000000000 ) ) ;
#2642 = VECTOR ( 'NONE', #2358, 1000.000000000000000 ) ;
#2643 = LINE ( 'NONE', #64, #1470 ) ;
#2644 = DIRECTION ( 'NONE',  ( 0.000000000000000000, 0.000000000000000000, -1.000000000000000000 ) ) ;
#2645 = EDGE_CURVE ( 'NONE', #3247, #3507, #1610, .T. ) ;
#2646 = ORIENTED_EDGE ( 'NONE', *, *, #2243, .T. ) ;
#2647 = CARTESIAN_POINT ( 'NONE',  ( 0.000000000000000000, 0.000000000000000000, -1.000000000000000222 ) ) ;
#2648 = CARTESIAN_POINT ( 'NONE',  ( 0.9500000000000009548, 0.5500000000000000444, 0.9249999999999999334 ) ) ;
#2649 = CARTESIAN_POINT ( 'NONE',  ( 1.108578643762690774, -1.030776406404415146, -0.9499999999999998446 ) ) ;
#2650 = EDGE_LOOP ( 'NONE', ( #1709, #3593, #3488, #2480 ) ) ;
#2651 = SURFACE_SIDE_STYLE ('',( #1791 ) ) ;
#2652 = ORIENTED_EDGE ( 'NONE', *, *, #2481, .T. ) ;
#2653 = DIRECTION ( 'NONE',  ( -0.000000000000000000, -1.000000000000000000, -0.000000000000000000 ) ) ;
#2654 = ORIENTED_EDGE ( 'NONE', *, *, #1831, .F. ) ;
#2655 = CARTESIAN_POINT ( 'NONE',  ( -1.149999999999999911, 0.2999999999999999334, -1.000000000000000222 ) ) ;
#2656 = DIRECTION ( 'NONE',  ( 0.000000000000000000, -0.000000000000000000, 1.000000000000000000 ) ) ;
#2657 = DIRECTION ( 'NONE',  ( -0.000000000000000000, -1.000000000000000000, -0.000000000000000000 ) ) ;
#2658 = ORIENTED_EDGE ( 'NONE', *, *, #1017, .F. ) ;
#2659 = ORIENTED_EDGE ( 'NONE', *, *, #363, .T. ) ;
#2660 = CARTESIAN_POINT ( 'NONE',  ( 1.250000000000000222, -1.030776406404415146, 1.000000000000000222 ) ) ;
#2661 = PLANE ( 'NONE',  #79 ) ;
#2662 = DIRECTION ( 'NONE',  ( 0.000000000000000000, -0.000000000000000000, -1.000000000000000000 ) ) ;
#2663 = ORIENTED_EDGE ( 'NONE', *, *, #3614, .F. ) ;
#2664 = LINE ( 'NONE', #3225, #129 ) ;
#2665 = EDGE_CURVE ( 'NONE', #1167, #1739, #162, .T. ) ;
#2666 = ORIENTED_EDGE ( 'NONE', *, *, #2009, .T. ) ;
#2667 = DIRECTION ( 'NONE',  ( 0.000000000000000000, 0.000000000000000000, 1.000000000000000000 ) ) ;
#2668 = EDGE_CURVE ( 'NONE', #381, #616, #3389, .T. ) ;
#2669 = ORIENTED_EDGE ( 'NONE', *, *, #1451, .T. ) ;
#2670 = ORIENTED_EDGE ( 'NONE', *, *, #2668, .F. ) ;
#2671 = CARTESIAN_POINT ( 'NONE',  ( -1.200000000000000400, 0.000000000000000000, 0.3500000000000001998 ) ) ;
#2672 = CARTESIAN_POINT ( 'NONE',  ( -1.200000000000000400, 0.2999999999999999889, 0.3500000000000001443 ) ) ;
#2673 = CARTESIAN_POINT ( 'NONE',  ( -1.250000000000000222, 0.2999999999999999889, 0.8500000000000000888 ) ) ;
#2674 = ORIENTED_EDGE ( 'NONE', *, *, #341, .F. ) ;
#2675 = ORIENTED_EDGE ( 'NONE', *, *, #3663, .F. ) ;
#2676 = DIRECTION ( 'NONE',  ( 1.000000000000000000, 0.000000000000000000, -4.938827804790681704E-16 ) ) ;
#2677 = CIRCLE ( 'NONE', #3172, 0.1999999999999999833 ) ;
#2678 = DIRECTION ( 'NONE',  ( -0.000000000000000000, -0.000000000000000000, 1.000000000000000000 ) ) ;
#2679 = DIRECTION ( 'NONE',  ( 0.000000000000000000, 0.000000000000000000, -1.000000000000000000 ) ) ;
#2680 = AXIS2_PLACEMENT_3D ( 'NONE', #389, #1549, #3540 ) ;
#2681 = ORIENTED_EDGE ( 'NONE', *, *, #1011, .T. ) ;
#2682 = EDGE_CURVE ( 'NONE', #105, #2919, #1547, .T. ) ;
#2683 =( NAMED_UNIT ( * ) SI_UNIT ( $, .STERADIAN. ) SOLID_ANGLE_UNIT ( ) );
#2684 = AXIS2_PLACEMENT_3D ( 'NONE', #1143, #1964, #1749 ) ;
#2685 = ORIENTED_EDGE ( 'NONE', *, *, #1933, .T. ) ;
#2686 = AXIS2_PLACEMENT_3D ( 'NONE', #68, #1536, #343 ) ;
#2687 = EDGE_CURVE ( 'NONE', #1563, #3084, #461, .T. ) ;
#2688 = CARTESIAN_POINT ( 'NONE',  ( 4.691886414551149640E-16, -1.030776406404415146, 0.9500000000000002887 ) ) ;
#2689 = VERTEX_POINT ( 'NONE', #3528 ) ;
#2690 = PRESENTATION_LAYER_ASSIGNMENT (  '', '', ( #2569 ) ) ;
#2691 = VECTOR ( 'NONE', #254, 1000.000000000000000 ) ;
#2692 = CARTESIAN_POINT ( 'NONE',  ( 0.9500000000000009548, 0.5500000000000000444, 0.9249999999999999334 ) ) ;
#2693 = VECTOR ( 'NONE', #1104, 1000.000000000000000 ) ;
#2694 = VECTOR ( 'NONE', #829, 1000.000000000000000 ) ;
#2695 = PLANE ( 'NONE',  #2997 ) ;
#2696 = FACE_OUTER_BOUND ( 'NONE', #2020, .T. ) ;
#2697 = DIRECTION ( 'NONE',  ( -0.000000000000000000, -1.000000000000000000, -0.000000000000000000 ) ) ;
#2698 = CIRCLE ( 'NONE', #578, 0.1500000000000001887 ) ;
#2699 = ORIENTED_EDGE ( 'NONE', *, *, #2201, .T. ) ;
#2700 = VERTEX_POINT ( 'NONE', #2061 ) ;
#2701 = CARTESIAN_POINT ( 'NONE',  ( 0.000000000000000000, 0.2999999999999999889, 0.3500000000000002554 ) ) ;
#2702 = MECHANICAL_DESIGN_GEOMETRIC_PRESENTATION_REPRESENTATION (  '', ( #207 ), #1543 ) ;
#2703 = PLANE ( 'NONE',  #2994 ) ;
#2704 = CIRCLE ( 'NONE', #1855, 0.1500000000000001887 ) ;
#2705 = CARTESIAN_POINT ( 'NONE',  ( 0.000000000000000000, 0.000000000000000000, -0.3500000000000002554 ) ) ;
#2706 = DIRECTION ( 'NONE',  ( 0.000000000000000000, 0.000000000000000000, 1.000000000000000000 ) ) ;
#2707 = VERTEX_POINT ( 'NONE', #1453 ) ;
#2708 =( NAMED_UNIT ( * ) SI_UNIT ( $, .STERADIAN. ) SOLID_ANGLE_UNIT ( ) );
#2709 = FACE_OUTER_BOUND ( 'NONE', #2959, .T. ) ;
#2710 = VERTEX_POINT ( 'NONE', #625 ) ;
#2711 = LINE ( 'NONE', #657, #3371 ) ;
#2712 = EDGE_CURVE ( 'NONE', #2873, #3786, #369, .T. ) ;
#2713 = CARTESIAN_POINT ( 'NONE',  ( -1.200000000000000400, 0.2999999999999999889, 0.3500000000000001998 ) ) ;
#2714 = EDGE_LOOP ( 'NONE', ( #1998, #1802, #1929, #1254 ) ) ;
#2715 = FACE_OUTER_BOUND ( 'NONE', #305, .T. ) ;
#2716 = FACE_OUTER_BOUND ( 'NONE', #2467, .T. ) ;
#2717 = EDGE_CURVE ( 'NONE', #1001, #794, #956, .T. ) ;
#2718 = LINE ( 'NONE', #2790, #2081 ) ;
#2719 = ORIENTED_EDGE ( 'NONE', *, *, #3071, .T. ) ;
#2720 = EDGE_LOOP ( 'NONE', ( #349, #2072, #1024, #1889 ) ) ;
#2721 = LINE ( 'NONE', #1590, #2189 ) ;
#2722 = FACE_OUTER_BOUND ( 'NONE', #818, .T. ) ;
#2723 = CARTESIAN_POINT ( 'NONE',  ( 1.250000000000000222, -1.030776406404415146, -0.8500000000000000888 ) ) ;
#2724 = EDGE_CURVE ( 'NONE', #794, #2237, #2100, .T. ) ;
#2725 = CARTESIAN_POINT ( 'NONE',  ( -0.4500000000000001776, 0.000000000000000000, 0.000000000000000000 ) ) ;
#2726 = EDGE_CURVE ( 'NONE', #3392, #2594, #1777, .T. ) ;
#2727 = LINE ( 'NONE', #1184, #3361 ) ;
#2728 = LINE ( 'NONE', #113, #3560 ) ;
#2729 = VERTEX_POINT ( 'NONE', #2392 ) ;
#2730 = LINE ( 'NONE', #3267, #1284 ) ;
#2731 = EDGE_CURVE ( 'NONE', #1379, #46, #2704, .T. ) ;
#2732 = VERTEX_POINT ( 'NONE', #2655 ) ;
#2733 = CARTESIAN_POINT ( 'NONE',  ( 1.250000000000000000, 0.4500000000000000666, 0.8999999999999998002 ) ) ;
#2734 = DIRECTION ( 'NONE',  ( 0.000000000000000000, 1.000000000000000000, -0.000000000000000000 ) ) ;
#2735 = EDGE_LOOP ( 'NONE', ( #2160, #1683, #898, #133 ) ) ;
#2736 = EDGE_CURVE ( 'NONE', #1217, #2102, #47, .T. ) ;
#2737 = DIRECTION ( 'NONE',  ( 0.000000000000000000, 0.000000000000000000, -1.000000000000000000 ) ) ;
#2738 = CARTESIAN_POINT ( 'NONE',  ( 1.096446609406727113, 0.5396446609406727601, 0.9499999999999998446 ) ) ;
#2739 = DIRECTION ( 'NONE',  ( -0.000000000000000000, -1.000000000000000000, -0.000000000000000000 ) ) ;
#2740 = PLANE ( 'NONE',  #2277 ) ;
#2741 = CIRCLE ( 'NONE', #1581, 0.1000000000000002554 ) ;
#2742 = DIRECTION ( 'NONE',  ( 0.000000000000000000, 1.000000000000000000, 0.000000000000000000 ) ) ;
#2743 = EDGE_LOOP ( 'NONE', ( #3656, #273, #3473, #612 ) ) ;
#2744 = VECTOR ( 'NONE', #792, 1000.000000000000000 ) ;
#2745 = PLANE ( 'NONE',  #1908 ) ;
#2746 = EDGE_LOOP ( 'NONE', ( #1169, #2222, #3226, #3773, #3564, #1541, #1073, #3660, #342 ) ) ;
#2747 = CARTESIAN_POINT ( 'NONE',  ( -1.006566923790899848, 0.5500000000000000444, 0.9197341225796822339 ) ) ;
#2748 = EDGE_LOOP ( 'NONE', ( #114, #2375, #1386, #2026 ) ) ;
#2749 = AXIS2_PLACEMENT_3D ( 'NONE', #2543, #2241, #857 ) ;
#2750 = LINE ( 'NONE', #3648, #1651 ) ;
#2751 = AXIS2_PLACEMENT_3D ( 'NONE', #395, #1609, #702 ) ;
#2752 = CYLINDRICAL_SURFACE ( 'NONE', #762, 0.1999999999999999833 ) ;
#2753 = CARTESIAN_POINT ( 'NONE',  ( -1.250000000000000222, 0.000000000000000000, -1.000000000000000222 ) ) ;
#2754 = EDGE_CURVE ( 'NONE', #2536, #2370, #3216, .T. ) ;
#2755 = EDGE_LOOP ( 'NONE', ( #3513, #285, #251, #2965 ) ) ;
#2756 =( GEOMETRIC_REPRESENTATION_CONTEXT ( 3 ) GLOBAL_UNCERTAINTY_ASSIGNED_CONTEXT ( ( #2039 ) ) GLOBAL_UNIT_ASSIGNED_CONTEXT ( ( #2526, #1738, #694 ) ) REPRESENTATION_CONTEXT ( 'NONE', 'WORKASPACE' ) );
#2757 = DIRECTION ( 'NONE',  ( -0.000000000000000000, -1.000000000000000000, -0.000000000000000000 ) ) ;
#2758 = CARTESIAN_POINT ( 'NONE',  ( 1.096446609406727113, 0.5250000000000001332, 0.9499999999999997335 ) ) ;
#2759 = FACE_OUTER_BOUND ( 'NONE', #1307, .T. ) ;
#2760 = CIRCLE ( 'NONE', #1058, 0.1500000000000001887 ) ;
#2761 = AXIS2_PLACEMENT_3D ( 'NONE', #1573, #1918, #1293 ) ;
#2762 = DIRECTION ( 'NONE',  ( -1.548860246407863336E-16, 0.000000000000000000, -1.000000000000000000 ) ) ;
#2763 =( LENGTH_UNIT ( ) NAMED_UNIT ( * ) SI_UNIT ( .MILLI., .METRE. ) );
#2764 = AXIS2_PLACEMENT_3D ( 'NONE', #540, #3426, #3760 ) ;
#2765 = FILL_AREA_STYLE_COLOUR ( '', #2442 ) ;
#2766 = PLANE ( 'NONE',  #3063 ) ;
#2767 = DIRECTION ( 'NONE',  ( 0.000000000000000000, 0.000000000000000000, -1.000000000000000000 ) ) ;
#2768 = ORIENTED_EDGE ( 'NONE', *, *, #1645, .F. ) ;
#2769 = DIRECTION ( 'NONE',  ( 0.000000000000000000, 0.000000000000000000, -1.000000000000000000 ) ) ;
#2770 = ORIENTED_EDGE ( 'NONE', *, *, #773, .F. ) ;
#2771 = CARTESIAN_POINT ( 'NONE',  ( -0.9500000000000002887, 0.4500000000000000666, 0.9000000000000002442 ) ) ;
#2772 = FACE_OUTER_BOUND ( 'NONE', #513, .T. ) ;
#2773 = LINE ( 'NONE', #1877, #196 ) ;
#2774 = ORIENTED_EDGE ( 'NONE', *, *, #3092, .F. ) ;
#2775 = DIRECTION ( 'NONE',  ( 0.000000000000000000, 0.000000000000000000, -1.000000000000000000 ) ) ;
#2776 = ADVANCED_FACE ( 'NONE', ( #292 ), #2372, .F. ) ;
#2777 = CARTESIAN_POINT ( 'NONE',  ( -1.250000000000000222, 0.4500000000000000666, -0.8999999999999998002 ) ) ;
#2778 = DIRECTION ( 'NONE',  ( -0.000000000000000000, -1.000000000000000000, -0.000000000000000000 ) ) ;
#2779 =( BOUNDED_SURFACE ( )  B_SPLINE_SURFACE ( 3, 3, ( 
 ( #3470, #3454, #2285, #1703 ),
 ( #3771, #3751, #1155, #243 ),
 ( #2601, #2867, #3716, #519 ),
 ( #1083, #828, #1370, #2011 ) ),
 .UNSPECIFIED., .F., .F., .T. ) 
 B_SPLINE_SURFACE_WITH_KNOTS ( ( 4, 4 ),
 ( 4, 4 ),
 ( 0.000000000000000000, 1.000000000000000000 ),
 ( 0.000000000000000000, 1.000000000000000000 ),
 .UNSPECIFIED. ) 
 GEOMETRIC_REPRESENTATION_ITEM ( )  RATIONAL_B_SPLINE_SURFACE ( (
 ( 1.000000000000000000, 0.8047378541243649375, 0.8047378541243649375, 1.000000000000000000),
 ( 0.8047378541243649375, 0.6476030138606876374, 0.6476030138606876374, 0.8047378541243649375),
 ( 0.8047378541243649375, 0.6476030138606876374, 0.6476030138606876374, 0.8047378541243649375),
 ( 1.000000000000000000, 0.8047378541243649375, 0.8047378541243649375, 1.000000000000000000) ) ) 
 REPRESENTATION_ITEM ( '' )  SURFACE ( )  );
#2780 = DIRECTION ( 'NONE',  ( -2.891205793294674678E-15, 0.000000000000000000, -1.000000000000000000 ) ) ;
#2781 = DIRECTION ( 'NONE',  ( 0.000000000000000000, 0.000000000000000000, -1.000000000000000000 ) ) ;
#2782 = ORIENTED_EDGE ( 'NONE', *, *, #53, .F. ) ;
#2783 = DIRECTION ( 'NONE',  ( 0.000000000000000000, 1.000000000000000000, 0.000000000000000000 ) ) ;
#2784 = EDGE_CURVE ( 'NONE', #2104, #3149, #26, .T. ) ;
#2785 = ORIENTED_EDGE ( 'NONE', *, *, #2717, .T. ) ;
#2786 = LINE ( 'NONE', #1834, #393 ) ;
#2787 = ADVANCED_FACE ( 'NONE', ( #2080 ), #646, .T. ) ;
#2788 = CARTESIAN_POINT ( 'NONE',  ( 1.250000000000000222, 0.000000000000000000, 0.9000000000000000222 ) ) ;
#2789 = CARTESIAN_POINT ( 'NONE',  ( 1.200000000000000400, 0.2999999999999999334, 0.3500000000000001998 ) ) ;
#2790 = CARTESIAN_POINT ( 'NONE',  ( 1.200000000000000400, 0.000000000000000000, 0.000000000000000000 ) ) ;
#2791 = ORIENTED_EDGE ( 'NONE', *, *, #3077, .T. ) ;
#2792 = FACE_OUTER_BOUND ( 'NONE', #546, .T. ) ;
#2793 = CARTESIAN_POINT ( 'NONE',  ( 0.000000000000000000, 0.000000000000000000, -0.3500000000000002554 ) ) ;
#2794 = CARTESIAN_POINT ( 'NONE',  ( -0.4500000000000001776, 0.2999999999999999334, 0.3500000000000002554 ) ) ;
#2795 = CARTESIAN_POINT ( 'NONE',  ( 0.000000000000000000, 0.000000000000000000, 0.000000000000000000 ) ) ;
#2796 = FACE_OUTER_BOUND ( 'NONE', #929, .T. ) ;
#2797 = DIRECTION ( 'NONE',  ( -0.000000000000000000, -1.000000000000000000, 0.000000000000000000 ) ) ;
#2798 = LINE ( 'NONE', #1353, #387 ) ;
#2799 = CLOSED_SHELL ( 'NONE', ( #1177, #1875, #2618, #957, #2073, #2410, #1883, #173, #1760, #813, #1671 ) ) ;
#2800 = EDGE_LOOP ( 'NONE', ( #236, #1185, #2172, #117 ) ) ;
#2801 = CARTESIAN_POINT ( 'NONE',  ( 0.9500000000000008438, 4.120616373302047997, -0.9000000000000003553 ) ) ;
#2802 = VECTOR ( 'NONE', #2783, 1000.000000000000000 ) ;
#2803 = ORIENTED_EDGE ( 'NONE', *, *, #773, .T. ) ;
#2804 = EDGE_CURVE ( 'NONE', #423, #2700, #826, .T. ) ;
#2805 = VECTOR ( 'NONE', #1049, 1000.000000000000000 ) ;
#2806 = DIRECTION ( 'NONE',  ( -0.000000000000000000, -1.000000000000000000, -0.000000000000000000 ) ) ;
#2807 = VERTEX_POINT ( 'NONE', #2671 ) ;
#2808 = ORIENTED_EDGE ( 'NONE', *, *, #2717, .F. ) ;
#2809 = AXIS2_PLACEMENT_3D ( 'NONE', #2041, #1545, #3778 ) ;
#2810 = DIRECTION ( 'NONE',  ( 1.000000000000000000, 0.000000000000000000, 0.000000000000000000 ) ) ;
#2811 = LINE ( 'NONE', #3636, #515 ) ;
#2812 = FACE_OUTER_BOUND ( 'NONE', #834, .T. ) ;
#2813 = COLOUR_RGB ( '',0.9686274509803921573, 0.8784313725490195957, 0.5999999999999999778 ) ;
#2814 = VECTOR ( 'NONE', #2881, 1000.000000000000000 ) ;
#2815 = AXIS2_PLACEMENT_3D ( 'NONE', #3641, #1015, #2781 ) ;
#2816 = PLANE ( 'NONE',  #3618 ) ;
#2817 = VECTOR ( 'NONE', #2344, 1000.000000000000000 ) ;
#2818 = DIRECTION ( 'NONE',  ( 0.000000000000000000, 0.000000000000000000, -1.000000000000000000 ) ) ;
#2819 = DIRECTION ( 'NONE',  ( -0.000000000000000000, -1.000000000000000000, -0.000000000000000000 ) ) ;
#2820 = VECTOR ( 'NONE', #1529, 1000.000000000000000 ) ;
#2821 = ORIENTED_EDGE ( 'NONE', *, *, #3136, .F. ) ;
#2822 = CARTESIAN_POINT ( 'NONE',  ( 1.200000000000000400, 0.2999999999999999334, 0.8585786437626905521 ) ) ;
#2823 = VERTEX_POINT ( 'NONE', #3270 ) ;
#2824 = DIRECTION ( 'NONE',  ( -0.000000000000000000, -1.000000000000000000, -0.000000000000000000 ) ) ;
#2825 = CARTESIAN_POINT ( 'NONE',  ( 1.081801948466054597, 0.5500000000000000444, -0.9249999999999997113 ) ) ;
#2826 = ORIENTED_EDGE ( 'NONE', *, *, #2274, .F. ) ;
#2827 = ORIENTED_EDGE ( 'NONE', *, *, #1267, .T. ) ;
#2828 = CARTESIAN_POINT ( 'NONE',  ( -0.9500000000000002887, 0.4500000000000000666, -0.9500000000000000666 ) ) ;
#2829 = LINE ( 'NONE', #2546, #1107 ) ;
#2830 = ADVANCED_FACE ( 'NONE', ( #62 ), #1814, .F. ) ;
#2831 = ADVANCED_FACE ( 'NONE', ( #2615 ), #10, .F. ) ;
#2832 = DIRECTION ( 'NONE',  ( -0.000000000000000000, -1.000000000000000000, 0.000000000000000000 ) ) ;
#2833 = ORIENTED_EDGE ( 'NONE', *, *, #1274, .F. ) ;
#2834 = CARTESIAN_POINT ( 'NONE',  ( 1.200000000000000844, 0.5250000000000000222, 0.6999999999999999556 ) ) ;
#2835 = EDGE_LOOP ( 'NONE', ( #1636, #1239, #1915, #2808 ) ) ;
#2836 = DIRECTION ( 'NONE',  ( -1.000000000000000000, 0.000000000000000000, 0.000000000000000000 ) ) ;
#2837 = VERTEX_POINT ( 'NONE', #313 ) ;
#2838 = EDGE_CURVE ( 'NONE', #2340, #2267, #2045, .T. ) ;
#2839 = CARTESIAN_POINT ( 'NONE',  ( 1.200000000000000400, 0.2999999999999999889, 0.000000000000000000 ) ) ;
#2840 = DIRECTION ( 'NONE',  ( 1.084202172485504434E-16, 0.000000000000000000, 1.000000000000000000 ) ) ;
#2841 = ORIENTED_EDGE ( 'NONE', *, *, #57, .F. ) ;
#2842 = CARTESIAN_POINT ( 'NONE',  ( 1.250000000000000222, 0.2999999999999999334, 0.9000000000000000222 ) ) ;
#2843 = VERTEX_POINT ( 'NONE', #2499 ) ;
#2844 = CARTESIAN_POINT ( 'NONE',  ( 0.4500000000000001776, 0.000000000000000000, 0.000000000000000000 ) ) ;
#2845 = PLANE ( 'NONE',  #1840 ) ;
#2846 = ORIENTED_EDGE ( 'NONE', *, *, #337, .T. ) ;
#2847 = EDGE_CURVE ( 'NONE', #310, #1854, #2786, .T. ) ;
#2848 = DIRECTION ( 'NONE',  ( 0.000000000000000000, 0.000000000000000000, 1.000000000000000000 ) ) ;
#2849 = DIRECTION ( 'NONE',  ( -1.000000000000000000, 0.000000000000000000, 0.000000000000000000 ) ) ;
#2850 = ORIENTED_EDGE ( 'NONE', *, *, #1129, .T. ) ;
#2851 = CARTESIAN_POINT ( 'NONE',  ( 1.150000000000000799, 0.5500000000000000444, -0.7000000000000001776 ) ) ;
#2852 = EDGE_LOOP ( 'NONE', ( #2970, #1377, #2024, #298, #2031, #425, #1973, #1911 ) ) ;
#2853 = EDGE_CURVE ( 'NONE', #955, #1389, #999, .T. ) ;
#2854 = CARTESIAN_POINT ( 'NONE',  ( 1.249999999999999778, 0.4500000000000000666, -1.000000000000000000 ) ) ;
#2855 = VERTEX_POINT ( 'NONE', #1002 ) ;
#2856 = CARTESIAN_POINT ( 'NONE',  ( -1.250000000000000222, -1.030776406404415146, 1.000000000000000222 ) ) ;
#2857 = CARTESIAN_POINT ( 'NONE',  ( 1.100000000000000089, 0.4500000000000000666, 0.9999999999999997780 ) ) ;
#2858 = ORIENTED_EDGE ( 'NONE', *, *, #2955, .T. ) ;
#2859 = EDGE_CURVE ( 'NONE', #229, #1435, #1971, .T. ) ;
#2860 = CARTESIAN_POINT ( 'NONE',  ( 1.200000000000000400, 0.2999999999999999334, -0.8585786437626905521 ) ) ;
#2861 = AXIS2_PLACEMENT_3D ( 'NONE', #2876, #2836, #1983 ) ;
#2862 = ORIENTED_EDGE ( 'NONE', *, *, #2504, .F. ) ;
#2863 = LINE ( 'NONE', #570, #379 ) ;
#2864 = DIRECTION ( 'NONE',  ( -1.000000000000000000, 0.000000000000000000, 0.000000000000000000 ) ) ;
#2865 = ADVANCED_FACE ( 'NONE', ( #1020 ), #3685, .T. ) ;
#2866 = VECTOR ( 'NONE', #2676, 1000.000000000000000 ) ;
#2867 = CARTESIAN_POINT ( 'NONE',  ( -1.200000000000000400, 0.5396446609406727601, 0.8464466094067257806 ) ) ;
#2868 = SURFACE_STYLE_FILL_AREA ( #3788 ) ;
#2869 = VECTOR ( 'NONE', #976, 1000.000000000000000 ) ;
#2870 = VECTOR ( 'NONE', #86, 1000.000000000000000 ) ;
#2871 = EDGE_CURVE ( 'NONE', #1205, #1410, #456, .T. ) ;
#2872 = CARTESIAN_POINT ( 'NONE',  ( -1.200000000000000400, -1.030776406404415146, 0.8585786437626905521 ) ) ;
#2873 = VERTEX_POINT ( 'NONE', #1269 ) ;
#2874 = AXIS2_PLACEMENT_3D ( 'NONE', #1116, #2239, #1134 ) ;
#2875 = AXIS2_PLACEMENT_3D ( 'NONE', #597, #2034, #1140 ) ;
#2876 = CARTESIAN_POINT ( 'NONE',  ( -0.4500000000000001776, -1.030776406404415146, 0.000000000000000000 ) ) ;
#2877 = ORIENTED_EDGE ( 'NONE', *, *, #2754, .T. ) ;
#2878 = ORIENTED_EDGE ( 'NONE', *, *, #719, .T. ) ;
#2879 = LINE ( 'NONE', #2839, #2985 ) ;
#2880 = VECTOR ( 'NONE', #3329, 1000.000000000000000 ) ;
#2881 = DIRECTION ( 'NONE',  ( 0.000000000000000000, 1.000000000000000000, -0.000000000000000000 ) ) ;
#2882 = ORIENTED_EDGE ( 'NONE', *, *, #674, .F. ) ;
#2883 = VERTEX_POINT ( 'NONE', #3602 ) ;
#2884 = DIRECTION ( 'NONE',  ( 0.000000000000000000, 1.000000000000000000, 0.000000000000000000 ) ) ;
#2885 = CARTESIAN_POINT ( 'NONE',  ( 1.100000000000000089, 0.000000000000000000, -1.000000000000000000 ) ) ;
#2886 = DIRECTION ( 'NONE',  ( 0.000000000000000000, -1.000000000000000000, 0.000000000000000000 ) ) ;
#2887 = ORIENTED_EDGE ( 'NONE', *, *, #1751, .T. ) ;
#2888 = EDGE_LOOP ( 'NONE', ( #1233, #1579, #1988, #664 ) ) ;
#2889 = EDGE_CURVE ( 'NONE', #3711, #32, #973, .T. ) ;
#2890 = EDGE_CURVE ( 'NONE', #2487, #1096, #3011, .T. ) ;
#2891 = CYLINDRICAL_SURFACE ( 'NONE', #3615, 0.1999999999999999833 ) ;
#2892 = PLANE ( 'NONE',  #2207 ) ;
#2893 = DIRECTION ( 'NONE',  ( 0.000000000000000000, -0.000000000000000000, 1.000000000000000000 ) ) ;
#2894 = PLANE ( 'NONE',  #3237 ) ;
#2895 = EDGE_LOOP ( 'NONE', ( #731, #3527, #1178, #575 ) ) ;
#2896 = ORIENTED_EDGE ( 'NONE', *, *, #2369, .F. ) ;
#2897 = EDGE_CURVE ( 'NONE', #3441, #2382, #1969, .T. ) ;
#2898 = DIRECTION ( 'NONE',  ( -0.000000000000000000, -1.000000000000000000, -0.000000000000000000 ) ) ;
#2899 = FACE_OUTER_BOUND ( 'NONE', #606, .T. ) ;
#2900 = ORIENTED_EDGE ( 'NONE', *, *, #1851, .F. ) ;
#2901 =( LENGTH_UNIT ( ) NAMED_UNIT ( * ) SI_UNIT ( .MILLI., .METRE. ) );
#2902 = VERTEX_POINT ( 'NONE', #3517 ) ;
#2903 = DIRECTION ( 'NONE',  ( 1.000000000000000000, 0.000000000000000000, -5.706327223607915090E-17 ) ) ;
#2904 = EDGE_CURVE ( 'NONE', #2429, #36, #728, .T. ) ;
#2905 = DIRECTION ( 'NONE',  ( -0.000000000000000000, 0.000000000000000000, -1.000000000000000000 ) ) ;
#2906 = DIRECTION ( 'NONE',  ( -0.000000000000000000, -1.000000000000000000, -0.000000000000000000 ) ) ;
#2907 = ORIENTED_EDGE ( 'NONE', *, *, #3719, .T. ) ;
#2908 = EDGE_LOOP ( 'NONE', ( #3633, #904, #3670, #2234, #2376, #1198, #2527, #875 ) ) ;
#2909 = DIRECTION ( 'NONE',  ( 0.000000000000000000, 1.000000000000000000, 0.000000000000000000 ) ) ;
#2910 = CARTESIAN_POINT ( 'NONE',  ( -1.108578643762690774, -1.030776406404415146, 0.9499999999999998446 ) ) ;
#2911 = CARTESIAN_POINT ( 'NONE',  ( 1.149999999999999689, 0.4500000000000000666, -1.000000000000000000 ) ) ;
#2912 = EDGE_CURVE ( 'NONE', #3359, #3084, #184, .T. ) ;
#2913 = ORIENTED_EDGE ( 'NONE', *, *, #2274, .T. ) ;
#2914 = LINE ( 'NONE', #1852, #2013 ) ;
#2915 = ORIENTED_EDGE ( 'NONE', *, *, #3768, .F. ) ;
#2916 = ADVANCED_FACE ( 'NONE', ( #127 ), #1009, .F. ) ;
#2917 = CARTESIAN_POINT ( 'NONE',  ( 1.200000000000000400, 0.2999999999999999889, 0.8585786437626905521 ) ) ;
#2918 = DIRECTION ( 'NONE',  ( 0.000000000000000000, 0.000000000000000000, 1.000000000000000000 ) ) ;
#2919 = VERTEX_POINT ( 'NONE', #3637 ) ;
#2920 = EDGE_CURVE ( 'NONE', #2340, #3339, #3756, .T. ) ;
#2921 = ORIENTED_EDGE ( 'NONE', *, *, #716, .T. ) ;
#2922 = CARTESIAN_POINT ( 'NONE',  ( 1.200000000000000400, -1.030776406404415146, 0.3500000000000001443 ) ) ;
#2923 = CLOSED_SHELL ( 'NONE', ( #1762, #701, #3208, #1793, #3682, #1503, #41, #2218, #3512, #2916, #1619, #1195, #3490, #2776, #1595, #1943, #3362, #1826, #2154, #427, #2345, #436, #3380, #1994, #3416, #2056, #2328, #2787, #1225, #1654, #223, #1603, #1070, #1200, #1447, #3423, #927, #1807 ) ) ;
#2924 = DIRECTION ( 'NONE',  ( -1.000000000000000000, 0.000000000000000000, 1.445602896647339163E-16 ) ) ;
#2925 = CARTESIAN_POINT ( 'NONE',  ( 1.150000000000000799, 0.4499999999999999556, 0.6999999999999999556 ) ) ;
#2926 = VECTOR ( 'NONE', #619, 1000.000000000000000 ) ;
#2927 = VERTEX_POINT ( 'NONE', #3351 ) ;
#2928 = VECTOR ( 'NONE', #1676, 1000.000000000000000 ) ;
#2929 = VERTEX_POINT ( 'NONE', #1867 ) ;
#2930 = DIRECTION ( 'NONE',  ( 1.000000000000000000, 0.000000000000000000, -0.000000000000000000 ) ) ;
#2931 = DIRECTION ( 'NONE',  ( 0.000000000000000000, -1.000000000000000000, 0.000000000000000000 ) ) ;
#2932 = VECTOR ( 'NONE', #3145, 1000.000000000000000 ) ;
#2933 = DIRECTION ( 'NONE',  ( 2.710505431213761479E-15, 0.000000000000000000, -1.000000000000000000 ) ) ;
#2934 = ORIENTED_EDGE ( 'NONE', *, *, #2269, .T. ) ;
#2935 = CARTESIAN_POINT ( 'NONE',  ( 1.200000000000000844, 0.4500000000000000666, 0.6999999999999999556 ) ) ;
#2936 = VECTOR ( 'NONE', #1285, 1000.000000000000000 ) ;
#2937 = ORIENTED_EDGE ( 'NONE', *, *, #2682, .F. ) ;
#2938 = VECTOR ( 'NONE', #3100, 1000.000000000000000 ) ;
#2939 = VECTOR ( 'NONE', #1405, 1000.000000000000000 ) ;
#2940 = PLANE ( 'NONE',  #2497 ) ;
#2941 = VECTOR ( 'NONE', #424, 1000.000000000000000 ) ;
#2942 = VECTOR ( 'NONE', #843, 1000.000000000000000 ) ;
#2943 = EDGE_LOOP ( 'NONE', ( #1534, #2663, #3721, #2119 ) ) ;
#2944 = ORIENTED_EDGE ( 'NONE', *, *, #2853, .T. ) ;
#2945 = CARTESIAN_POINT ( 'NONE',  ( 1.150000000000000799, 4.120616373302047997, -0.7000000000000001776 ) ) ;
#2946 = VECTOR ( 'NONE', #1860, 1000.000000000000000 ) ;
#2947 = CARTESIAN_POINT ( 'NONE',  ( 0.4500000000000001776, 0.2999999999999999889, 0.000000000000000000 ) ) ;
#2948 = ORIENTED_EDGE ( 'NONE', *, *, #2292, .T. ) ;
#2949 = EDGE_CURVE ( 'NONE', #3521, #640, #2490, .T. ) ;
#2950 = ORIENTED_EDGE ( 'NONE', *, *, #2282, .F. ) ;
#2951 = CARTESIAN_POINT ( 'NONE',  ( 0.4500000000000001776, 0.000000000000000000, -0.3500000000000002554 ) ) ;
#2952 = CARTESIAN_POINT ( 'NONE',  ( -1.150000000000000133, 0.5999999999999999778, 0.000000000000000000 ) ) ;
#2953 = CARTESIAN_POINT ( 'NONE',  ( -1.250000000000000222, 0.000000000000000000, 1.000000000000000222 ) ) ;
#2954 = EDGE_LOOP ( 'NONE', ( #2950, #771, #2316, #3224, #3451, #3342, #3101, #2590, #2826 ) ) ;
#2955 = EDGE_CURVE ( 'NONE', #645, #2110, #3069, .T. ) ;
#2956 = DIRECTION ( 'NONE',  ( -0.000000000000000000, -1.000000000000000000, -0.000000000000000000 ) ) ;
#2957 = ORIENTED_EDGE ( 'NONE', *, *, #1387, .F. ) ;
#2958 = DIRECTION ( 'NONE',  ( 0.000000000000000000, 0.000000000000000000, 1.000000000000000000 ) ) ;
#2959 = EDGE_LOOP ( 'NONE', ( #3526, #2347, #226, #941, #2548, #347, #3481, #2900 ) ) ;
#2960 = ADVANCED_FACE ( 'NONE', ( #1046 ), #2740, .F. ) ;
#2961 = DIRECTION ( 'NONE',  ( -1.000000000000000000, 0.000000000000000000, -1.445602896647339163E-16 ) ) ;
#2962 = CARTESIAN_POINT ( 'NONE',  ( -5.059610138265692495E-17, 0.000000000000000000, -0.3500000000000003109 ) ) ;
#2963 = DIRECTION ( 'NONE',  ( 0.000000000000000000, 0.000000000000000000, 1.000000000000000000 ) ) ;
#2964 = ORIENTED_EDGE ( 'NONE', *, *, #594, .F. ) ;
#2965 = ORIENTED_EDGE ( 'NONE', *, *, #1485, .F. ) ;
#2966 = LINE ( 'NONE', #666, #1164 ) ;
#2967 = CARTESIAN_POINT ( 'NONE',  ( -0.4500000000000001776, 0.2999999999999999889, 0.000000000000000000 ) ) ;
#2968 = DIRECTION ( 'NONE',  ( -0.000000000000000000, -1.000000000000000000, -0.000000000000000000 ) ) ;
#2969 = EDGE_CURVE ( 'NONE', #3247, #3421, #641, .T. ) ;
#2970 = ORIENTED_EDGE ( 'NONE', *, *, #2097, .F. ) ;
#2971 = VERTEX_POINT ( 'NONE', #2794 ) ;
#2972 = LINE ( 'NONE', #3599, #3184 ) ;
#2973 = EDGE_CURVE ( 'NONE', #1878, #229, #3047, .T. ) ;
#2974 = EDGE_CURVE ( 'NONE', #61, #3619, #1559, .T. ) ;
#2975 = PLANE ( 'NONE',  #1642 ) ;
#2976 = ORIENTED_EDGE ( 'NONE', *, *, #3327, .T. ) ;
#2977 = ORIENTED_EDGE ( 'NONE', *, *, #2890, .F. ) ;
#2978 = CARTESIAN_POINT ( 'NONE',  ( 0.9500000000000008438, 4.120616373302047997, -0.9000000000000003553 ) ) ;
#2979 = CARTESIAN_POINT ( 'NONE',  ( 0.4500000000000001776, 0.000000000000000000, -0.9499999999999999556 ) ) ;
#2980 = CYLINDRICAL_SURFACE ( 'NONE', #2342, 0.2499999999999998890 ) ;
#2981 = LINE ( 'NONE', #3025, #815 ) ;
#2982 = EDGE_LOOP ( 'NONE', ( #399, #2913, #3325, #2450 ) ) ;
#2983 = ORIENTED_EDGE ( 'NONE', *, *, #1843, .F. ) ;
#2984 = CARTESIAN_POINT ( 'NONE',  ( 0.000000000000000000, 0.000000000000000000, 0.3500000000000002554 ) ) ;
#2985 = VECTOR ( 'NONE', #562, 1000.000000000000000 ) ;
#2986 = LINE ( 'NONE', #2705, #208 ) ;
#2987 = CARTESIAN_POINT ( 'NONE',  ( 0.9500000000000009548, 0.5500000000000000444, -0.9250000000000000444 ) ) ;
#2988 = VECTOR ( 'NONE', #2630, 1000.000000000000000 ) ;
#2989 = EDGE_LOOP ( 'NONE', ( #859, #179, #1800, #1790 ) ) ;
#2990 =( LENGTH_UNIT ( ) NAMED_UNIT ( * ) SI_UNIT ( .MILLI., .METRE. ) );
#2991 = DIRECTION ( 'NONE',  ( 1.000000000000000000, -0.000000000000000000, 0.000000000000000000 ) ) ;
#2992 = EDGE_LOOP ( 'NONE', ( #1479, #3205, #2231, #2685 ) ) ;
#2993 = CARTESIAN_POINT ( 'NONE',  ( 0.000000000000000000, 0.000000000000000000, 0.9499999999999998446 ) ) ;
#2994 = AXIS2_PLACEMENT_3D ( 'NONE', #2121, #3573, #2401 ) ;
#2995 = CARTESIAN_POINT ( 'NONE',  ( -1.250000000000000222, 0.000000000000000000, 1.000000000000000222 ) ) ;
#2996 = EDGE_LOOP ( 'NONE', ( #3095, #2675, #1243, #486 ) ) ;
#2997 = AXIS2_PLACEMENT_3D ( 'NONE', #3485, #592, #1454 ) ;
#2998 = DIRECTION ( 'NONE',  ( 0.000000000000000000, 0.000000000000000000, -1.000000000000000000 ) ) ;
#2999 = VECTOR ( 'NONE', #2662, 1000.000000000000000 ) ;
#3000 = VECTOR ( 'NONE', #1576, 1000.000000000000000 ) ;
#3001 = ADVANCED_FACE ( 'NONE', ( #2812 ), #2510, .T. ) ;
#3002 = EDGE_CURVE ( 'NONE', #2370, #3085, #3714, .T. ) ;
#3003 = LINE ( 'NONE', #2445, #1901 ) ;
#3004 = DIRECTION ( 'NONE',  ( 0.000000000000000000, 1.000000000000000000, 0.000000000000000000 ) ) ;
#3005 = CARTESIAN_POINT ( 'NONE',  ( 0.9500000000000009548, 0.5500000000000000444, 0.9499999999999999556 ) ) ;
#3006 = AXIS2_PLACEMENT_3D ( 'NONE', #225, #280, #2006 ) ;
#3007 = VERTEX_POINT ( 'NONE', #3161 ) ;
#3008 = EDGE_LOOP ( 'NONE', ( #602, #3179, #1126, #2147, #3017, #472, #1142, #1965 ) ) ;
#3009 = CARTESIAN_POINT ( 'NONE',  ( 0.9500000000000009548, 0.5500000000000000444, -0.9500000000000000666 ) ) ;
#3010 = FACE_OUTER_BOUND ( 'NONE', #2443, .T. ) ;
#3011 = CIRCLE ( 'NONE', #2764, 0.1500000000000001887 ) ;
#3012 = DIRECTION ( 'NONE',  ( -0.000000000000000000, -1.000000000000000000, -0.000000000000000000 ) ) ;
#3013 = PLANE ( 'NONE',  #2210 ) ;
#3014 = ADVANCED_FACE ( 'NONE', ( #827 ), #2845, .T. ) ;
#3015 = CARTESIAN_POINT ( 'NONE',  ( -0.9500000000000002887, 0.4500000000000000666, 0.6999999999999999556 ) ) ;
#3016 = DIRECTION ( 'NONE',  ( 1.000000000000000000, -0.000000000000000000, 0.000000000000000000 ) ) ;
#3017 = ORIENTED_EDGE ( 'NONE', *, *, #3539, .F. ) ;
#3018 =( NAMED_UNIT ( * ) SI_UNIT ( $, .STERADIAN. ) SOLID_ANGLE_UNIT ( ) );
#3019 = ADVANCED_FACE ( 'NONE', ( #1424 ), #3770, .F. ) ;
#3020 = CARTESIAN_POINT ( 'NONE',  ( -1.175000000000000266, 0.5500000000000000444, 0.6999999999999998446 ) ) ;
#3021 = ORIENTED_EDGE ( 'NONE', *, *, #3539, .T. ) ;
#3022 = EDGE_CURVE ( 'NONE', #3359, #2837, #2179, .T. ) ;
#3023 = LINE ( 'NONE', #1552, #2936 ) ;
#3024 = LINE ( 'NONE', #1895, #2880 ) ;
#3025 = CARTESIAN_POINT ( 'NONE',  ( -1.250000000000000222, 0.4500000000000000666, 0.9000000000000001332 ) ) ;
#3026 = ORIENTED_EDGE ( 'NONE', *, *, #355, .T. ) ;
#3027 = LINE ( 'NONE', #725, #3420 ) ;
#3028 = DIRECTION ( 'NONE',  ( 0.000000000000000000, 0.000000000000000000, -1.000000000000000000 ) ) ;
#3029 = DIRECTION ( 'NONE',  ( 0.000000000000000000, 1.000000000000000000, -0.000000000000000000 ) ) ;
#3030 = DIRECTION ( 'NONE',  ( 1.000000000000000000, -0.000000000000000000, 0.000000000000000000 ) ) ;
#3031 = CARTESIAN_POINT ( 'NONE',  ( 1.250000000000000222, -1.030776406404415146, -1.000000000000000222 ) ) ;
#3032 = EDGE_CURVE ( 'NONE', #3726, #32, #2197, .T. ) ;
#3033 = ORIENTED_EDGE ( 'NONE', *, *, #535, .T. ) ;
#3034 = FACE_OUTER_BOUND ( 'NONE', #2093, .T. ) ;
#3035 = CARTESIAN_POINT ( 'NONE',  ( -1.098411528852824226, 0.5500000000000001554, 0.8698879350143393641 ) ) ;
#3036 = ADVANCED_BREP_SHAPE_REPRESENTATION ( 'ECS-300-10-36Q-ES-TR', ( #782, #3281, #775, #704, #1999, #1955, #3286, #3192 ), #878 ) ;
#3037 = EDGE_CURVE ( 'NONE', #3219, #1602, #3347, .T. ) ;
#3038 = ORIENTED_EDGE ( 'NONE', *, *, #1387, .T. ) ;
#3039 = CARTESIAN_POINT ( 'NONE',  ( 1.250000000000000000, 0.4500000000000000666, 0.9999999999999997780 ) ) ;
#3040 = EDGE_CURVE ( 'NONE', #36, #544, #88, .T. ) ;
#3041 = CARTESIAN_POINT ( 'NONE',  ( 1.250000000000000222, 0.2999999999999999334, 1.000000000000000222 ) ) ;
#3042 = LINE ( 'NONE', #680, #1778 ) ;
#3043 = ORIENTED_EDGE ( 'NONE', *, *, #2920, .T. ) ;
#3044 = DIRECTION ( 'NONE',  ( -0.000000000000000000, -1.000000000000000000, -0.000000000000000000 ) ) ;
#3045 = FACE_OUTER_BOUND ( 'NONE', #1526, .T. ) ;
#3046 = FACE_OUTER_BOUND ( 'NONE', #854, .T. ) ;
#3047 = LINE ( 'NONE', #2123, #1532 ) ;
#3048 = CARTESIAN_POINT ( 'NONE',  ( 0.4500000000000001776, -1.030776406404415146, 0.000000000000000000 ) ) ;
#3049 = CARTESIAN_POINT ( 'NONE',  ( 0.4500000000000001776, -1.030776406404415146, 0.000000000000000000 ) ) ;
#3050 = VERTEX_POINT ( 'NONE', #3667 ) ;
#3051 = VECTOR ( 'NONE', #3504, 1000.000000000000000 ) ;
#3052 = DIRECTION ( 'NONE',  ( 1.000000000000000000, -0.000000000000000000, 0.000000000000000000 ) ) ;
#3053 = ORIENTED_EDGE ( 'NONE', *, *, #2246, .F. ) ;
#3054 = DIRECTION ( 'NONE',  ( 0.000000000000000000, 0.000000000000000000, -1.000000000000000000 ) ) ;
#3055 = VERTEX_POINT ( 'NONE', #3312 ) ;
#3056 = VECTOR ( 'NONE', #1007, 1000.000000000000000 ) ;
#3057 = EDGE_CURVE ( 'NONE', #2104, #3331, #2428, .T. ) ;
#3058 = DIRECTION ( 'NONE',  ( 0.000000000000000000, -0.000000000000000000, -1.000000000000000000 ) ) ;
#3059 = AXIS2_PLACEMENT_3D ( 'NONE', #3217, #1475, #923 ) ;
#3060 = DIRECTION ( 'NONE',  ( 0.000000000000000000, 1.000000000000000000, 0.000000000000000000 ) ) ;
#3061 = CARTESIAN_POINT ( 'NONE',  ( -1.200000000000000400, -1.030776406404415146, 0.3500000000000001443 ) ) ;
#3062 = VERTEX_POINT ( 'NONE', #1040 ) ;
#3063 = AXIS2_PLACEMENT_3D ( 'NONE', #3049, #746, #131 ) ;
#3064 = ADVANCED_FACE ( 'NONE', ( #980 ), #1569, .F. ) ;
#3065 = CARTESIAN_POINT ( 'NONE',  ( 0.4500000000000001776, 0.000000000000000000, 0.9499999999999999556 ) ) ;
#3066 = DIRECTION ( 'NONE',  ( -0.000000000000000000, -1.000000000000000000, -0.000000000000000000 ) ) ;
#3067 = VECTOR ( 'NONE', #245, 1000.000000000000000 ) ;
#3068 = VECTOR ( 'NONE', #3066, 1000.000000000000000 ) ;
#3069 = LINE ( 'NONE', #1330, #3568 ) ;
#3070 = DIRECTION ( 'NONE',  ( 0.000000000000000000, 0.000000000000000000, -1.000000000000000000 ) ) ;
#3071 = EDGE_CURVE ( 'NONE', #544, #1160, #1838, .T. ) ;
#3072 = AXIS2_PLACEMENT_3D ( 'NONE', #3625, #755, #2998 ) ;
#3073 = FACE_OUTER_BOUND ( 'NONE', #1681, .T. ) ;
#3074 = DIRECTION ( 'NONE',  ( 0.000000000000000000, 0.000000000000000000, 1.000000000000000000 ) ) ;
#3075 = DIRECTION ( 'NONE',  ( 3.292551869860454633E-16, -0.000000000000000000, 1.000000000000000000 ) ) ;
#3076 = EDGE_LOOP ( 'NONE', ( #3680, #3264, #1094, #2506 ) ) ;
#3077 = EDGE_CURVE ( 'NONE', #1450, #2732, #2773, .T. ) ;
#3078 = EDGE_CURVE ( 'NONE', #3705, #1725, #1714, .T. ) ;
#3079 = LINE ( 'NONE', #3643, #250 ) ;
#3080 = ORIENTED_EDGE ( 'NONE', *, *, #2103, .T. ) ;
#3081 = DIRECTION ( 'NONE',  ( 0.000000000000000000, 0.000000000000000000, -1.000000000000000000 ) ) ;
#3082 = FACE_BOUND ( 'NONE', #3008, .T. ) ;
#3083 = DIRECTION ( 'NONE',  ( 1.000000000000000000, 0.000000000000000000, 5.706327223607915090E-17 ) ) ;
#3084 = VERTEX_POINT ( 'NONE', #739 ) ;
#3085 = VERTEX_POINT ( 'NONE', #2449 ) ;
#3086 = DIRECTION ( 'NONE',  ( 0.000000000000000000, -1.000000000000000000, 0.000000000000000000 ) ) ;
#3087 = LINE ( 'NONE', #1314, #3068 ) ;
#3088 = DIRECTION ( 'NONE',  ( 0.000000000000000000, 1.000000000000000000, 0.000000000000000000 ) ) ;
#3089 = DIRECTION ( 'NONE',  ( 1.000000000000000000, 0.000000000000000000, 0.000000000000000000 ) ) ;
#3090 = DIRECTION ( 'NONE',  ( 0.000000000000000000, 0.000000000000000000, -1.000000000000000000 ) ) ;
#3091 = LINE ( 'NONE', #1317, #3124 ) ;
#3092 = EDGE_CURVE ( 'NONE', #2216, #214, #1554, .T. ) ;
#3093 = ORIENTED_EDGE ( 'NONE', *, *, #3283, .F. ) ;
#3094 = FACE_OUTER_BOUND ( 'NONE', #2573, .T. ) ;
#3095 = ORIENTED_EDGE ( 'NONE', *, *, #2645, .T. ) ;
#3096 = LINE ( 'NONE', #192, #2319 ) ;
#3097 = ORIENTED_EDGE ( 'NONE', *, *, #1645, .T. ) ;
#3098 = CARTESIAN_POINT ( 'NONE',  ( -1.250000000000000222, 0.2999999999999999334, -1.000000000000000222 ) ) ;
#3099 = ORIENTED_EDGE ( 'NONE', *, *, #502, .F. ) ;
#3100 = DIRECTION ( 'NONE',  ( -1.000000000000000000, 0.000000000000000000, 1.734723475976806601E-16 ) ) ;
#3101 = ORIENTED_EDGE ( 'NONE', *, *, #1710, .F. ) ;
#3102 = DIRECTION ( 'NONE',  ( 0.000000000000000000, 0.000000000000000000, -1.000000000000000000 ) ) ;
#3103 = CARTESIAN_POINT ( 'NONE',  ( 3.127924276367432765E-16, 0.2999999999999999334, -0.9500000000000001776 ) ) ;
#3104 =( NAMED_UNIT ( * ) PLANE_ANGLE_UNIT ( ) SI_UNIT ( $, .RADIAN. ) );
#3105 = CARTESIAN_POINT ( 'NONE',  ( -0.4500000000000001776, 0.000000000000000000, 0.9499999999999999556 ) ) ;
#3106 = CARTESIAN_POINT ( 'NONE',  ( -1.090380592228744394, 0.5500000000000001554, -0.9396446609406725603 ) ) ;
#3107 = EDGE_CURVE ( 'NONE', #36, #1450, #568, .T. ) ;
#3108 = DIRECTION ( 'NONE',  ( -0.000000000000000000, -1.000000000000000000, -0.000000000000000000 ) ) ;
#3109 = AXIS2_PLACEMENT_3D ( 'NONE', #2131, #3304, #1858 ) ;
#3110 = ORIENTED_EDGE ( 'NONE', *, *, #1684, .T. ) ;
#3111 = VECTOR ( 'NONE', #3163, 1000.000000000000000 ) ;
#3112 = DIRECTION ( 'NONE',  ( -0.000000000000000000, -1.000000000000000000, -0.000000000000000000 ) ) ;
#3113 = LINE ( 'NONE', #3687, #3367 ) ;
#3114 = ORIENTED_EDGE ( 'NONE', *, *, #297, .F. ) ;
#3115 = AXIS2_PLACEMENT_3D ( 'NONE', #3783, #1685, #1384 ) ;
#3116 = PLANE ( 'NONE',  #2874 ) ;
#3117 = ORIENTED_EDGE ( 'NONE', *, *, #986, .F. ) ;
#3118 = EDGE_CURVE ( 'NONE', #9, #214, #2981, .T. ) ;
#3119 = EDGE_CURVE ( 'NONE', #1990, #1410, #3042, .T. ) ;
#3120 = AXIS2_PLACEMENT_3D ( 'NONE', #2046, #662, #1815 ) ;
#3121 = DIRECTION ( 'NONE',  ( -0.000000000000000000, -1.000000000000000000, -0.000000000000000000 ) ) ;
#3122 = CARTESIAN_POINT ( 'NONE',  ( -1.200000000000000400, 0.2999999999999999334, -0.3500000000000001998 ) ) ;
#3123 = VECTOR ( 'NONE', #1272, 1000.000000000000000 ) ;
#3124 = VECTOR ( 'NONE', #2797, 1000.000000000000000 ) ;
#3125 = ORIENTED_EDGE ( 'NONE', *, *, #2030, .T. ) ;
#3126 = AXIS2_PLACEMENT_3D ( 'NONE', #554, #1747, #580 ) ;
#3127 = FACE_OUTER_BOUND ( 'NONE', #3410, .T. ) ;
#3128 = VECTOR ( 'NONE', #3666, 1000.000000000000000 ) ;
#3129 =( NAMED_UNIT ( * ) PLANE_ANGLE_UNIT ( ) SI_UNIT ( $, .RADIAN. ) );
#3130 = CARTESIAN_POINT ( 'NONE',  ( -0.4500000000000001776, 0.2999999999999999334, 0.9499999999999999556 ) ) ;
#3131 = EDGE_CURVE ( 'NONE', #1665, #37, #1896, .T. ) ;
#3132 = AXIS2_PLACEMENT_3D ( 'NONE', #1740, #3543, #1472 ) ;
#3133 = ORIENTED_EDGE ( 'NONE', *, *, #2838, .F. ) ;
#3134 = LINE ( 'NONE', #249, #1043 ) ;
#3135 = VERTEX_POINT ( 'NONE', #2412 ) ;
#3136 = EDGE_CURVE ( 'NONE', #1041, #794, #2718, .T. ) ;
#3137 = DIRECTION ( 'NONE',  ( 0.000000000000000000, 1.000000000000000000, 0.000000000000000000 ) ) ;
#3138 = PLANE ( 'NONE',  #3245 ) ;
#3139 = ORIENTED_EDGE ( 'NONE', *, *, #1372, .F. ) ;
#3140 = EDGE_CURVE ( 'NONE', #1096, #567, #1343, .T. ) ;
#3141 = FACE_OUTER_BOUND ( 'NONE', #840, .T. ) ;
#3142 = ORIENTED_EDGE ( 'NONE', *, *, #3341, .F. ) ;
#3143 = CARTESIAN_POINT ( 'NONE',  ( -0.9500000000000002887, 4.120616373302047997, 0.9000000000000002442 ) ) ;
#3144 = CARTESIAN_POINT ( 'NONE',  ( -0.4500000000000001776, -1.030776406404415146, -0.3500000000000002554 ) ) ;
#3145 = DIRECTION ( 'NONE',  ( -0.000000000000000000, -1.000000000000000000, -0.000000000000000000 ) ) ;
#3146 = LINE ( 'NONE', #2547, #691 ) ;
#3147 = ORIENTED_EDGE ( 'NONE', *, *, #2600, .F. ) ;
#3148 = CYLINDRICAL_SURFACE ( 'NONE', #2637, 0.1000000000000000472 ) ;
#3149 = VERTEX_POINT ( 'NONE', #1418 ) ;
#3150 = CARTESIAN_POINT ( 'NONE',  ( -0.9500000000000002887, 0.4500000000000000666, 0.9499999999999999556 ) ) ;
#3151 = ORIENTED_EDGE ( 'NONE', *, *, #304, .T. ) ;
#3152 = CYLINDRICAL_SURFACE ( 'NONE', #2438, 0.1500000000000001887 ) ;
#3153 = DIRECTION ( 'NONE',  ( 0.000000000000000000, -0.000000000000000000, 1.000000000000000000 ) ) ;
#3154 = VERTEX_POINT ( 'NONE', #3710 ) ;
#3155 = CARTESIAN_POINT ( 'NONE',  ( -1.200000000000000400, 0.2999999999999999334, 0.8585786437626905521 ) ) ;
#3156 = ORIENTED_EDGE ( 'NONE', *, *, #394, .T. ) ;
#3157 = ORIENTED_EDGE ( 'NONE', *, *, #1039, .F. ) ;
#3158 = EDGE_CURVE ( 'NONE', #1570, #3200, #1695, .T. ) ;
#3159 = CARTESIAN_POINT ( 'NONE',  ( 1.250000000000000000, 0.4500000000000000666, -0.9000000000000000222 ) ) ;
#3160 = LINE ( 'NONE', #3144, #3251 ) ;
#3161 = CARTESIAN_POINT ( 'NONE',  ( 0.9500000000000009548, 0.5999999999999998668, -0.9000000000000003553 ) ) ;
#3162 = ADVANCED_FACE ( 'NONE', ( #3141 ), #3116, .F. ) ;
#3163 = DIRECTION ( 'NONE',  ( 1.000000000000000000, -0.000000000000000000, -5.706327223607915090E-17 ) ) ;
#3164 = CARTESIAN_POINT ( 'NONE',  ( -1.200000000000000178, 0.5250000000000000222, 0.6999999999999999556 ) ) ;
#3165 = VERTEX_POINT ( 'NONE', #2860 ) ;
#3166 = CARTESIAN_POINT ( 'NONE',  ( 0.000000000000000000, 0.5999999999999999778, 0.000000000000000000 ) ) ;
#3167 = ORIENTED_EDGE ( 'NONE', *, *, #1156, .T. ) ;
#3168 = CARTESIAN_POINT ( 'NONE',  ( 1.250000000000000222, -1.030776406404415146, 1.000000000000000222 ) ) ;
#3169 = VERTEX_POINT ( 'NONE', #1949 ) ;
#3170 = EDGE_LOOP ( 'NONE', ( #2032, #3033, #1939, #56 ) ) ;
#3171 = LINE ( 'NONE', #1131, #1583 ) ;
#3172 = AXIS2_PLACEMENT_3D ( 'NONE', #216, #106, #2252 ) ;
#3173 = LINE ( 'NONE', #1114, #14 ) ;
#3174 = ORIENTED_EDGE ( 'NONE', *, *, #556, .F. ) ;
#3175 = CARTESIAN_POINT ( 'NONE',  ( -1.200000000000000400, 0.2999999999999999889, -0.8585786437626905521 ) ) ;
#3176 = CIRCLE ( 'NONE', #558, 0.1500000000000001887 ) ;
#3177 = DIRECTION ( 'NONE',  ( 1.000000000000000000, 0.000000000000000000, 0.000000000000000000 ) ) ;
#3178 = DIRECTION ( 'NONE',  ( 0.000000000000000000, 0.000000000000000000, -1.000000000000000000 ) ) ;
#3179 = ORIENTED_EDGE ( 'NONE', *, *, #1031, .F. ) ;
#3180 = AXIS2_PLACEMENT_3D ( 'NONE', #1699, #2005, #1976 ) ;
#3181 = EDGE_LOOP ( 'NONE', ( #3782, #67, #2632, #1345, #1975, #288, #296, #2076 ) ) ;
#3182 = FACE_OUTER_BOUND ( 'NONE', #2608, .T. ) ;
#3183 = FILL_AREA_STYLE_COLOUR ( '', #1172 ) ;
#3184 = VECTOR ( 'NONE', #1281, 1000.000000000000000 ) ;
#3185 = PLANE ( 'NONE',  #514 ) ;
#3186 = EDGE_CURVE ( 'NONE', #1809, #621, #140, .T. ) ;
#3187 = EDGE_LOOP ( 'NONE', ( #1400, #3519, #135, #3724 ) ) ;
#3188 = VECTOR ( 'NONE', #3772, 1000.000000000000000 ) ;
#3189 = VECTOR ( 'NONE', #2678, 1000.000000000000000 ) ;
#3190 = CARTESIAN_POINT ( 'NONE',  ( -1.250000000000000222, 0.4500000000000000666, -0.8999999999999998002 ) ) ;
#3191 = EDGE_LOOP ( 'NONE', ( #491, #3117, #1510, #1962, #2774, #2419, #811, #3238 ) ) ;
#3192 = AXIS2_PLACEMENT_3D ( 'NONE', #2795, #1349, #3089 ) ;
#3193 = VECTOR ( 'NONE', #3511, 1000.000000000000000 ) ;
#3194 = EDGE_CURVE ( 'NONE', #3705, #1990, #529, .T. ) ;
#3195 = ADVANCED_FACE ( 'NONE', ( #1063 ), #2541, .T. ) ;
#3196 = ORIENTED_EDGE ( 'NONE', *, *, #2448, .F. ) ;
#3197 = CARTESIAN_POINT ( 'NONE',  ( 1.200000000000000400, 0.2999999999999999889, 0.000000000000000000 ) ) ;
#3198 = VECTOR ( 'NONE', #760, 1000.000000000000000 ) ;
#3199 = LINE ( 'NONE', #2058, #687 ) ;
#3200 = VERTEX_POINT ( 'NONE', #257 ) ;
#3201 = CARTESIAN_POINT ( 'NONE',  ( 1.129457668135691595, 0.5500000000000000444, 0.8367113040527938139 ) ) ;
#3202 = ORIENTED_EDGE ( 'NONE', *, *, #1011, .F. ) ;
#3203 = CARTESIAN_POINT ( 'NONE',  ( -0.4500000000000001776, 0.2999999999999999889, 0.000000000000000000 ) ) ;
#3204 = CYLINDRICAL_SURFACE ( 'NONE', #390, 0.02500000000000006384 ) ;
#3205 = ORIENTED_EDGE ( 'NONE', *, *, #1679, .T. ) ;
#3206 = VERTEX_POINT ( 'NONE', #3431 ) ;
#3207 = FACE_OUTER_BOUND ( 'NONE', #952, .T. ) ;
#3208 = ADVANCED_FACE ( 'NONE', ( #1930 ), #3690, .F. ) ;
#3209 = DIRECTION ( 'NONE',  ( -0.000000000000000000, 0.000000000000000000, -1.000000000000000000 ) ) ;
#3210 = VERTEX_POINT ( 'NONE', #1974 ) ;
#3211 = DIRECTION ( 'NONE',  ( 0.000000000000000000, 0.000000000000000000, -1.000000000000000000 ) ) ;
#3212 = VERTEX_POINT ( 'NONE', #1682 ) ;
#3213 = CARTESIAN_POINT ( 'NONE',  ( 1.249999999999999778, 0.4500000000000000666, -0.8500000000000003109 ) ) ;
#3214 = CARTESIAN_POINT ( 'NONE',  ( 0.9500000000000009548, 0.5250000000000000222, -0.9500000000000000666 ) ) ;
#3215 = ORIENTED_EDGE ( 'NONE', *, *, #1432, .T. ) ;
#3216 = LINE ( 'NONE', #2922, #1663 ) ;
#3217 = CARTESIAN_POINT ( 'NONE',  ( -0.9500000000000002887, 0.4500000000000000666, -0.7000000000000000666 ) ) ;
#3218 = DIRECTION ( 'NONE',  ( 1.445602896647337339E-15, 0.000000000000000000, 1.000000000000000000 ) ) ;
#3219 = VERTEX_POINT ( 'NONE', #2842 ) ;
#3220 = EDGE_LOOP ( 'NONE', ( #1215, #873, #1283, #476 ) ) ;
#3221 = CARTESIAN_POINT ( 'NONE',  ( -1.250000000000000222, 0.2999999999999999334, 0.9000000000000002442 ) ) ;
#3222 = LINE ( 'NONE', #2952, #2082 ) ;
#3223 = DIRECTION ( 'NONE',  ( 0.000000000000000000, 0.000000000000000000, -1.000000000000000000 ) ) ;
#3224 = ORIENTED_EDGE ( 'NONE', *, *, #2430, .F. ) ;
#3225 = CARTESIAN_POINT ( 'NONE',  ( 1.249999999999999778, 0.2999999999999999889, -1.000000000000000000 ) ) ;
#3226 = ORIENTED_EDGE ( 'NONE', *, *, #337, .F. ) ;
#3227 = CARTESIAN_POINT ( 'NONE',  ( -1.175000000000000266, 0.5500000000000000444, 0.6999999999999998446 ) ) ;
#3228 = ORIENTED_EDGE ( 'NONE', *, *, #2572, .F. ) ;
#3229 = ORIENTED_EDGE ( 'NONE', *, *, #442, .F. ) ;
#3230 = DIRECTION ( 'NONE',  ( -1.000000000000000000, -0.000000000000000000, 0.000000000000000000 ) ) ;
#3231 = CLOSED_SHELL ( 'NONE', ( #2831, #1211, #2004, #1830, #3750, #2606, #3001, #1781, #823, #3162, #1872 ) ) ;
#3232 = LINE ( 'NONE', #2317, #2135 ) ;
#3233 = CARTESIAN_POINT ( 'NONE',  ( 1.250000000000000222, 0.000000000000000000, 0.8500000000000000888 ) ) ;
#3234 = AXIS2_PLACEMENT_3D ( 'NONE', #852, #2000, #307 ) ;
#3235 = ORIENTED_EDGE ( 'NONE', *, *, #2890, .T. ) ;
#3236 = EDGE_CURVE ( 'NONE', #385, #636, #3450, .T. ) ;
#3237 = AXIS2_PLACEMENT_3D ( 'NONE', #2854, #287, #2 ) ;
#3238 = ORIENTED_EDGE ( 'NONE', *, *, #2383, .F. ) ;
#3239 = CARTESIAN_POINT ( 'NONE',  ( 1.250000000000000222, -1.030776406404415146, 0.8500000000000000888 ) ) ;
#3240 = DIRECTION ( 'NONE',  ( 0.000000000000000000, 0.000000000000000000, 1.000000000000000000 ) ) ;
#3241 = CIRCLE ( 'NONE', #12, 0.1999999999999999833 ) ;
#3242 = CARTESIAN_POINT ( 'NONE',  ( 1.086711304052798033, 0.5500000000000000444, -0.8794576681356862657 ) ) ;
#3243 = ORIENTED_EDGE ( 'NONE', *, *, #551, .F. ) ;
#3244 = DIRECTION ( 'NONE',  ( 1.084202172485504434E-16, 0.000000000000000000, 1.000000000000000000 ) ) ;
#3245 = AXIS2_PLACEMENT_3D ( 'NONE', #2253, #2219, #3153 ) ;
#3246 = ADVANCED_FACE ( 'NONE', ( #1989 ), #1399, .T. ) ;
#3247 = VERTEX_POINT ( 'NONE', #839 ) ;
#3248 = MECHANICAL_DESIGN_GEOMETRIC_PRESENTATION_REPRESENTATION (  '', ( #325 ), #2756 ) ;
#3249 = DIRECTION ( 'NONE',  ( 0.000000000000000000, 1.000000000000000000, 0.000000000000000000 ) ) ;
#3250 = AXIS2_PLACEMENT_3D ( 'NONE', #111, #1616, #3613 ) ;
#3251 = VECTOR ( 'NONE', #801, 1000.000000000000000 ) ;
#3252 = ORIENTED_EDGE ( 'NONE', *, *, #891, .F. ) ;
#3253 = ORIENTED_EDGE ( 'NONE', *, *, #3732, .T. ) ;
#3254 = DIRECTION ( 'NONE',  ( 0.000000000000000000, 1.000000000000000000, 0.000000000000000000 ) ) ;
#3255 = AXIS2_PLACEMENT_3D ( 'NONE', #412, #1625, #1342 ) ;
#3256 = DIRECTION ( 'NONE',  ( 1.445602896647337457E-14, 0.000000000000000000, 1.000000000000000000 ) ) ;
#3257 = FACE_OUTER_BOUND ( 'NONE', #2743, .T. ) ;
#3258 = ORIENTED_EDGE ( 'NONE', *, *, #2731, .T. ) ;
#3259 = VERTEX_POINT ( 'NONE', #3155 ) ;
#3260 = DIRECTION ( 'NONE',  ( -1.000000000000000000, -0.000000000000000000, 0.000000000000000000 ) ) ;
#3261 = EDGE_CURVE ( 'NONE', #3200, #2873, #545, .T. ) ;
#3262 = CARTESIAN_POINT ( 'NONE',  ( 1.250000000000000222, 0.000000000000000000, -0.9000000000000000222 ) ) ;
#3263 = CARTESIAN_POINT ( 'NONE',  ( -1.250000000000000222, 0.000000000000000000, 0.9000000000000002442 ) ) ;
#3264 = ORIENTED_EDGE ( 'NONE', *, *, #1398, .T. ) ;
#3265 = DIRECTION ( 'NONE',  ( 0.000000000000000000, 0.000000000000000000, -1.000000000000000000 ) ) ;
#3266 = ORIENTED_EDGE ( 'NONE', *, *, #2531, .F. ) ;
#3267 = CARTESIAN_POINT ( 'NONE',  ( 0.000000000000000000, 0.2999999999999999889, -0.9499999999999998446 ) ) ;
#3268 = EDGE_LOOP ( 'NONE', ( #2060, #1577, #2581, #1980 ) ) ;
#3269 = ORIENTED_EDGE ( 'NONE', *, *, #2973, .F. ) ;
#3270 = CARTESIAN_POINT ( 'NONE',  ( 0.4500000000000001776, 0.2999999999999999889, 0.3500000000000002554 ) ) ;
#3271 = CARTESIAN_POINT ( 'NONE',  ( 1.250000000000000000, 0.2999999999999999889, 0.8500000000000000888 ) ) ;
#3272 = LINE ( 'NONE', #2619, #3193 ) ;
#3273 = ORIENTED_EDGE ( 'NONE', *, *, #155, .T. ) ;
#3274 = VERTEX_POINT ( 'NONE', #3766 ) ;
#3275 = LINE ( 'NONE', #93, #1412 ) ;
#3276 = CARTESIAN_POINT ( 'NONE',  ( -1.250000000000000222, -1.030776406404415146, 1.000000000000000222 ) ) ;
#3277 = ORIENTED_EDGE ( 'NONE', *, *, #3732, .F. ) ;
#3278 =( NAMED_UNIT ( * ) PLANE_ANGLE_UNIT ( ) SI_UNIT ( $, .RADIAN. ) );
#3279 = LINE ( 'NONE', #2149, #2513 ) ;
#3280 = ORIENTED_EDGE ( 'NONE', *, *, #2974, .F. ) ;
#3281 = MANIFOLD_SOLID_BREP ( 'Boss-Extrude4[3]', #2125 ) ;
#3282 = CARTESIAN_POINT ( 'NONE',  ( 0.9500000000000009548, 0.5250000000000000222, 0.9249999999999999334 ) ) ;
#3283 = EDGE_CURVE ( 'NONE', #1087, #2036, #3482, .T. ) ;
#3284 = CARTESIAN_POINT ( 'NONE',  ( -0.9500000000000002887, 0.4499999999999999556, 0.9000000000000002442 ) ) ;
#3285 = ORIENTED_EDGE ( 'NONE', *, *, #719, .F. ) ;
#3286 = MANIFOLD_SOLID_BREP ( 'Boss-Extrude3', #1891 ) ;
#3287 = CARTESIAN_POINT ( 'NONE',  ( 0.000000000000000000, 0.2999999999999999889, 0.000000000000000000 ) ) ;
#3288 = DIRECTION ( 'NONE',  ( 0.000000000000000000, 0.000000000000000000, 1.000000000000000000 ) ) ;
#3289 = EDGE_CURVE ( 'NONE', #2107, #1827, #262, .T. ) ;
#3290 = DIRECTION ( 'NONE',  ( 0.000000000000000000, 1.000000000000000000, -0.000000000000000000 ) ) ;
#3291 = ORIENTED_EDGE ( 'NONE', *, *, #2847, .T. ) ;
#3292 = DIRECTION ( 'NONE',  ( 0.000000000000000000, 1.000000000000000000, 0.000000000000000000 ) ) ;
#3293 = CARTESIAN_POINT ( 'NONE',  ( -1.200000000000000400, 0.000000000000000000, 0.000000000000000000 ) ) ;
#3294 = AXIS2_PLACEMENT_3D ( 'NONE', #2354, #2021, #1448 ) ;
#3295 = FACE_OUTER_BOUND ( 'NONE', #926, .T. ) ;
#3296 = CARTESIAN_POINT ( 'NONE',  ( 1.249999999999999778, 0.2999999999999999889, -1.000000000000000000 ) ) ;
#3297 = FACE_OUTER_BOUND ( 'NONE', #1612, .T. ) ;
#3298 =( GEOMETRIC_REPRESENTATION_CONTEXT ( 3 ) GLOBAL_UNCERTAINTY_ASSIGNED_CONTEXT ( ( #2167 ) ) GLOBAL_UNIT_ASSIGNED_CONTEXT ( ( #936, #916, #2683 ) ) REPRESENTATION_CONTEXT ( 'NONE', 'WORKASPACE' ) );
#3299 = DIRECTION ( 'NONE',  ( 0.000000000000000000, 0.000000000000000000, -1.000000000000000000 ) ) ;
#3300 = AXIS2_PLACEMENT_3D ( 'NONE', #1328, #726, #2488 ) ;
#3301 = EDGE_CURVE ( 'NONE', #2237, #2929, #2711, .T. ) ;
#3302 = VERTEX_POINT ( 'NONE', #1856 ) ;
#3303 = AXIS2_PLACEMENT_3D ( 'NONE', #1207, #2083, #3256 ) ;
#3304 = DIRECTION ( 'NONE',  ( -0.000000000000000000, -1.000000000000000000, -0.000000000000000000 ) ) ;
#3305 = EDGE_CURVE ( 'NONE', #2102, #1982, #1721, .T. ) ;
#3306 = ORIENTED_EDGE ( 'NONE', *, *, #3373, .T. ) ;
#3307 = PRESENTATION_LAYER_ASSIGNMENT (  '', '', ( #325 ) ) ;
#3308 = STYLED_ITEM ( 'NONE', ( #2323 ), #1999 ) ;
#3309 = CIRCLE ( 'NONE', #1176, 0.1500000000000001887 ) ;
#3310 = DIRECTION ( 'NONE',  ( 1.000000000000000000, 0.000000000000000000, -0.000000000000000000 ) ) ;
#3311 = DIRECTION ( 'NONE',  ( 1.000000000000000000, -0.000000000000000000, 0.000000000000000000 ) ) ;
#3312 = CARTESIAN_POINT ( 'NONE',  ( 0.9500000000000009548, 0.4499999999999999001, 0.9000000000000001332 ) ) ;
#3313 = AXIS2_PLACEMENT_3D ( 'NONE', #3041, #2427, #1861 ) ;
#3314 = VERTEX_POINT ( 'NONE', #115 ) ;
#3315 = DIRECTION ( 'NONE',  ( 0.000000000000000000, 1.000000000000000000, 0.000000000000000000 ) ) ;
#3316 = CARTESIAN_POINT ( 'NONE',  ( -1.250000000000000222, 0.2999999999999999334, -0.8500000000000000888 ) ) ;
#3317 = DIRECTION ( 'NONE',  ( -1.734723475976807094E-16, 0.000000000000000000, -1.000000000000000000 ) ) ;
#3318 = PLANE ( 'NONE',  #3250 ) ;
#3319 = DIRECTION ( 'NONE',  ( 0.000000000000000000, 1.000000000000000000, 0.000000000000000000 ) ) ;
#3320 = FACE_OUTER_BOUND ( 'NONE', #1832, .T. ) ;
#3321 = EDGE_LOOP ( 'NONE', ( #2296, #498, #2976, #850 ) ) ;
#3322 = CARTESIAN_POINT ( 'NONE',  ( -5.059610138265692495E-17, 0.2999999999999999889, -0.3500000000000003109 ) ) ;
#3323 = EDGE_CURVE ( 'NONE', #2291, #318, #2111, .T. ) ;
#3324 = CARTESIAN_POINT ( 'NONE',  ( -1.250000000000000222, 0.000000000000000000, -0.8500000000000000888 ) ) ;
#3325 = ORIENTED_EDGE ( 'NONE', *, *, #3077, .F. ) ;
#3326 = DIRECTION ( 'NONE',  ( 0.000000000000000000, 0.000000000000000000, -1.000000000000000000 ) ) ;
#3327 = EDGE_CURVE ( 'NONE', #2102, #3785, #1711, .T. ) ;
#3328 = CARTESIAN_POINT ( 'NONE',  ( -1.250000000000000222, -1.030776406404415146, 1.000000000000000222 ) ) ;
#3329 = DIRECTION ( 'NONE',  ( 0.000000000000000000, 1.000000000000000000, 0.000000000000000000 ) ) ;
#3330 = DIRECTION ( 'NONE',  ( 0.000000000000000000, -0.000000000000000000, -1.000000000000000000 ) ) ;
#3331 = VERTEX_POINT ( 'NONE', #3175 ) ;
#3332 = LINE ( 'NONE', #400, #2616 ) ;
#3333 = CARTESIAN_POINT ( 'NONE',  ( 1.200000000000001066, 0.5250000000000000222, 0.6999999999999999556 ) ) ;
#3334 = LINE ( 'NONE', #2793, #1784 ) ;
#3335 = DIRECTION ( 'NONE',  ( 1.000000000000000000, 0.000000000000000000, -1.548860246407863336E-16 ) ) ;
#3336 = FACE_OUTER_BOUND ( 'NONE', #2624, .T. ) ;
#3337 = DIRECTION ( 'NONE',  ( 0.000000000000000000, 0.000000000000000000, 1.000000000000000000 ) ) ;
#3338 = CARTESIAN_POINT ( 'NONE',  ( 1.250000000000000222, 0.2999999999999999889, -1.000000000000000222 ) ) ;
#3339 = VERTEX_POINT ( 'NONE', #1810 ) ;
#3340 = LINE ( 'NONE', #2493, #2941 ) ;
#3341 = EDGE_CURVE ( 'NONE', #2321, #1565, #2972, .T. ) ;
#3342 = ORIENTED_EDGE ( 'NONE', *, *, #407, .F. ) ;
#3343 = LINE ( 'NONE', #1605, #3479 ) ;
#3344 = ORIENTED_EDGE ( 'NONE', *, *, #217, .T. ) ;
#3345 = PLANE ( 'NONE',  #259 ) ;
#3346 = DIRECTION ( 'NONE',  ( 0.000000000000000000, -0.000000000000000000, 1.000000000000000000 ) ) ;
#3347 = LINE ( 'NONE', #1530, #1473 ) ;
#3348 = ORIENTED_EDGE ( 'NONE', *, *, #2599, .T. ) ;
#3349 = DIRECTION ( 'NONE',  ( 0.000000000000000000, 1.000000000000000000, 0.000000000000000000 ) ) ;
#3350 = FACE_OUTER_BOUND ( 'NONE', #3268, .T. ) ;
#3351 = CARTESIAN_POINT ( 'NONE',  ( -0.4500000000000001776, 0.2999999999999999334, -0.3500000000000002554 ) ) ;
#3352 = EDGE_CURVE ( 'NONE', #1854, #2384, #855, .T. ) ;
#3353 = SURFACE_STYLE_USAGE ( .BOTH. , #168 ) ;
#3354 = UNCERTAINTY_MEASURE_WITH_UNIT (LENGTH_MEASURE( 1.000000000000000082E-05 ), #3658, 'distance_accuracy_value', 'NONE');
#3355 = DIRECTION ( 'NONE',  ( -1.000000000000000000, 0.000000000000000000, -8.673617379884051249E-15 ) ) ;
#3356 = DIRECTION ( 'NONE',  ( 0.000000000000000000, -0.000000000000000000, 1.000000000000000000 ) ) ;
#3357 = VECTOR ( 'NONE', #3500, 1000.000000000000000 ) ;
#3358 = DIRECTION ( 'NONE',  ( 0.000000000000000000, -0.000000000000000000, -1.000000000000000000 ) ) ;
#3359 = VERTEX_POINT ( 'NONE', #1148 ) ;
#3360 = DIRECTION ( 'NONE',  ( -0.000000000000000000, -1.000000000000000000, -0.000000000000000000 ) ) ;
#3361 = VECTOR ( 'NONE', #2054, 1000.000000000000000 ) ;
#3362 = ADVANCED_FACE ( 'NONE', ( #2479 ), #3704, .T. ) ;
#3363 = EDGE_LOOP ( 'NONE', ( #1638, #1519, #172, #1490 ) ) ;
#3364 = AXIS2_PLACEMENT_3D ( 'NONE', #3374, #3086, #477 ) ;
#3365 = VECTOR ( 'NONE', #2114, 1000.000000000000000 ) ;
#3366 = DIRECTION ( 'NONE',  ( 0.000000000000000000, 1.000000000000000000, 0.000000000000000000 ) ) ;
#3367 = VECTOR ( 'NONE', #1715, 1000.000000000000000 ) ;
#3368 = CARTESIAN_POINT ( 'NONE',  ( 1.250000000000000222, 0.2999999999999999334, 1.000000000000000222 ) ) ;
#3369 = DIRECTION ( 'NONE',  ( -0.000000000000000000, -1.000000000000000000, -0.000000000000000000 ) ) ;
#3370 = ORIENTED_EDGE ( 'NONE', *, *, #494, .F. ) ;
#3371 = VECTOR ( 'NONE', #2422, 1000.000000000000000 ) ;
#3372 = VECTOR ( 'NONE', #2832, 1000.000000000000000 ) ;
#3373 = EDGE_CURVE ( 'NONE', #501, #72, #1074, .T. ) ;
#3374 = CARTESIAN_POINT ( 'NONE',  ( 0.000000000000000000, 0.2999999999999999889, 0.000000000000000000 ) ) ;
#3375 = CARTESIAN_POINT ( 'NONE',  ( -3.127924276367432765E-16, -1.030776406404415146, 0.9500000000000001776 ) ) ;
#3376 = VECTOR ( 'NONE', #3209, 1000.000000000000000 ) ;
#3377 = VECTOR ( 'NONE', #1208, 1000.000000000000000 ) ;
#3378 = DIRECTION ( 'NONE',  ( -0.000000000000000000, -1.000000000000000000, -0.000000000000000000 ) ) ;
#3379 = CIRCLE ( 'NONE', #750, 0.1000000000000001582 ) ;
#3380 = ADVANCED_FACE ( 'NONE', ( #3094 ), #748, .T. ) ;
#3381 = PRODUCT ( 'ECS-300-10-36Q-ES-TR', 'ECS-300-10-36Q-ES-TR', '', ( #2514 ) ) ;
#3382 = DIRECTION ( 'NONE',  ( 0.000000000000000000, 0.000000000000000000, 1.000000000000000000 ) ) ;
#3383 = DIRECTION ( 'NONE',  ( -0.000000000000000000, -1.000000000000000000, -0.000000000000000000 ) ) ;
#3384 = CARTESIAN_POINT ( 'NONE',  ( -1.189644660940673004, 0.5500000000000001554, -0.8403805922287441721 ) ) ;
#3385 = ORIENTED_EDGE ( 'NONE', *, *, #3669, .F. ) ;
#3386 = DIRECTION ( 'NONE',  ( 0.000000000000000000, 1.000000000000000000, 0.000000000000000000 ) ) ;
#3387 = ORIENTED_EDGE ( 'NONE', *, *, #1518, .F. ) ;
#3388 = LINE ( 'NONE', #1132, #2077 ) ;
#3389 = LINE ( 'NONE', #120, #3198 ) ;
#3390 = SURFACE_SIDE_STYLE ('',( #1626 ) ) ;
#3391 = ADVANCED_FACE ( 'NONE', ( #171 ), #1907, .T. ) ;
#3392 = VERTEX_POINT ( 'NONE', #469 ) ;
#3393 = DIRECTION ( 'NONE',  ( -0.000000000000000000, -1.000000000000000000, -0.000000000000000000 ) ) ;
#3394 = CARTESIAN_POINT ( 'NONE',  ( -0.9500000000000001776, 0.4500000000000000666, 0.9000000000000000222 ) ) ;
#3395 =( NAMED_UNIT ( * ) PLANE_ANGLE_UNIT ( ) SI_UNIT ( $, .RADIAN. ) );
#3396 = DIRECTION ( 'NONE',  ( 8.673617379884051249E-15, 0.000000000000000000, -1.000000000000000000 ) ) ;
#3397 = CARTESIAN_POINT ( 'NONE',  ( -1.175000000000000044, 0.5500000000000000444, -0.7000000000000001776 ) ) ;
#3398 = VERTEX_POINT ( 'NONE', #1940 ) ;
#3399 = CARTESIAN_POINT ( 'NONE',  ( -1.096446609406726891, 0.5250000000000001332, -0.9500000000000002887 ) ) ;
#3400 = ADVANCED_FACE ( 'NONE', ( #2463 ), #1334, .F. ) ;
#3401 = EDGE_LOOP ( 'NONE', ( #2247, #1560, #2353, #1926 ) ) ;
#3402 = CARTESIAN_POINT ( 'NONE',  ( -1.200000000000000400, -1.030776406404415146, -0.8585786437626905521 ) ) ;
#3403 = ORIENTED_EDGE ( 'NONE', *, *, #3261, .F. ) ;
#3404 = EDGE_CURVE ( 'NONE', #3398, #1183, #2798, .T. ) ;
#3405 = EDGE_CURVE ( 'NONE', #3507, #82, #3340, .T. ) ;
#3406 = DIRECTION ( 'NONE',  ( 0.000000000000000000, 1.000000000000000000, 0.000000000000000000 ) ) ;
#3407 = CARTESIAN_POINT ( 'NONE',  ( -0.9500000000000002887, 0.5999999999999998668, 0.9000000000000001332 ) ) ;
#3408 = ORIENTED_EDGE ( 'NONE', *, *, #1735, .F. ) ;
#3409 = CARTESIAN_POINT ( 'NONE',  ( 0.9500000000000008438, 0.5250000000000000222, -0.9249999999999999334 ) ) ;
#3410 = EDGE_LOOP ( 'NONE', ( #3449, #2658, #2568, #1774 ) ) ;
#3411 = DIRECTION ( 'NONE',  ( -5.706327223607915090E-17, 0.000000000000000000, -1.000000000000000000 ) ) ;
#3412 = ADVANCED_FACE ( 'NONE', ( #485 ), #841, .T. ) ;
#3413 = EDGE_CURVE ( 'NONE', #3314, #122, #1719, .T. ) ;
#3414 = DIRECTION ( 'NONE',  ( 0.000000000000000000, 0.000000000000000000, 1.000000000000000000 ) ) ;
#3415 = DIRECTION ( 'NONE',  ( -1.000000000000000000, 0.000000000000000000, -0.000000000000000000 ) ) ;
#3416 = ADVANCED_FACE ( 'NONE', ( #2151 ), #1888, .F. ) ;
#3417 = SURFACE_STYLE_FILL_AREA ( #1084 ) ;
#3418 = ORIENTED_EDGE ( 'NONE', *, *, #3614, .T. ) ;
#3419 = DIRECTION ( 'NONE',  ( -0.000000000000000000, -1.000000000000000000, -0.000000000000000000 ) ) ;
#3420 = VECTOR ( 'NONE', #1864, 1000.000000000000000 ) ;
#3421 = VERTEX_POINT ( 'NONE', #134 ) ;
#3422 = CARTESIAN_POINT ( 'NONE',  ( 0.9500000000000009548, 0.4500000000000000666, -0.7000000000000001776 ) ) ;
#3423 = ADVANCED_FACE ( 'NONE', ( #3034 ), #2745, .F. ) ;
#3424 = AXIS2_PLACEMENT_3D ( 'NONE', #3661, #451, #2482 ) ;
#3425 = ORIENTED_EDGE ( 'NONE', *, *, #246, .T. ) ;
#3426 = DIRECTION ( 'NONE',  ( -0.000000000000000000, -1.000000000000000000, -0.000000000000000000 ) ) ;
#3427 = CARTESIAN_POINT ( 'NONE',  ( 1.100000000000000089, 0.2999999999999999334, -1.000000000000000222 ) ) ;
#3428 = CARTESIAN_POINT ( 'NONE',  ( 1.200000000000001066, 0.5250000000000001332, -0.8464466094067262247 ) ) ;
#3429 = ORIENTED_EDGE ( 'NONE', *, *, #979, .F. ) ;
#3430 = AXIS2_PLACEMENT_3D ( 'NONE', #1844, #764, #1628 ) ;
#3431 = CARTESIAN_POINT ( 'NONE',  ( -0.4500000000000001776, 0.000000000000000000, -0.3500000000000002554 ) ) ;
#3432 = ORIENTED_EDGE ( 'NONE', *, *, #430, .F. ) ;
#3433 = CIRCLE ( 'NONE', #3059, 0.1999999999999998723 ) ;
#3434 = CARTESIAN_POINT ( 'NONE',  ( -0.9500000000000002887, 0.5500000000000000444, -0.9250000000000001554 ) ) ;
#3435 = AXIS2_PLACEMENT_3D ( 'NONE', #2302, #2886, #3330 ) ;
#3436 = VECTOR ( 'NONE', #1029, 1000.000000000000000 ) ;
#3437 = VECTOR ( 'NONE', #521, 1000.000000000000000 ) ;
#3438 = LINE ( 'NONE', #1978, #2932 ) ;
#3439 = VECTOR ( 'NONE', #877, 1000.000000000000000 ) ;
#3440 = CARTESIAN_POINT ( 'NONE',  ( -0.9500000000000002887, 4.120616373302047997, -0.9000000000000000222 ) ) ;
#3441 = VERTEX_POINT ( 'NONE', #156 ) ;
#3442 = LINE ( 'NONE', #847, #3188 ) ;
#3443 = AXIS2_PLACEMENT_3D ( 'NONE', #1630, #3378, #153 ) ;
#3444 = EDGE_CURVE ( 'NONE', #1435, #584, #2534, .T. ) ;
#3445 = SURFACE_STYLE_USAGE ( .BOTH. , #2270 ) ;
#3446 = EDGE_LOOP ( 'NONE', ( #20, #1446, #3280, #3285, #3776, #2099, #3622, #3403, #848, #101, #2821, #981, #951, #2937, #2542, #3157, #1128, #1776, #2346, #3080, #1289, #1909, #947, #2587, #2882, #1743, #1359, #1502 ) ) ;
#3447 = ADVANCED_FACE ( 'NONE', ( #230 ), #3185, .T. ) ;
#3448 = DIRECTION ( 'NONE',  ( 0.000000000000000000, -0.000000000000000000, -1.000000000000000000 ) ) ;
#3449 = ORIENTED_EDGE ( 'NONE', *, *, #159, .T. ) ;
#3450 = LINE ( 'NONE', #237, #1963 ) ;
#3451 = ORIENTED_EDGE ( 'NONE', *, *, #1968, .F. ) ;
#3452 = APPLICATION_CONTEXT ( 'automotive_design' ) ;
#3453 = LINE ( 'NONE', #842, #1350 ) ;
#3454 = CARTESIAN_POINT ( 'NONE',  ( -1.175000000000000266, 0.5500000000000000444, 0.8318019484660534868 ) ) ;
#3455 = SURFACE_STYLE_USAGE ( .BOTH. , #268 ) ;
#3456 = DIRECTION ( 'NONE',  ( -0.000000000000000000, -1.000000000000000000, -0.000000000000000000 ) ) ;
#3457 = DIRECTION ( 'NONE',  ( 1.000000000000000000, 0.000000000000000000, -0.000000000000000000 ) ) ;
#3458 = EDGE_CURVE ( 'NONE', #1621, #1535, #1689, .T. ) ;
#3459 = EDGE_CURVE ( 'NONE', #3651, #1053, #3755, .T. ) ;
#3460 = VERTEX_POINT ( 'NONE', #1409 ) ;
#3461 = ORIENTED_EDGE ( 'NONE', *, *, #394, .F. ) ;
#3462 = FACE_OUTER_BOUND ( 'NONE', #2612, .T. ) ;
#3463 = CARTESIAN_POINT ( 'NONE',  ( 0.9500000000000011768, 0.5500000000000000444, -0.9249999999999999334 ) ) ;
#3464 = EDGE_CURVE ( 'NONE', #3050, #3503, #1966, .T. ) ;
#3465 = ORIENTED_EDGE ( 'NONE', *, *, #136, .T. ) ;
#3466 = FILL_AREA_STYLE_COLOUR ( '', #2813 ) ;
#3467 = LINE ( 'NONE', #1646, #1110 ) ;
#3468 = EDGE_CURVE ( 'NONE', #2404, #2304, #3442, .T. ) ;
#3469 = CYLINDRICAL_SURFACE ( 'NONE', #884, 0.02499999999999995628 ) ;
#3470 = CARTESIAN_POINT ( 'NONE',  ( -1.175000000000000266, 0.5500000000000000444, 0.6999999999999998446 ) ) ;
#3471 = DIRECTION ( 'NONE',  ( 1.000000000000000000, 0.000000000000000000, -8.673617379884035472E-17 ) ) ;
#3472 = CARTESIAN_POINT ( 'NONE',  ( 1.149999999999999911, 0.000000000000000000, 1.000000000000000222 ) ) ;
#3473 = ORIENTED_EDGE ( 'NONE', *, *, #100, .T. ) ;
#3474 = FACE_OUTER_BOUND ( 'NONE', #233, .T. ) ;
#3475 = ORIENTED_EDGE ( 'NONE', *, *, #2097, .T. ) ;
#3476 = CLOSED_SHELL ( 'NONE', ( #2605, #190, #789, #874, #367, #2232, #3195, #1226, #921, #2416, #1615, #2226, #3064, #2865, #2960, #803, #2143, #1661, #1697, #2399, #1112, #2350, #903, #2461, #3412, #3246 ) ) ;
#3477 = ORIENTED_EDGE ( 'NONE', *, *, #1755, .T. ) ;
#3478 = CARTESIAN_POINT ( 'NONE',  ( -1.200000000000000400, 0.000000000000000000, 0.8585786437626905521 ) ) ;
#3479 = VECTOR ( 'NONE', #2188, 1000.000000000000000 ) ;
#3480 = CYLINDRICAL_SURFACE ( 'NONE', #3489, 0.1500000000000001887 ) ;
#3481 = ORIENTED_EDGE ( 'NONE', *, *, #3444, .F. ) ;
#3482 = LINE ( 'NONE', #2993, #1596 ) ;
#3483 = ORIENTED_EDGE ( 'NONE', *, *, #2974, .T. ) ;
#3484 = EDGE_CURVE ( 'NONE', #3259, #238, #1705, .T. ) ;
#3485 = CARTESIAN_POINT ( 'NONE',  ( -1.250000000000000222, -1.030776406404415146, 0.000000000000000000 ) ) ;
#3486 = AXIS2_PLACEMENT_3D ( 'NONE', #804, #1100, #844 ) ;
#3487 = FACE_OUTER_BOUND ( 'NONE', #2356, .T. ) ;
#3488 = ORIENTED_EDGE ( 'NONE', *, *, #2049, .T. ) ;
#3489 = AXIS2_PLACEMENT_3D ( 'NONE', #2355, #1434, #872 ) ;
#3490 = ADVANCED_FACE ( 'NONE', ( #2306 ), #1125, .F. ) ;
#3491 = VERTEX_POINT ( 'NONE', #3130 ) ;
#3492 = PLANE ( 'NONE',  #1956 ) ;
#3493 = DIRECTION ( 'NONE',  ( 0.000000000000000000, 1.000000000000000000, 0.000000000000000000 ) ) ;
#3494 = VECTOR ( 'NONE', #759, 1000.000000000000000 ) ;
#3495 = CARTESIAN_POINT ( 'NONE',  ( 1.250000000000000000, 0.4500000000000000666, 0.000000000000000000 ) ) ;
#3496 = ORIENTED_EDGE ( 'NONE', *, *, #3118, .F. ) ;
#3497 = EDGE_CURVE ( 'NONE', #2823, #1878, #3718, .T. ) ;
#3498 = CIRCLE ( 'NONE', #1360, 0.1000000000000000472 ) ;
#3499 = AXIS2_PLACEMENT_3D ( 'NONE', #893, #713, #2918 ) ;
#3500 = DIRECTION ( 'NONE',  ( -1.000000000000000000, -0.000000000000000000, -0.000000000000000000 ) ) ;
#3501 = ORIENTED_EDGE ( 'NONE', *, *, #483, .T. ) ;
#3502 = AXIS2_PLACEMENT_3D ( 'NONE', #2318, #2906, #3178 ) ;
#3503 = VERTEX_POINT ( 'NONE', #1390 ) ;
#3504 = DIRECTION ( 'NONE',  ( -0.000000000000000000, 0.000000000000000000, -1.000000000000000000 ) ) ;
#3505 = VECTOR ( 'NONE', #1593, 1000.000000000000000 ) ;
#3506 = FACE_OUTER_BOUND ( 'NONE', #2755, .T. ) ;
#3507 = VERTEX_POINT ( 'NONE', #2911 ) ;
#3508 = EDGE_LOOP ( 'NONE', ( #271, #44, #2462, #191, #2669, #335, #1075, #409, #1452 ) ) ;
#3509 = DIRECTION ( 'NONE',  ( 0.000000000000000000, -0.000000000000000000, -1.000000000000000000 ) ) ;
#3510 = LINE ( 'NONE', #1780, #2389 ) ;
#3511 = DIRECTION ( 'NONE',  ( -0.000000000000000000, -1.000000000000000000, -0.000000000000000000 ) ) ;
#3512 = ADVANCED_FACE ( 'NONE', ( #1729 ), #3148, .F. ) ;
#3513 = ORIENTED_EDGE ( 'NONE', *, *, #23, .F. ) ;
#3514 = EDGE_LOOP ( 'NONE', ( #3461, #2964, #2048, #1607 ) ) ;
#3515 = DIRECTION ( 'NONE',  ( 0.000000000000000000, 0.000000000000000000, 1.000000000000000000 ) ) ;
#3516 = FACE_OUTER_BOUND ( 'NONE', #2650, .T. ) ;
#3517 = CARTESIAN_POINT ( 'NONE',  ( 1.150000000000000799, 0.4500000000000000666, 0.6999999999999999556 ) ) ;
#3518 = DIRECTION ( 'NONE',  ( 0.000000000000000000, 1.000000000000000000, 0.000000000000000000 ) ) ;
#3519 = ORIENTED_EDGE ( 'NONE', *, *, #2297, .F. ) ;
#3520 = CARTESIAN_POINT ( 'NONE',  ( -1.250000000000000222, 0.2999999999999999334, 1.000000000000000222 ) ) ;
#3521 = VERTEX_POINT ( 'NONE', #3472 ) ;
#3522 = LINE ( 'NONE', #3739, #1344 ) ;
#3523 = CYLINDRICAL_SURFACE ( 'NONE', #18, 0.1500000000000001887 ) ;
#3524 = EDGE_CURVE ( 'NONE', #1488, #1019, #864, .T. ) ;
#3525 = EDGE_CURVE ( 'NONE', #3785, #1431, #2549, .T. ) ;
#3526 = ORIENTED_EDGE ( 'NONE', *, *, #1696, .F. ) ;
#3527 = ORIENTED_EDGE ( 'NONE', *, *, #2912, .T. ) ;
#3528 = CARTESIAN_POINT ( 'NONE',  ( 0.4500000000000001776, 0.2999999999999999334, 0.3500000000000002554 ) ) ;
#3529 = CARTESIAN_POINT ( 'NONE',  ( 1.108578643762690552, 0.2999999999999999334, -0.9499999999999998446 ) ) ;
#3530 = CARTESIAN_POINT ( 'NONE',  ( -1.108578643762690552, 0.2999999999999999889, 0.9499999999999999556 ) ) ;
#3531 = ORIENTED_EDGE ( 'NONE', *, *, #1171, .T. ) ;
#3532 = FACE_OUTER_BOUND ( 'NONE', #3576, .T. ) ;
#3533 = CARTESIAN_POINT ( 'NONE',  ( 0.9500000000000009548, 0.4500000000000000666, -0.9500000000000000666 ) ) ;
#3534 = CARTESIAN_POINT ( 'NONE',  ( 1.200000000000000400, 0.000000000000000000, -0.3500000000000001998 ) ) ;
#3535 = ORIENTED_EDGE ( 'NONE', *, *, #891, .T. ) ;
#3536 = EDGE_CURVE ( 'NONE', #567, #175, #1443, .T. ) ;
#3537 = CARTESIAN_POINT ( 'NONE',  ( 1.250000000000000222, 0.2999999999999999889, -1.000000000000000222 ) ) ;
#3538 = EDGE_LOOP ( 'NONE', ( #231, #2437, #791, #1717 ) ) ;
#3539 = EDGE_CURVE ( 'NONE', #2855, #3154, #1, .T. ) ;
#3540 = DIRECTION ( 'NONE',  ( 0.000000000000000000, 0.000000000000000000, 1.000000000000000000 ) ) ;
#3541 = EDGE_LOOP ( 'NONE', ( #3668, #946, #2934, #2424 ) ) ;
#3542 = ORIENTED_EDGE ( 'NONE', *, *, #1486, .T. ) ;
#3543 = DIRECTION ( 'NONE',  ( 0.000000000000000000, 1.000000000000000000, 0.000000000000000000 ) ) ;
#3544 = CARTESIAN_POINT ( 'NONE',  ( -1.250000000000000222, 0.000000000000000000, 1.000000000000000222 ) ) ;
#3545 = FACE_OUTER_BOUND ( 'NONE', #2098, .T. ) ;
#3546 = CIRCLE ( 'NONE', #2381, 0.02500000000000006384 ) ;
#3547 = ORIENTED_EDGE ( 'NONE', *, *, #2859, .T. ) ;
#3548 = CIRCLE ( 'NONE', #441, 0.1500000000000001887 ) ;
#3549 = ORIENTED_EDGE ( 'NONE', *, *, #1755, .F. ) ;
#3550 = DIRECTION ( 'NONE',  ( 0.000000000000000000, 0.000000000000000000, -1.000000000000000000 ) ) ;
#3551 = DIRECTION ( 'NONE',  ( -1.000000000000000000, 0.000000000000000000, 1.734723475976806601E-16 ) ) ;
#3552 = VECTOR ( 'NONE', #2532, 1000.000000000000000 ) ;
#3553 = CARTESIAN_POINT ( 'NONE',  ( 0.000000000000000000, 0.000000000000000000, 0.000000000000000000 ) ) ;
#3554 = ORIENTED_EDGE ( 'NONE', *, *, #428, .T. ) ;
#3555 = CARTESIAN_POINT ( 'NONE',  ( 0.000000000000000000, 0.000000000000000000, -0.9499999999999998446 ) ) ;
#3556 = VECTOR ( 'NONE', #2924, 1000.000000000000000 ) ;
#3557 = ORIENTED_EDGE ( 'NONE', *, *, #2920, .F. ) ;
#3558 = EDGE_CURVE ( 'NONE', #2159, #1531, #2325, .T. ) ;
#3559 = VECTOR ( 'NONE', #1667, 1000.000000000000000 ) ;
#3560 = VECTOR ( 'NONE', #1468, 1000.000000000000000 ) ;
#3561 = DIRECTION ( 'NONE',  ( 4.938827804790681704E-16, -0.000000000000000000, 1.000000000000000000 ) ) ;
#3562 = AXIS2_PLACEMENT_3D ( 'NONE', #3322, #715, #1871 ) ;
#3563 = CIRCLE ( 'NONE', #3006, 0.1500000000000001887 ) ;
#3564 = ORIENTED_EDGE ( 'NONE', *, *, #3002, .T. ) ;
#3565 = EDGE_CURVE ( 'NONE', #1316, #1725, #637, .T. ) ;
#3566 = ORIENTED_EDGE ( 'NONE', *, *, #587, .F. ) ;
#3567 = CARTESIAN_POINT ( 'NONE',  ( 5.059610138265692495E-17, 0.2999999999999999889, -0.3500000000000003109 ) ) ;
#3568 = VECTOR ( 'NONE', #2164, 1000.000000000000000 ) ;
#3569 = DIRECTION ( 'NONE',  ( -0.000000000000000000, -1.000000000000000000, -0.000000000000000000 ) ) ;
#3570 = DIRECTION ( 'NONE',  ( 0.000000000000000000, 0.000000000000000000, 1.000000000000000000 ) ) ;
#3571 = ORIENTED_EDGE ( 'NONE', *, *, #527, .T. ) ;
#3572 = ORIENTED_EDGE ( 'NONE', *, *, #2109, .T. ) ;
#3573 = DIRECTION ( 'NONE',  ( 1.000000000000000000, -0.000000000000000000, 0.000000000000000000 ) ) ;
#3574 = CARTESIAN_POINT ( 'NONE',  ( 0.000000000000000000, 0.000000000000000000, 0.3500000000000002554 ) ) ;
#3575 = CARTESIAN_POINT ( 'NONE',  ( -1.250000000000000222, 0.000000000000000000, -1.000000000000000222 ) ) ;
#3576 = EDGE_LOOP ( 'NONE', ( #590, #1634, #25, #199 ) ) ;
#3577 = ORIENTED_EDGE ( 'NONE', *, *, #1706, .T. ) ;
#3578 = CARTESIAN_POINT ( 'NONE',  ( 1.175000000000000933, 0.5500000000000000444, 0.7289598205737655157 ) ) ;
#3579 = CARTESIAN_POINT ( 'NONE',  ( -1.250000000000000222, 0.2999999999999999889, 1.000000000000000222 ) ) ;
#3580 = EDGE_CURVE ( 'NONE', #1001, #2929, #807, .T. ) ;
#3581 = ORIENTED_EDGE ( 'NONE', *, *, #527, .F. ) ;
#3582 = DIRECTION ( 'NONE',  ( 2.891205793294674678E-15, 0.000000000000000000, 1.000000000000000000 ) ) ;
#3583 = FACE_OUTER_BOUND ( 'NONE', #255, .T. ) ;
#3584 = DIRECTION ( 'NONE',  ( -1.000000000000000000, 0.000000000000000000, 0.000000000000000000 ) ) ;
#3585 = ORIENTED_EDGE ( 'NONE', *, *, #1706, .F. ) ;
#3586 = ORIENTED_EDGE ( 'NONE', *, *, #1937, .T. ) ;
#3587 = EDGE_CURVE ( 'NONE', #2002, #3135, #1675, .T. ) ;
#3588 = CARTESIAN_POINT ( 'NONE',  ( -1.250000000000000222, 0.2999999999999999334, 0.000000000000000000 ) ) ;
#3589 = DIRECTION ( 'NONE',  ( -0.000000000000000000, -1.000000000000000000, -0.000000000000000000 ) ) ;
#3590 = LINE ( 'NONE', #2363, #1059 ) ;
#3591 = DIRECTION ( 'NONE',  ( 0.000000000000000000, 0.000000000000000000, 1.000000000000000000 ) ) ;
#3592 = CARTESIAN_POINT ( 'NONE',  ( 0.4500000000000001776, 0.2999999999999999334, -0.9499999999999999556 ) ) ;
#3593 = ORIENTED_EDGE ( 'NONE', *, *, #100, .F. ) ;
#3594 = PRODUCT_DEFINITION_CONTEXT ( 'detailed design', #3727, 'design' ) ;
#3595 = EDGE_CURVE ( 'NONE', #3302, #3441, #203, .T. ) ;
#3596 = PLANE ( 'NONE',  #2196 ) ;
#3597 = CARTESIAN_POINT ( 'NONE',  ( 1.200000000000000400, 0.000000000000000000, 0.3500000000000001998 ) ) ;
#3598 = ORIENTED_EDGE ( 'NONE', *, *, #1701, .T. ) ;
#3599 = CARTESIAN_POINT ( 'NONE',  ( 0.000000000000000000, 0.2999999999999999889, -0.9499999999999998446 ) ) ;
#3600 = DIRECTION ( 'NONE',  ( -0.000000000000000000, -1.000000000000000000, -0.000000000000000000 ) ) ;
#3601 = VERTEX_POINT ( 'NONE', #1789 ) ;
#3602 = CARTESIAN_POINT ( 'NONE',  ( 1.149999999999999911, 0.2999999999999999889, 0.9999999999999997780 ) ) ;
#3603 = CARTESIAN_POINT ( 'NONE',  ( 1.150000000000000799, 0.4500000000000000666, -0.7000000000000001776 ) ) ;
#3604 = DIRECTION ( 'NONE',  ( 1.000000000000000000, -0.000000000000000000, -1.734723475976807094E-16 ) ) ;
#3605 = DIRECTION ( 'NONE',  ( 0.000000000000000000, 1.000000000000000000, 0.000000000000000000 ) ) ;
#3606 = AXIS2_PLACEMENT_3D ( 'NONE', #92, #2824, #3722 ) ;
#3607 = EDGE_CURVE ( 'NONE', #2614, #1183, #2760, .T. ) ;
#3608 = ORIENTED_EDGE ( 'NONE', *, *, #3657, .T. ) ;
#3609 = LINE ( 'NONE', #150, #1823 ) ;
#3610 = CARTESIAN_POINT ( 'NONE',  ( -1.200000000000000400, 0.4500000000000000666, -0.7000000000000000666 ) ) ;
#3611 = VECTOR ( 'NONE', #2958, 1000.000000000000000 ) ;
#3612 = CARTESIAN_POINT ( 'NONE',  ( 0.9500000000000007327, 0.5500000000000000444, -0.9000000000000003553 ) ) ;
#3613 = DIRECTION ( 'NONE',  ( 0.000000000000000000, -0.000000000000000000, 1.000000000000000000 ) ) ;
#3614 = EDGE_CURVE ( 'NONE', #644, #3331, #2380, .T. ) ;
#3615 = AXIS2_PLACEMENT_3D ( 'NONE', #3787, #1404, #2564 ) ;
#3616 = FACE_OUTER_BOUND ( 'NONE', #1750, .T. ) ;
#3617 = CARTESIAN_POINT ( 'NONE',  ( 1.250000000000000000, 0.4500000000000000666, 0.9999999999999997780 ) ) ;
#3618 = AXIS2_PLACEMENT_3D ( 'NONE', #2585, #861, #1727 ) ;
#3619 = VERTEX_POINT ( 'NONE', #360 ) ;
#3620 = DIRECTION ( 'NONE',  ( 1.000000000000000000, 0.000000000000000000, -0.000000000000000000 ) ) ;
#3621 = CARTESIAN_POINT ( 'NONE',  ( 0.4500000000000001776, 0.000000000000000000, 0.000000000000000000 ) ) ;
#3622 = ORIENTED_EDGE ( 'NONE', *, *, #1890, .T. ) ;
#3623 = AXIS2_PLACEMENT_3D ( 'NONE', #2255, #3725, #1095 ) ;
#3624 = VECTOR ( 'NONE', #3493, 1000.000000000000000 ) ;
#3625 = CARTESIAN_POINT ( 'NONE',  ( -0.9500000000000002887, 0.5500000000000000444, 0.6999999999999999556 ) ) ;
#3626 = AXIS2_PLACEMENT_3D ( 'NONE', #995, #1599, #2171 ) ;
#3627 = AXIS2_PLACEMENT_3D ( 'NONE', #743, #464, #1647 ) ;
#3628 = DIRECTION ( 'NONE',  ( -1.000000000000000000, 0.000000000000000000, 1.445602896647339163E-16 ) ) ;
#3629 = PRODUCT_RELATED_PRODUCT_CATEGORY ( 'part', '', ( #3381 ) ) ;
#3630 = CARTESIAN_POINT ( 'NONE',  ( 0.000000000000000000, 0.4500000000000000666, 1.000000000000000222 ) ) ;
#3631 = DIRECTION ( 'NONE',  ( 0.000000000000000000, 1.000000000000000000, 0.000000000000000000 ) ) ;
#3632 = VECTOR ( 'NONE', #2502, 1000.000000000000000 ) ;
#3633 = ORIENTED_EDGE ( 'NONE', *, *, #1927, .F. ) ;
#3634 = CARTESIAN_POINT ( 'NONE',  ( -0.4500000000000001776, 0.000000000000000000, -0.9499999999999999556 ) ) ;
#3635 = CARTESIAN_POINT ( 'NONE',  ( -0.4500000000000001776, 0.000000000000000000, 0.000000000000000000 ) ) ;
#3636 = CARTESIAN_POINT ( 'NONE',  ( 0.000000000000000000, 0.2999999999999999889, -0.9500000000000000666 ) ) ;
#3637 = CARTESIAN_POINT ( 'NONE',  ( 1.250000000000000000, 0.000000000000000000, 0.8500000000000000888 ) ) ;
#3638 = CARTESIAN_POINT ( 'NONE',  ( 0.9500000000000009548, 0.5500000000000000444, -0.7000000000000001776 ) ) ;
#3639 = DIRECTION ( 'NONE',  ( 0.000000000000000000, 1.000000000000000000, 0.000000000000000000 ) ) ;
#3640 = VERTEX_POINT ( 'NONE', #3534 ) ;
#3641 = CARTESIAN_POINT ( 'NONE',  ( -0.9500000000000002887, 4.120616373302047997, 0.6999999999999999556 ) ) ;
#3642 = ORIENTED_EDGE ( 'NONE', *, *, #3669, .T. ) ;
#3643 = CARTESIAN_POINT ( 'NONE',  ( 1.200000000000000400, 0.2999999999999999889, -0.8585786437626905521 ) ) ;
#3644 = ADVANCED_FACE ( 'NONE', ( #2629 ), #3013, .F. ) ;
#3645 = EDGE_LOOP ( 'NONE', ( #1640, #599, #2948, #1268, #1515, #3114, #2770, #3133, #3043 ) ) ;
#3646 = CARTESIAN_POINT ( 'NONE',  ( 1.250000000000000222, 0.2999999999999999889, 1.000000000000000222 ) ) ;
#3647 = EDGE_CURVE ( 'NONE', #2594, #1375, #2145, .T. ) ;
#3648 = CARTESIAN_POINT ( 'NONE',  ( 0.9500000000000009548, 0.4500000000000000666, 0.9000000000000001332 ) ) ;
#3649 = CARTESIAN_POINT ( 'NONE',  ( 1.734723475976807094E-16, 0.2999999999999999334, 1.000000000000000000 ) ) ;
#3650 = DIRECTION ( 'NONE',  ( -1.000000000000000000, -0.000000000000000000, -1.445602896647339163E-16 ) ) ;
#3651 = VERTEX_POINT ( 'NONE', #3263 ) ;
#3652 = CARTESIAN_POINT ( 'NONE',  ( 1.100000000000000089, 0.000000000000000000, 1.000000000000000222 ) ) ;
#3653 = CARTESIAN_POINT ( 'NONE',  ( 1.175000000000000933, 0.5500000000000000444, 0.6999999999999999556 ) ) ;
#3654 = CARTESIAN_POINT ( 'NONE',  ( -1.250000000000000222, 0.4500000000000000666, 1.000000000000000222 ) ) ;
#3655 = CARTESIAN_POINT ( 'NONE',  ( 1.250000000000000222, 0.2999999999999999334, -1.000000000000000222 ) ) ;
#3656 = ORIENTED_EDGE ( 'NONE', *, *, #494, .T. ) ;
#3657 = EDGE_CURVE ( 'NONE', #2289, #2855, #1240, .T. ) ;
#3658 =( LENGTH_UNIT ( ) NAMED_UNIT ( * ) SI_UNIT ( .MILLI., .METRE. ) );
#3659 =( LENGTH_UNIT ( ) NAMED_UNIT ( * ) SI_UNIT ( .MILLI., .METRE. ) );
#3660 = ORIENTED_EDGE ( 'NONE', *, *, #31, .T. ) ;
#3661 = CARTESIAN_POINT ( 'NONE',  ( -1.250000000000000222, 0.2999999999999999889, -0.9999999999999997780 ) ) ;
#3662 = ORIENTED_EDGE ( 'NONE', *, *, #83, .F. ) ;
#3663 = EDGE_CURVE ( 'NONE', #1531, #3507, #821, .T. ) ;
#3664 = DIRECTION ( 'NONE',  ( -0.000000000000000000, -1.000000000000000000, -0.000000000000000000 ) ) ;
#3665 = DIRECTION ( 'NONE',  ( -0.000000000000000000, -1.000000000000000000, -0.000000000000000000 ) ) ;
#3666 = DIRECTION ( 'NONE',  ( 1.000000000000000000, 0.000000000000000000, -0.000000000000000000 ) ) ;
#3667 = CARTESIAN_POINT ( 'NONE',  ( 1.100000000000000089, 0.000000000000000000, 0.9999999999999997780 ) ) ;
#3668 = ORIENTED_EDGE ( 'NONE', *, *, #1258, .T. ) ;
#3669 = EDGE_CURVE ( 'NONE', #82, #2216, #3498, .T. ) ;
#3670 = ORIENTED_EDGE ( 'NONE', *, *, #3405, .F. ) ;
#3671 = CARTESIAN_POINT ( 'NONE',  ( 1.200000000000001066, 0.5396446609406726491, 0.7000000000000000666 ) ) ;
#3672 = DIRECTION ( 'NONE',  ( 0.000000000000000000, 1.000000000000000000, 0.000000000000000000 ) ) ;
#3673 = CIRCLE ( 'NONE', #183, 0.02500000000000006384 ) ;
#3674 = CIRCLE ( 'NONE', #1516, 0.1000000000000001582 ) ;
#3675 = UNCERTAINTY_MEASURE_WITH_UNIT (LENGTH_MEASURE( 1.000000000000000082E-05 ), #3659, 'distance_accuracy_value', 'NONE');
#3676 = LINE ( 'NONE', #1297, #2805 ) ;
#3677 = CARTESIAN_POINT ( 'NONE',  ( 1.100000000000000089, 0.000000000000000000, -1.000000000000000000 ) ) ;
#3678 = CIRCLE ( 'NONE', #1893, 0.2499999999999998890 ) ;
#3679 = CARTESIAN_POINT ( 'NONE',  ( -0.9500000000000003997, 0.5500000000000000444, -0.9250000000000000444 ) ) ;
#3680 = ORIENTED_EDGE ( 'NONE', *, *, #1086, .F. ) ;
#3681 = CIRCLE ( 'NONE', #2684, 0.1999999999999999833 ) ;
#3682 = ADVANCED_FACE ( 'NONE', ( #914 ), #71, .F. ) ;
#3683 = ORIENTED_EDGE ( 'NONE', *, *, #1927, .T. ) ;
#3684 = VECTOR ( 'NONE', #1097, 1000.000000000000000 ) ;
#3685 = CYLINDRICAL_SURFACE ( 'NONE', #3072, 0.2499999999999998890 ) ;
#3686 = VECTOR ( 'NONE', #761, 1000.000000000000000 ) ;
#3687 = CARTESIAN_POINT ( 'NONE',  ( -0.4500000000000001776, -1.030776406404415146, 0.9500000000000000666 ) ) ;
#3688 = VECTOR ( 'NONE', #692, 1000.000000000000000 ) ;
#3689 = CARTESIAN_POINT ( 'NONE',  ( 1.250000000000000222, 0.000000000000000000, 1.000000000000000222 ) ) ;
#3690 = CYLINDRICAL_SURFACE ( 'NONE', #2268, 0.1000000000000000472 ) ;
#3691 = EDGE_LOOP ( 'NONE', ( #870, #2666, #2299, #2827 ) ) ;
#3692 = AXIS2_PLACEMENT_3D ( 'NONE', #3698, #786, #3070 ) ;
#3693 = AXIS2_PLACEMENT_3D ( 'NONE', #402, #1820, #2066 ) ;
#3694 = CARTESIAN_POINT ( 'NONE',  ( -1.100000000000000089, 0.000000000000000000, 1.000000000000000222 ) ) ;
#3695 = LINE ( 'NONE', #765, #2519 ) ;
#3696 = VECTOR ( 'NONE', #3012, 1000.000000000000000 ) ;
#3697 = B_SPLINE_CURVE_WITH_KNOTS ( 'NONE', 3,
 ( #3020, #408, #1564, #3035, #774, #426, #1637, #2747, #1357, #734 ),
 .UNSPECIFIED., .F., .F.,
 ( 4, 2, 2, 2, 4 ),
 ( 0.000000000000000000, 0.4999999999999991118, 0.6249999999999988898, 0.7499999999999986677, 1.000000000000000000 ),
 .UNSPECIFIED. ) ;
#3698 = CARTESIAN_POINT ( 'NONE',  ( -1.200000000000000400, -1.030776406404415146, 0.000000000000000000 ) ) ;
#3699 = AXIS2_PLACEMENT_3D ( 'NONE', #1190, #2341, #3509 ) ;
#3700 = CARTESIAN_POINT ( 'NONE',  ( -0.9500000000000002887, 0.5500000000000000444, -0.7000000000000000666 ) ) ;
#3701 = EDGE_CURVE ( 'NONE', #3460, #1001, #1238, .T. ) ;
#3702 = FACE_OUTER_BOUND ( 'NONE', #3363, .T. ) ;
#3703 = ORIENTED_EDGE ( 'NONE', *, *, #1882, .T. ) ;
#3704 = PLANE ( 'NONE',  #2512 ) ;
#3705 = VERTEX_POINT ( 'NONE', #1483 ) ;
#3706 = CARTESIAN_POINT ( 'NONE',  ( 1.100000000000000089, -1.030776406404415146, -1.000000000000000222 ) ) ;
#3707 = ORIENTED_EDGE ( 'NONE', *, *, #1992, .T. ) ;
#3708 = FACE_OUTER_BOUND ( 'NONE', #3754, .T. ) ;
#3709 = ORIENTED_EDGE ( 'NONE', *, *, #2217, .T. ) ;
#3710 = CARTESIAN_POINT ( 'NONE',  ( -1.150000000000000133, 0.4500000000000000666, -0.7000000000000000666 ) ) ;
#3711 = VERTEX_POINT ( 'NONE', #3592 ) ;
#3712 = DIRECTION ( 'NONE',  ( 0.000000000000000000, 0.000000000000000000, -1.000000000000000000 ) ) ;
#3713 = FACE_OUTER_BOUND ( 'NONE', #361, .T. ) ;
#3714 = LINE ( 'NONE', #1672, #2633 ) ;
#3715 = ADVANCED_FACE ( 'NONE', ( #3297 ), #2106, .F. ) ;
#3716 = CARTESIAN_POINT ( 'NONE',  ( -1.096446609406726225, 0.5396446609406727601, 0.9499999999999998446 ) ) ;
#3717 = LINE ( 'NONE', #154, #2337 ) ;
#3718 = LINE ( 'NONE', #2567, #1302 ) ;
#3719 = EDGE_CURVE ( 'NONE', #2843, #1379, #2349, .T. ) ;
#3720 = DIRECTION ( 'NONE',  ( 0.000000000000000000, 1.000000000000000000, 0.000000000000000000 ) ) ;
#3721 = ORIENTED_EDGE ( 'NONE', *, *, #737, .F. ) ;
#3722 = DIRECTION ( 'NONE',  ( 0.000000000000000000, 0.000000000000000000, -1.000000000000000000 ) ) ;
#3723 = CARTESIAN_POINT ( 'NONE',  ( 1.189644660940673671, 0.5500000000000001554, -0.8403805922287441721 ) ) ;
#3724 = ORIENTED_EDGE ( 'NONE', *, *, #3261, .T. ) ;
#3725 = DIRECTION ( 'NONE',  ( 1.000000000000000000, -0.000000000000000000, 0.000000000000000000 ) ) ;
#3726 = VERTEX_POINT ( 'NONE', #1849 ) ;
#3727 = APPLICATION_CONTEXT ( 'automotive_design' ) ;
#3728 = CARTESIAN_POINT ( 'NONE',  ( 1.250000000000000222, 0.000000000000000000, 0.000000000000000000 ) ) ;
#3729 = EDGE_CURVE ( 'NONE', #2523, #621, #1439, .T. ) ;
#3730 = PLANE ( 'NONE',  #3742 ) ;
#3731 = LINE ( 'NONE', #2910, #3624 ) ;
#3732 = EDGE_CURVE ( 'NONE', #1665, #238, #965, .T. ) ;
#3733 = CARTESIAN_POINT ( 'NONE',  ( -1.150000000000000133, 0.4500000000000000666, 1.000000000000000222 ) ) ;
#3734 = ORIENTED_EDGE ( 'NONE', *, *, #860, .T. ) ;
#3735 = CARTESIAN_POINT ( 'NONE',  ( -1.153936490318729025, 0.5500000000000000444, -0.7959485025816906978 ) ) ;
#3736 = AXIS2_PLACEMENT_3D ( 'NONE', #348, #642, #2095 ) ;
#3737 = VERTEX_POINT ( 'NONE', #688 ) ;
#3738 = AXIS2_PLACEMENT_3D ( 'NONE', #617, #1808, #639 ) ;
#3739 = CARTESIAN_POINT ( 'NONE',  ( 0.4500000000000001776, 0.2999999999999999889, 0.000000000000000000 ) ) ;
#3740 = DIRECTION ( 'NONE',  ( -0.000000000000000000, -1.000000000000000000, -0.000000000000000000 ) ) ;
#3741 = VERTEX_POINT ( 'NONE', #481 ) ;
#3742 = AXIS2_PLACEMENT_3D ( 'NONE', #227, #534, #3415 ) ;
#3743 = DIRECTION ( 'NONE',  ( 0.000000000000000000, 0.000000000000000000, -1.000000000000000000 ) ) ;
#3744 = ORIENTED_EDGE ( 'NONE', *, *, #2366, .T. ) ;
#3745 = CIRCLE ( 'NONE', #3303, 0.1500000000000001887 ) ;
#3746 = LINE ( 'NONE', #2844, #3684 ) ;
#3747 = FACE_OUTER_BOUND ( 'NONE', #449, .T. ) ;
#3748 = VECTOR ( 'NONE', #3650, 1000.000000000000000 ) ;
#3749 = VECTOR ( 'NONE', #1181, 1000.000000000000000 ) ;
#3750 = ADVANCED_FACE ( 'NONE', ( #420 ), #729, .F. ) ;
#3751 = CARTESIAN_POINT ( 'NONE',  ( -1.189644660940672782, 0.5500000000000000444, 0.8403805922287440611 ) ) ;
#3752 = VECTOR ( 'NONE', #949, 1000.000000000000000 ) ;
#3753 = DIRECTION ( 'NONE',  ( -0.000000000000000000, -1.000000000000000000, -0.000000000000000000 ) ) ;
#3754 = EDGE_LOOP ( 'NONE', ( #524, #1795, #2681, #96, #1511, #1587, #2591, #2251 ) ) ;
#3755 = LINE ( 'NONE', #885, #3067 ) ;
#3756 = CIRCLE ( 'NONE', #1788, 0.1000000000000002554 ) ;
#3757 = ORIENTED_EDGE ( 'NONE', *, *, #3587, .F. ) ;
#3758 = PLANE ( 'NONE',  #2861 ) ;
#3759 = ORIENTED_EDGE ( 'NONE', *, *, #49, .T. ) ;
#3760 = DIRECTION ( 'NONE',  ( 0.000000000000000000, 0.000000000000000000, -1.000000000000000000 ) ) ;
#3761 = ORIENTED_EDGE ( 'NONE', *, *, #2390, .T. ) ;
#3762 = EDGE_CURVE ( 'NONE', #567, #9, #2335, .T. ) ;
#3763 = FACE_OUTER_BOUND ( 'NONE', #2043, .T. ) ;
#3764 = CARTESIAN_POINT ( 'NONE',  ( -1.108578643762690552, 0.000000000000000000, -0.9499999999999998446 ) ) ;
#3765 = ORIENTED_EDGE ( 'NONE', *, *, #711, .T. ) ;
#3766 = CARTESIAN_POINT ( 'NONE',  ( 1.200000000000001066, 0.4500000000000000666, -0.7000000000000001776 ) ) ;
#3767 = VERTEX_POINT ( 'NONE', #1884 ) ;
#3768 = EDGE_CURVE ( 'NONE', #2883, #470, #465, .T. ) ;
#3769 = CARTESIAN_POINT ( 'NONE',  ( -1.150000000000000355, 4.120616373302047997, 0.7000000000000001776 ) ) ;
#3770 = PLANE ( 'NONE',  #3435 ) ;
#3771 = CARTESIAN_POINT ( 'NONE',  ( -1.189644660940672782, 0.5500000000000000444, 0.6999999999999999556 ) ) ;
#3772 = DIRECTION ( 'NONE',  ( 0.000000000000000000, 1.000000000000000000, -0.000000000000000000 ) ) ;
#3773 = ORIENTED_EDGE ( 'NONE', *, *, #1831, .T. ) ;
#3774 = CARTESIAN_POINT ( 'NONE',  ( -1.169734122579682456, 0.5500000000000000444, -0.7565669237908830835 ) ) ;
#3775 = ORIENTED_EDGE ( 'NONE', *, *, #1323, .T. ) ;
#3776 = ORIENTED_EDGE ( 'NONE', *, *, #3595, .T. ) ;
#3777 = CYLINDRICAL_SURFACE ( 'NONE', #3234, 0.1999999999999999833 ) ;
#3778 = DIRECTION ( 'NONE',  ( -1.000000000000000000, 0.000000000000000000, 3.292551869860454633E-16 ) ) ;
#3779 = ORIENTED_EDGE ( 'NONE', *, *, #22, .F. ) ;
#3780 = ADVANCED_FACE ( 'NONE', ( #3336 ), #3318, .F. ) ;
#3781 = CARTESIAN_POINT ( 'NONE',  ( -0.4500000000000001776, 0.2999999999999999889, 0.9500000000000000666 ) ) ;
#3782 = ORIENTED_EDGE ( 'NONE', *, *, #2217, .F. ) ;
#3783 = CARTESIAN_POINT ( 'NONE',  ( 0.9500000000000009548, 0.5500000000000000444, -0.7000000000000001776 ) ) ;
#3784 = CARTESIAN_POINT ( 'NONE',  ( -0.4500000000000001776, 0.2999999999999999889, 0.000000000000000000 ) ) ;
#3785 = VERTEX_POINT ( 'NONE', #128 ) ;
#3786 = VERTEX_POINT ( 'NONE', #1315 ) ;
#3787 = CARTESIAN_POINT ( 'NONE',  ( 0.9500000000000009548, 4.120616373302047997, 0.6999999999999999556 ) ) ;
#3788 = FILL_AREA_STYLE ('',( #3183 ) ) ;
ENDSEC;
END-ISO-10303-21;
