ISO-10303-21;
HEADER;
FILE_DESCRIPTION((''),'2;1');
FILE_NAME('DRJ0008A_ASM','2022-04-08T09:18:22',('a0412086'),(''),
'CREO PARAMETRIC BY PTC INC, 2018500','CREO PARAMETRIC BY PTC INC, 2018500','');
FILE_SCHEMA(('CONFIG_CONTROL_DESIGN','SHAPE_APPEARANCE_LAYERS_GROUPS'));
ENDSEC;
DATA;
#31=DIRECTION('',(0.E0,0.E0,-1.E0));
#32=VECTOR('',#31,3.E-1);
#33=CARTESIAN_POINT('',(-2.E0,0.E0,-1.05E0));
#34=LINE('',#33,#32);
#35=DRAUGHTING_PRE_DEFINED_CURVE_FONT('continuous');
#36=CURVE_STYLE('',#35,POSITIVE_LENGTH_MEASURE(2.E-2),#28);
#37=PRESENTATION_STYLE_ASSIGNMENT((#36));
#38=STYLED_ITEM('',(#37),#34);
#39=DIRECTION('',(1.E0,0.E0,0.E0));
#40=VECTOR('',#39,4.99E-1);
#41=CARTESIAN_POINT('',(-2.E0,0.E0,-1.05E0));
#42=LINE('',#41,#40);
#43=CURVE_STYLE('',#35,POSITIVE_LENGTH_MEASURE(2.E-2),#28);
#44=PRESENTATION_STYLE_ASSIGNMENT((#43));
#45=STYLED_ITEM('',(#44),#42);
#46=CARTESIAN_POINT('',(-1.501E0,0.E0,-1.051E0));
#47=DIRECTION('',(0.E0,1.E0,0.E0));
#48=DIRECTION('',(0.E0,0.E0,1.E0));
#49=AXIS2_PLACEMENT_3D('',#46,#47,#48);
#51=CURVE_STYLE('',#35,POSITIVE_LENGTH_MEASURE(2.E-2),#28);
#52=PRESENTATION_STYLE_ASSIGNMENT((#51));
#53=STYLED_ITEM('',(#52),#50);
#54=DIRECTION('',(0.E0,0.E0,-1.E0));
#55=VECTOR('',#54,2.98E-1);
#56=CARTESIAN_POINT('',(-1.5E0,0.E0,-1.051E0));
#57=LINE('',#56,#55);
#58=CURVE_STYLE('',#35,POSITIVE_LENGTH_MEASURE(2.E-2),#28);
#59=PRESENTATION_STYLE_ASSIGNMENT((#58));
#60=STYLED_ITEM('',(#59),#57);
#61=CARTESIAN_POINT('',(-1.501E0,0.E0,-1.349E0));
#62=DIRECTION('',(0.E0,1.E0,0.E0));
#63=DIRECTION('',(1.E0,0.E0,0.E0));
#64=AXIS2_PLACEMENT_3D('',#61,#62,#63);
#66=CURVE_STYLE('',#35,POSITIVE_LENGTH_MEASURE(2.E-2),#28);
#67=PRESENTATION_STYLE_ASSIGNMENT((#66));
#68=STYLED_ITEM('',(#67),#65);
#69=DIRECTION('',(-1.E0,0.E0,0.E0));
#70=VECTOR('',#69,4.99E-1);
#71=CARTESIAN_POINT('',(-1.501E0,0.E0,-1.35E0));
#72=LINE('',#71,#70);
#73=CURVE_STYLE('',#35,POSITIVE_LENGTH_MEASURE(2.E-2),#28);
#74=PRESENTATION_STYLE_ASSIGNMENT((#73));
#75=STYLED_ITEM('',(#74),#72);
#76=DIRECTION('',(0.E0,1.E0,0.E0));
#77=VECTOR('',#76,2.E-1);
#78=CARTESIAN_POINT('',(-2.E0,0.E0,-1.35E0));
#79=LINE('',#78,#77);
#80=CURVE_STYLE('',#35,POSITIVE_LENGTH_MEASURE(2.E-2),#28);
#81=PRESENTATION_STYLE_ASSIGNMENT((#80));
#82=STYLED_ITEM('',(#81),#79);
#83=DIRECTION('',(0.E0,1.E0,0.E0));
#84=VECTOR('',#83,2.E-1);
#85=CARTESIAN_POINT('',(-1.501E0,0.E0,-1.35E0));
#86=LINE('',#85,#84);
#87=CURVE_STYLE('',#35,POSITIVE_LENGTH_MEASURE(2.E-2),#28);
#88=PRESENTATION_STYLE_ASSIGNMENT((#87));
#89=STYLED_ITEM('',(#88),#86);
#90=DIRECTION('',(0.E0,1.E0,0.E0));
#91=VECTOR('',#90,2.E-1);
#92=CARTESIAN_POINT('',(-1.5E0,0.E0,-1.349E0));
#93=LINE('',#92,#91);
#94=CURVE_STYLE('',#35,POSITIVE_LENGTH_MEASURE(2.E-2),#28);
#95=PRESENTATION_STYLE_ASSIGNMENT((#94));
#96=STYLED_ITEM('',(#95),#93);
#97=DIRECTION('',(0.E0,1.E0,0.E0));
#98=VECTOR('',#97,2.E-1);
#99=CARTESIAN_POINT('',(-1.5E0,0.E0,-1.051E0));
#100=LINE('',#99,#98);
#101=CURVE_STYLE('',#35,POSITIVE_LENGTH_MEASURE(2.E-2),#28);
#102=PRESENTATION_STYLE_ASSIGNMENT((#101));
#103=STYLED_ITEM('',(#102),#100);
#104=DIRECTION('',(0.E0,1.E0,0.E0));
#105=VECTOR('',#104,2.E-1);
#106=CARTESIAN_POINT('',(-1.501E0,0.E0,-1.05E0));
#107=LINE('',#106,#105);
#108=CURVE_STYLE('',#35,POSITIVE_LENGTH_MEASURE(2.E-2),#28);
#109=PRESENTATION_STYLE_ASSIGNMENT((#108));
#110=STYLED_ITEM('',(#109),#107);
#111=DIRECTION('',(0.E0,1.E0,0.E0));
#112=VECTOR('',#111,2.E-1);
#113=CARTESIAN_POINT('',(-2.E0,0.E0,-1.05E0));
#114=LINE('',#113,#112);
#115=CURVE_STYLE('',#35,POSITIVE_LENGTH_MEASURE(2.E-2),#28);
#116=PRESENTATION_STYLE_ASSIGNMENT((#115));
#117=STYLED_ITEM('',(#116),#114);
#118=DIRECTION('',(0.E0,0.E0,-1.E0));
#119=VECTOR('',#118,3.E-1);
#120=CARTESIAN_POINT('',(-2.E0,2.E-1,-1.05E0));
#121=LINE('',#120,#119);
#122=CURVE_STYLE('',#35,POSITIVE_LENGTH_MEASURE(2.E-2),#28);
#123=PRESENTATION_STYLE_ASSIGNMENT((#122));
#124=STYLED_ITEM('',(#123),#121);
#125=DIRECTION('',(-1.E0,0.E0,0.E0));
#126=VECTOR('',#125,4.99E-1);
#127=CARTESIAN_POINT('',(-1.501E0,2.E-1,-1.35E0));
#128=LINE('',#127,#126);
#129=CURVE_STYLE('',#35,POSITIVE_LENGTH_MEASURE(2.E-2),#28);
#130=PRESENTATION_STYLE_ASSIGNMENT((#129));
#131=STYLED_ITEM('',(#130),#128);
#132=CARTESIAN_POINT('',(-1.501E0,2.E-1,-1.349E0));
#133=DIRECTION('',(0.E0,1.E0,0.E0));
#134=DIRECTION('',(1.E0,0.E0,0.E0));
#135=AXIS2_PLACEMENT_3D('',#132,#133,#134);
#137=CURVE_STYLE('',#35,POSITIVE_LENGTH_MEASURE(2.E-2),#28);
#138=PRESENTATION_STYLE_ASSIGNMENT((#137));
#139=STYLED_ITEM('',(#138),#136);
#140=DIRECTION('',(0.E0,0.E0,-1.E0));
#141=VECTOR('',#140,2.98E-1);
#142=CARTESIAN_POINT('',(-1.5E0,2.E-1,-1.051E0));
#143=LINE('',#142,#141);
#144=CURVE_STYLE('',#35,POSITIVE_LENGTH_MEASURE(2.E-2),#28);
#145=PRESENTATION_STYLE_ASSIGNMENT((#144));
#146=STYLED_ITEM('',(#145),#143);
#147=CARTESIAN_POINT('',(-1.501E0,2.E-1,-1.051E0));
#148=DIRECTION('',(0.E0,1.E0,0.E0));
#149=DIRECTION('',(0.E0,0.E0,1.E0));
#150=AXIS2_PLACEMENT_3D('',#147,#148,#149);
#152=CURVE_STYLE('',#35,POSITIVE_LENGTH_MEASURE(2.E-2),#28);
#153=PRESENTATION_STYLE_ASSIGNMENT((#152));
#154=STYLED_ITEM('',(#153),#151);
#155=DIRECTION('',(1.E0,0.E0,0.E0));
#156=VECTOR('',#155,4.99E-1);
#157=CARTESIAN_POINT('',(-2.E0,2.E-1,-1.05E0));
#158=LINE('',#157,#156);
#159=CURVE_STYLE('',#35,POSITIVE_LENGTH_MEASURE(2.E-2),#28);
#160=PRESENTATION_STYLE_ASSIGNMENT((#159));
#161=STYLED_ITEM('',(#160),#158);
#162=CARTESIAN_POINT('',(-1.501E0,0.E0,-1.05E0));
#163=CARTESIAN_POINT('',(-1.5E0,0.E0,-1.051E0));
#164=VERTEX_POINT('',#162);
#165=VERTEX_POINT('',#163);
#166=CARTESIAN_POINT('',(-1.5E0,0.E0,-1.349E0));
#167=VERTEX_POINT('',#166);
#168=CARTESIAN_POINT('',(-1.501E0,0.E0,-1.35E0));
#169=VERTEX_POINT('',#168);
#170=CARTESIAN_POINT('',(-1.501E0,2.E-1,-1.05E0));
#171=CARTESIAN_POINT('',(-1.5E0,2.E-1,-1.051E0));
#172=VERTEX_POINT('',#170);
#173=VERTEX_POINT('',#171);
#174=CARTESIAN_POINT('',(-1.5E0,2.E-1,-1.349E0));
#175=VERTEX_POINT('',#174);
#176=CARTESIAN_POINT('',(-1.501E0,2.E-1,-1.35E0));
#177=VERTEX_POINT('',#176);
#178=CARTESIAN_POINT('',(-2.E0,0.E0,-1.05E0));
#179=CARTESIAN_POINT('',(-2.E0,0.E0,-1.35E0));
#180=VERTEX_POINT('',#178);
#181=VERTEX_POINT('',#179);
#182=CARTESIAN_POINT('',(-2.E0,2.E-1,-1.05E0));
#183=CARTESIAN_POINT('',(-2.E0,2.E-1,-1.35E0));
#184=VERTEX_POINT('',#182);
#185=VERTEX_POINT('',#183);
#186=CARTESIAN_POINT('',(0.E0,0.E0,0.E0));
#187=DIRECTION('',(0.E0,1.E0,0.E0));
#188=DIRECTION('',(1.E0,0.E0,0.E0));
#189=AXIS2_PLACEMENT_3D('',#186,#187,#188);
#190=PLANE('',#189);
#192=ORIENTED_EDGE('',*,*,#191,.F.);
#194=ORIENTED_EDGE('',*,*,#193,.T.);
#196=ORIENTED_EDGE('',*,*,#195,.T.);
#198=ORIENTED_EDGE('',*,*,#197,.T.);
#200=ORIENTED_EDGE('',*,*,#199,.T.);
#202=ORIENTED_EDGE('',*,*,#201,.T.);
#203=EDGE_LOOP('',(#192,#194,#196,#198,#200,#202));
#204=FACE_OUTER_BOUND('',#203,.F.);
#205=ADVANCED_FACE('',(#204),#190,.F.);
#206=CARTESIAN_POINT('',(-2.E0,0.E0,2.E0));
#207=DIRECTION('',(1.E0,0.E0,0.E0));
#208=DIRECTION('',(0.E0,0.E0,-1.E0));
#209=AXIS2_PLACEMENT_3D('',#206,#207,#208);
#210=PLANE('',#209);
#211=ORIENTED_EDGE('',*,*,#191,.T.);
#213=ORIENTED_EDGE('',*,*,#212,.T.);
#215=ORIENTED_EDGE('',*,*,#214,.F.);
#217=ORIENTED_EDGE('',*,*,#216,.F.);
#218=EDGE_LOOP('',(#211,#213,#215,#217));
#219=FACE_OUTER_BOUND('',#218,.F.);
#220=ADVANCED_FACE('',(#219),#210,.F.);
#221=FILL_AREA_STYLE_COLOUR('',#29);
#222=FILL_AREA_STYLE('',(#221));
#223=SURFACE_STYLE_FILL_AREA(#222);
#224=SURFACE_SIDE_STYLE('',(#223));
#225=SURFACE_STYLE_USAGE(.POSITIVE.,#224);
#226=FILL_AREA_STYLE_COLOUR('',#28);
#227=FILL_AREA_STYLE('',(#226));
#228=SURFACE_STYLE_FILL_AREA(#227);
#229=SURFACE_SIDE_STYLE('',(#228));
#230=SURFACE_STYLE_USAGE(.NEGATIVE.,#229);
#231=PRESENTATION_STYLE_ASSIGNMENT((#225,#230));
#232=OVER_RIDING_STYLED_ITEM('',(#231),#220,#30);
#233=CARTESIAN_POINT('',(-1.501E0,0.E0,-1.35E0));
#234=DIRECTION('',(0.E0,0.E0,-1.E0));
#235=DIRECTION('',(-1.E0,0.E0,0.E0));
#236=AXIS2_PLACEMENT_3D('',#233,#234,#235);
#237=PLANE('',#236);
#238=ORIENTED_EDGE('',*,*,#212,.F.);
#239=ORIENTED_EDGE('',*,*,#201,.F.);
#241=ORIENTED_EDGE('',*,*,#240,.T.);
#243=ORIENTED_EDGE('',*,*,#242,.T.);
#244=EDGE_LOOP('',(#238,#239,#241,#243));
#245=FACE_OUTER_BOUND('',#244,.F.);
#246=ADVANCED_FACE('',(#245),#237,.T.);
#247=CARTESIAN_POINT('',(-1.501E0,0.E0,-1.349E0));
#248=DIRECTION('',(0.E0,1.E0,0.E0));
#249=DIRECTION('',(1.E0,0.E0,0.E0));
#250=AXIS2_PLACEMENT_3D('',#247,#248,#249);
#251=CYLINDRICAL_SURFACE('',#250,1.E-3);
#252=ORIENTED_EDGE('',*,*,#199,.F.);
#254=ORIENTED_EDGE('',*,*,#253,.T.);
#256=ORIENTED_EDGE('',*,*,#255,.T.);
#257=ORIENTED_EDGE('',*,*,#240,.F.);
#258=EDGE_LOOP('',(#252,#254,#256,#257));
#259=FACE_OUTER_BOUND('',#258,.F.);
#260=ADVANCED_FACE('',(#259),#251,.T.);
#261=CARTESIAN_POINT('',(-1.5E0,0.E0,-1.051E0));
#262=DIRECTION('',(1.E0,0.E0,0.E0));
#263=DIRECTION('',(0.E0,0.E0,-1.E0));
#264=AXIS2_PLACEMENT_3D('',#261,#262,#263);
#265=PLANE('',#264);
#266=ORIENTED_EDGE('',*,*,#197,.F.);
#268=ORIENTED_EDGE('',*,*,#267,.T.);
#270=ORIENTED_EDGE('',*,*,#269,.T.);
#271=ORIENTED_EDGE('',*,*,#253,.F.);
#272=EDGE_LOOP('',(#266,#268,#270,#271));
#273=FACE_OUTER_BOUND('',#272,.F.);
#274=ADVANCED_FACE('',(#273),#265,.T.);
#275=CARTESIAN_POINT('',(-1.501E0,0.E0,-1.051E0));
#276=DIRECTION('',(0.E0,1.E0,0.E0));
#277=DIRECTION('',(1.E0,0.E0,0.E0));
#278=AXIS2_PLACEMENT_3D('',#275,#276,#277);
#279=CYLINDRICAL_SURFACE('',#278,1.E-3);
#280=ORIENTED_EDGE('',*,*,#195,.F.);
#282=ORIENTED_EDGE('',*,*,#281,.T.);
#284=ORIENTED_EDGE('',*,*,#283,.T.);
#285=ORIENTED_EDGE('',*,*,#267,.F.);
#286=EDGE_LOOP('',(#280,#282,#284,#285));
#287=FACE_OUTER_BOUND('',#286,.F.);
#288=ADVANCED_FACE('',(#287),#279,.T.);
#289=CARTESIAN_POINT('',(-2.1E0,0.E0,-1.05E0));
#290=DIRECTION('',(0.E0,0.E0,1.E0));
#291=DIRECTION('',(1.E0,0.E0,0.E0));
#292=AXIS2_PLACEMENT_3D('',#289,#290,#291);
#293=PLANE('',#292);
#294=ORIENTED_EDGE('',*,*,#216,.T.);
#296=ORIENTED_EDGE('',*,*,#295,.T.);
#297=ORIENTED_EDGE('',*,*,#281,.F.);
#298=ORIENTED_EDGE('',*,*,#193,.F.);
#299=EDGE_LOOP('',(#294,#296,#297,#298));
#300=FACE_OUTER_BOUND('',#299,.F.);
#301=ADVANCED_FACE('',(#300),#293,.T.);
#302=CARTESIAN_POINT('',(0.E0,2.E-1,0.E0));
#303=DIRECTION('',(0.E0,1.E0,0.E0));
#304=DIRECTION('',(1.E0,0.E0,0.E0));
#305=AXIS2_PLACEMENT_3D('',#302,#303,#304);
#306=PLANE('',#305);
#307=ORIENTED_EDGE('',*,*,#214,.T.);
#308=ORIENTED_EDGE('',*,*,#242,.F.);
#309=ORIENTED_EDGE('',*,*,#255,.F.);
#310=ORIENTED_EDGE('',*,*,#269,.F.);
#311=ORIENTED_EDGE('',*,*,#283,.F.);
#312=ORIENTED_EDGE('',*,*,#295,.F.);
#313=EDGE_LOOP('',(#307,#308,#309,#310,#311,#312));
#314=FACE_OUTER_BOUND('',#313,.F.);
#315=ADVANCED_FACE('',(#314),#306,.T.);
#316=CLOSED_SHELL('',(#205,#220,#246,#260,#274,#288,#301,#315));
#317=MANIFOLD_SOLID_BREP('',#316);
#318=FILL_AREA_STYLE_COLOUR('',#28);
#319=FILL_AREA_STYLE('',(#318));
#320=SURFACE_STYLE_FILL_AREA(#319);
#321=SURFACE_SIDE_STYLE('',(#320));
#322=SURFACE_STYLE_USAGE(.BOTH.,#321);
#323=PRESENTATION_STYLE_ASSIGNMENT((#322));
#30=STYLED_ITEM('',(#323),#317);
#325=DIRECTION('',(0.E0,0.E0,-1.E0));
#326=VECTOR('',#325,3.E-1);
#327=CARTESIAN_POINT('',(-2.E0,0.E0,-2.5E-1));
#328=LINE('',#327,#326);
#329=CURVE_STYLE('',#35,POSITIVE_LENGTH_MEASURE(2.E-2),#28);
#330=PRESENTATION_STYLE_ASSIGNMENT((#329));
#331=STYLED_ITEM('',(#330),#328);
#332=DIRECTION('',(1.E0,0.E0,0.E0));
#333=VECTOR('',#332,4.99E-1);
#334=CARTESIAN_POINT('',(-2.E0,0.E0,-2.5E-1));
#335=LINE('',#334,#333);
#336=CURVE_STYLE('',#35,POSITIVE_LENGTH_MEASURE(2.E-2),#28);
#337=PRESENTATION_STYLE_ASSIGNMENT((#336));
#338=STYLED_ITEM('',(#337),#335);
#339=CARTESIAN_POINT('',(-1.501E0,0.E0,-2.51E-1));
#340=DIRECTION('',(0.E0,1.E0,0.E0));
#341=DIRECTION('',(2.220446049250E-13,0.E0,1.E0));
#342=AXIS2_PLACEMENT_3D('',#339,#340,#341);
#344=CURVE_STYLE('',#35,POSITIVE_LENGTH_MEASURE(2.E-2),#28);
#345=PRESENTATION_STYLE_ASSIGNMENT((#344));
#346=STYLED_ITEM('',(#345),#343);
#347=DIRECTION('',(0.E0,0.E0,-1.E0));
#348=VECTOR('',#347,2.98E-1);
#349=CARTESIAN_POINT('',(-1.5E0,0.E0,-2.51E-1));
#350=LINE('',#349,#348);
#351=CURVE_STYLE('',#35,POSITIVE_LENGTH_MEASURE(2.E-2),#28);
#352=PRESENTATION_STYLE_ASSIGNMENT((#351));
#353=STYLED_ITEM('',(#352),#350);
#354=CARTESIAN_POINT('',(-1.501E0,0.E0,-5.49E-1));
#355=DIRECTION('',(0.E0,1.E0,0.E0));
#356=DIRECTION('',(1.E0,0.E0,0.E0));
#357=AXIS2_PLACEMENT_3D('',#354,#355,#356);
#359=CURVE_STYLE('',#35,POSITIVE_LENGTH_MEASURE(2.E-2),#28);
#360=PRESENTATION_STYLE_ASSIGNMENT((#359));
#361=STYLED_ITEM('',(#360),#358);
#362=DIRECTION('',(-1.E0,0.E0,0.E0));
#363=VECTOR('',#362,4.99E-1);
#364=CARTESIAN_POINT('',(-1.501E0,0.E0,-5.5E-1));
#365=LINE('',#364,#363);
#366=CURVE_STYLE('',#35,POSITIVE_LENGTH_MEASURE(2.E-2),#28);
#367=PRESENTATION_STYLE_ASSIGNMENT((#366));
#368=STYLED_ITEM('',(#367),#365);
#369=DIRECTION('',(0.E0,1.E0,0.E0));
#370=VECTOR('',#369,2.E-1);
#371=CARTESIAN_POINT('',(-2.E0,0.E0,-5.5E-1));
#372=LINE('',#371,#370);
#373=CURVE_STYLE('',#35,POSITIVE_LENGTH_MEASURE(2.E-2),#28);
#374=PRESENTATION_STYLE_ASSIGNMENT((#373));
#375=STYLED_ITEM('',(#374),#372);
#376=DIRECTION('',(0.E0,1.E0,0.E0));
#377=VECTOR('',#376,2.E-1);
#378=CARTESIAN_POINT('',(-1.501E0,0.E0,-5.5E-1));
#379=LINE('',#378,#377);
#380=CURVE_STYLE('',#35,POSITIVE_LENGTH_MEASURE(2.E-2),#28);
#381=PRESENTATION_STYLE_ASSIGNMENT((#380));
#382=STYLED_ITEM('',(#381),#379);
#383=DIRECTION('',(0.E0,1.E0,0.E0));
#384=VECTOR('',#383,2.E-1);
#385=CARTESIAN_POINT('',(-1.5E0,0.E0,-5.49E-1));
#386=LINE('',#385,#384);
#387=CURVE_STYLE('',#35,POSITIVE_LENGTH_MEASURE(2.E-2),#28);
#388=PRESENTATION_STYLE_ASSIGNMENT((#387));
#389=STYLED_ITEM('',(#388),#386);
#390=DIRECTION('',(0.E0,1.E0,0.E0));
#391=VECTOR('',#390,2.E-1);
#392=CARTESIAN_POINT('',(-1.5E0,0.E0,-2.51E-1));
#393=LINE('',#392,#391);
#394=CURVE_STYLE('',#35,POSITIVE_LENGTH_MEASURE(2.E-2),#28);
#395=PRESENTATION_STYLE_ASSIGNMENT((#394));
#396=STYLED_ITEM('',(#395),#393);
#397=DIRECTION('',(0.E0,1.E0,0.E0));
#398=VECTOR('',#397,2.E-1);
#399=CARTESIAN_POINT('',(-1.501E0,0.E0,-2.5E-1));
#400=LINE('',#399,#398);
#401=CURVE_STYLE('',#35,POSITIVE_LENGTH_MEASURE(2.E-2),#28);
#402=PRESENTATION_STYLE_ASSIGNMENT((#401));
#403=STYLED_ITEM('',(#402),#400);
#404=DIRECTION('',(0.E0,1.E0,0.E0));
#405=VECTOR('',#404,2.E-1);
#406=CARTESIAN_POINT('',(-2.E0,0.E0,-2.5E-1));
#407=LINE('',#406,#405);
#408=CURVE_STYLE('',#35,POSITIVE_LENGTH_MEASURE(2.E-2),#28);
#409=PRESENTATION_STYLE_ASSIGNMENT((#408));
#410=STYLED_ITEM('',(#409),#407);
#411=DIRECTION('',(0.E0,0.E0,-1.E0));
#412=VECTOR('',#411,3.E-1);
#413=CARTESIAN_POINT('',(-2.E0,2.E-1,-2.5E-1));
#414=LINE('',#413,#412);
#415=CURVE_STYLE('',#35,POSITIVE_LENGTH_MEASURE(2.E-2),#28);
#416=PRESENTATION_STYLE_ASSIGNMENT((#415));
#417=STYLED_ITEM('',(#416),#414);
#418=DIRECTION('',(-1.E0,0.E0,0.E0));
#419=VECTOR('',#418,4.99E-1);
#420=CARTESIAN_POINT('',(-1.501E0,2.E-1,-5.5E-1));
#421=LINE('',#420,#419);
#422=CURVE_STYLE('',#35,POSITIVE_LENGTH_MEASURE(2.E-2),#28);
#423=PRESENTATION_STYLE_ASSIGNMENT((#422));
#424=STYLED_ITEM('',(#423),#421);
#425=CARTESIAN_POINT('',(-1.501E0,2.E-1,-5.49E-1));
#426=DIRECTION('',(0.E0,1.E0,0.E0));
#427=DIRECTION('',(1.E0,0.E0,0.E0));
#428=AXIS2_PLACEMENT_3D('',#425,#426,#427);
#430=CURVE_STYLE('',#35,POSITIVE_LENGTH_MEASURE(2.E-2),#28);
#431=PRESENTATION_STYLE_ASSIGNMENT((#430));
#432=STYLED_ITEM('',(#431),#429);
#433=DIRECTION('',(0.E0,0.E0,-1.E0));
#434=VECTOR('',#433,2.98E-1);
#435=CARTESIAN_POINT('',(-1.5E0,2.E-1,-2.51E-1));
#436=LINE('',#435,#434);
#437=CURVE_STYLE('',#35,POSITIVE_LENGTH_MEASURE(2.E-2),#28);
#438=PRESENTATION_STYLE_ASSIGNMENT((#437));
#439=STYLED_ITEM('',(#438),#436);
#440=CARTESIAN_POINT('',(-1.501E0,2.E-1,-2.51E-1));
#441=DIRECTION('',(0.E0,1.E0,0.E0));
#442=DIRECTION('',(2.220446049250E-13,0.E0,1.E0));
#443=AXIS2_PLACEMENT_3D('',#440,#441,#442);
#445=CURVE_STYLE('',#35,POSITIVE_LENGTH_MEASURE(2.E-2),#28);
#446=PRESENTATION_STYLE_ASSIGNMENT((#445));
#447=STYLED_ITEM('',(#446),#444);
#448=DIRECTION('',(1.E0,0.E0,0.E0));
#449=VECTOR('',#448,4.99E-1);
#450=CARTESIAN_POINT('',(-2.E0,2.E-1,-2.5E-1));
#451=LINE('',#450,#449);
#452=CURVE_STYLE('',#35,POSITIVE_LENGTH_MEASURE(2.E-2),#28);
#453=PRESENTATION_STYLE_ASSIGNMENT((#452));
#454=STYLED_ITEM('',(#453),#451);
#455=CARTESIAN_POINT('',(-1.501E0,0.E0,-2.5E-1));
#456=CARTESIAN_POINT('',(-1.5E0,0.E0,-2.51E-1));
#457=VERTEX_POINT('',#455);
#458=VERTEX_POINT('',#456);
#459=CARTESIAN_POINT('',(-1.5E0,0.E0,-5.49E-1));
#460=VERTEX_POINT('',#459);
#461=CARTESIAN_POINT('',(-1.501E0,0.E0,-5.5E-1));
#462=VERTEX_POINT('',#461);
#463=CARTESIAN_POINT('',(-1.501E0,2.E-1,-2.5E-1));
#464=CARTESIAN_POINT('',(-1.5E0,2.E-1,-2.51E-1));
#465=VERTEX_POINT('',#463);
#466=VERTEX_POINT('',#464);
#467=CARTESIAN_POINT('',(-1.5E0,2.E-1,-5.49E-1));
#468=VERTEX_POINT('',#467);
#469=CARTESIAN_POINT('',(-1.501E0,2.E-1,-5.5E-1));
#470=VERTEX_POINT('',#469);
#471=CARTESIAN_POINT('',(-2.E0,0.E0,-2.5E-1));
#472=CARTESIAN_POINT('',(-2.E0,0.E0,-5.5E-1));
#473=VERTEX_POINT('',#471);
#474=VERTEX_POINT('',#472);
#475=CARTESIAN_POINT('',(-2.E0,2.E-1,-2.5E-1));
#476=CARTESIAN_POINT('',(-2.E0,2.E-1,-5.5E-1));
#477=VERTEX_POINT('',#475);
#478=VERTEX_POINT('',#476);
#479=CARTESIAN_POINT('',(0.E0,0.E0,0.E0));
#480=DIRECTION('',(0.E0,1.E0,0.E0));
#481=DIRECTION('',(1.E0,0.E0,0.E0));
#482=AXIS2_PLACEMENT_3D('',#479,#480,#481);
#483=PLANE('',#482);
#485=ORIENTED_EDGE('',*,*,#484,.F.);
#487=ORIENTED_EDGE('',*,*,#486,.T.);
#489=ORIENTED_EDGE('',*,*,#488,.T.);
#491=ORIENTED_EDGE('',*,*,#490,.T.);
#493=ORIENTED_EDGE('',*,*,#492,.T.);
#495=ORIENTED_EDGE('',*,*,#494,.T.);
#496=EDGE_LOOP('',(#485,#487,#489,#491,#493,#495));
#497=FACE_OUTER_BOUND('',#496,.F.);
#498=ADVANCED_FACE('',(#497),#483,.F.);
#499=CARTESIAN_POINT('',(-2.E0,0.E0,2.E0));
#500=DIRECTION('',(1.E0,0.E0,0.E0));
#501=DIRECTION('',(0.E0,0.E0,-1.E0));
#502=AXIS2_PLACEMENT_3D('',#499,#500,#501);
#503=PLANE('',#502);
#504=ORIENTED_EDGE('',*,*,#484,.T.);
#506=ORIENTED_EDGE('',*,*,#505,.T.);
#508=ORIENTED_EDGE('',*,*,#507,.F.);
#510=ORIENTED_EDGE('',*,*,#509,.F.);
#511=EDGE_LOOP('',(#504,#506,#508,#510));
#512=FACE_OUTER_BOUND('',#511,.F.);
#513=ADVANCED_FACE('',(#512),#503,.F.);
#514=FILL_AREA_STYLE_COLOUR('',#29);
#515=FILL_AREA_STYLE('',(#514));
#516=SURFACE_STYLE_FILL_AREA(#515);
#517=SURFACE_SIDE_STYLE('',(#516));
#518=SURFACE_STYLE_USAGE(.POSITIVE.,#517);
#519=PRESENTATION_STYLE_ASSIGNMENT((#518));
#520=OVER_RIDING_STYLED_ITEM('',(#519),#513,#324);
#521=CARTESIAN_POINT('',(-1.501E0,0.E0,-5.5E-1));
#522=DIRECTION('',(0.E0,0.E0,-1.E0));
#523=DIRECTION('',(-1.E0,0.E0,0.E0));
#524=AXIS2_PLACEMENT_3D('',#521,#522,#523);
#525=PLANE('',#524);
#526=ORIENTED_EDGE('',*,*,#505,.F.);
#527=ORIENTED_EDGE('',*,*,#494,.F.);
#529=ORIENTED_EDGE('',*,*,#528,.T.);
#531=ORIENTED_EDGE('',*,*,#530,.T.);
#532=EDGE_LOOP('',(#526,#527,#529,#531));
#533=FACE_OUTER_BOUND('',#532,.F.);
#534=ADVANCED_FACE('',(#533),#525,.T.);
#535=CARTESIAN_POINT('',(-1.501E0,0.E0,-5.49E-1));
#536=DIRECTION('',(0.E0,1.E0,0.E0));
#537=DIRECTION('',(1.E0,0.E0,0.E0));
#538=AXIS2_PLACEMENT_3D('',#535,#536,#537);
#539=CYLINDRICAL_SURFACE('',#538,1.E-3);
#540=ORIENTED_EDGE('',*,*,#492,.F.);
#542=ORIENTED_EDGE('',*,*,#541,.T.);
#544=ORIENTED_EDGE('',*,*,#543,.T.);
#545=ORIENTED_EDGE('',*,*,#528,.F.);
#546=EDGE_LOOP('',(#540,#542,#544,#545));
#547=FACE_OUTER_BOUND('',#546,.F.);
#548=ADVANCED_FACE('',(#547),#539,.T.);
#549=CARTESIAN_POINT('',(-1.5E0,0.E0,-2.51E-1));
#550=DIRECTION('',(1.E0,0.E0,0.E0));
#551=DIRECTION('',(0.E0,0.E0,-1.E0));
#552=AXIS2_PLACEMENT_3D('',#549,#550,#551);
#553=PLANE('',#552);
#554=ORIENTED_EDGE('',*,*,#490,.F.);
#556=ORIENTED_EDGE('',*,*,#555,.T.);
#558=ORIENTED_EDGE('',*,*,#557,.T.);
#559=ORIENTED_EDGE('',*,*,#541,.F.);
#560=EDGE_LOOP('',(#554,#556,#558,#559));
#561=FACE_OUTER_BOUND('',#560,.F.);
#562=ADVANCED_FACE('',(#561),#553,.T.);
#563=CARTESIAN_POINT('',(-1.501E0,0.E0,-2.51E-1));
#564=DIRECTION('',(0.E0,1.E0,0.E0));
#565=DIRECTION('',(1.E0,0.E0,0.E0));
#566=AXIS2_PLACEMENT_3D('',#563,#564,#565);
#567=CYLINDRICAL_SURFACE('',#566,1.E-3);
#568=ORIENTED_EDGE('',*,*,#488,.F.);
#570=ORIENTED_EDGE('',*,*,#569,.T.);
#572=ORIENTED_EDGE('',*,*,#571,.T.);
#573=ORIENTED_EDGE('',*,*,#555,.F.);
#574=EDGE_LOOP('',(#568,#570,#572,#573));
#575=FACE_OUTER_BOUND('',#574,.F.);
#576=ADVANCED_FACE('',(#575),#567,.T.);
#577=CARTESIAN_POINT('',(-2.1E0,0.E0,-2.5E-1));
#578=DIRECTION('',(0.E0,0.E0,1.E0));
#579=DIRECTION('',(1.E0,0.E0,0.E0));
#580=AXIS2_PLACEMENT_3D('',#577,#578,#579);
#581=PLANE('',#580);
#582=ORIENTED_EDGE('',*,*,#509,.T.);
#584=ORIENTED_EDGE('',*,*,#583,.T.);
#585=ORIENTED_EDGE('',*,*,#569,.F.);
#586=ORIENTED_EDGE('',*,*,#486,.F.);
#587=EDGE_LOOP('',(#582,#584,#585,#586));
#588=FACE_OUTER_BOUND('',#587,.F.);
#589=ADVANCED_FACE('',(#588),#581,.T.);
#590=CARTESIAN_POINT('',(0.E0,2.E-1,0.E0));
#591=DIRECTION('',(0.E0,1.E0,0.E0));
#592=DIRECTION('',(1.E0,0.E0,0.E0));
#593=AXIS2_PLACEMENT_3D('',#590,#591,#592);
#594=PLANE('',#593);
#595=ORIENTED_EDGE('',*,*,#507,.T.);
#596=ORIENTED_EDGE('',*,*,#530,.F.);
#597=ORIENTED_EDGE('',*,*,#543,.F.);
#598=ORIENTED_EDGE('',*,*,#557,.F.);
#599=ORIENTED_EDGE('',*,*,#571,.F.);
#600=ORIENTED_EDGE('',*,*,#583,.F.);
#601=EDGE_LOOP('',(#595,#596,#597,#598,#599,#600));
#602=FACE_OUTER_BOUND('',#601,.F.);
#603=ADVANCED_FACE('',(#602),#594,.T.);
#604=CLOSED_SHELL('',(#498,#513,#534,#548,#562,#576,#589,#603));
#605=MANIFOLD_SOLID_BREP('',#604);
#606=FILL_AREA_STYLE_COLOUR('',#28);
#607=FILL_AREA_STYLE('',(#606));
#608=SURFACE_STYLE_FILL_AREA(#607);
#609=SURFACE_SIDE_STYLE('',(#608));
#610=SURFACE_STYLE_USAGE(.POSITIVE.,#609);
#611=PRESENTATION_STYLE_ASSIGNMENT((#610));
#324=STYLED_ITEM('',(#611),#605);
#613=DIRECTION('',(0.E0,0.E0,-1.E0));
#614=VECTOR('',#613,3.E-1);
#615=CARTESIAN_POINT('',(-2.E0,0.E0,5.5E-1));
#616=LINE('',#615,#614);
#617=CURVE_STYLE('',#35,POSITIVE_LENGTH_MEASURE(2.E-2),#28);
#618=PRESENTATION_STYLE_ASSIGNMENT((#617));
#619=STYLED_ITEM('',(#618),#616);
#620=DIRECTION('',(1.E0,0.E0,0.E0));
#621=VECTOR('',#620,4.99E-1);
#622=CARTESIAN_POINT('',(-2.E0,0.E0,5.5E-1));
#623=LINE('',#622,#621);
#624=CURVE_STYLE('',#35,POSITIVE_LENGTH_MEASURE(2.E-2),#28);
#625=PRESENTATION_STYLE_ASSIGNMENT((#624));
#626=STYLED_ITEM('',(#625),#623);
#627=CARTESIAN_POINT('',(-1.501E0,0.E0,5.49E-1));
#628=DIRECTION('',(0.E0,1.E0,0.E0));
#629=DIRECTION('',(4.440892098501E-13,0.E0,1.E0));
#630=AXIS2_PLACEMENT_3D('',#627,#628,#629);
#632=CURVE_STYLE('',#35,POSITIVE_LENGTH_MEASURE(2.E-2),#28);
#633=PRESENTATION_STYLE_ASSIGNMENT((#632));
#634=STYLED_ITEM('',(#633),#631);
#635=DIRECTION('',(0.E0,0.E0,-1.E0));
#636=VECTOR('',#635,2.98E-1);
#637=CARTESIAN_POINT('',(-1.5E0,0.E0,5.49E-1));
#638=LINE('',#637,#636);
#639=CURVE_STYLE('',#35,POSITIVE_LENGTH_MEASURE(2.E-2),#28);
#640=PRESENTATION_STYLE_ASSIGNMENT((#639));
#641=STYLED_ITEM('',(#640),#638);
#642=CARTESIAN_POINT('',(-1.501E0,0.E0,2.51E-1));
#643=DIRECTION('',(0.E0,1.E0,0.E0));
#644=DIRECTION('',(1.E0,0.E0,0.E0));
#645=AXIS2_PLACEMENT_3D('',#642,#643,#644);
#647=CURVE_STYLE('',#35,POSITIVE_LENGTH_MEASURE(2.E-2),#28);
#648=PRESENTATION_STYLE_ASSIGNMENT((#647));
#649=STYLED_ITEM('',(#648),#646);
#650=DIRECTION('',(-1.E0,0.E0,0.E0));
#651=VECTOR('',#650,4.99E-1);
#652=CARTESIAN_POINT('',(-1.501E0,0.E0,2.5E-1));
#653=LINE('',#652,#651);
#654=CURVE_STYLE('',#35,POSITIVE_LENGTH_MEASURE(2.E-2),#28);
#655=PRESENTATION_STYLE_ASSIGNMENT((#654));
#656=STYLED_ITEM('',(#655),#653);
#657=DIRECTION('',(0.E0,1.E0,0.E0));
#658=VECTOR('',#657,2.E-1);
#659=CARTESIAN_POINT('',(-2.E0,0.E0,2.5E-1));
#660=LINE('',#659,#658);
#661=CURVE_STYLE('',#35,POSITIVE_LENGTH_MEASURE(2.E-2),#28);
#662=PRESENTATION_STYLE_ASSIGNMENT((#661));
#663=STYLED_ITEM('',(#662),#660);
#664=DIRECTION('',(0.E0,1.E0,0.E0));
#665=VECTOR('',#664,2.E-1);
#666=CARTESIAN_POINT('',(-1.501E0,0.E0,2.5E-1));
#667=LINE('',#666,#665);
#668=CURVE_STYLE('',#35,POSITIVE_LENGTH_MEASURE(2.E-2),#28);
#669=PRESENTATION_STYLE_ASSIGNMENT((#668));
#670=STYLED_ITEM('',(#669),#667);
#671=DIRECTION('',(0.E0,1.E0,0.E0));
#672=VECTOR('',#671,2.E-1);
#673=CARTESIAN_POINT('',(-1.5E0,0.E0,2.51E-1));
#674=LINE('',#673,#672);
#675=CURVE_STYLE('',#35,POSITIVE_LENGTH_MEASURE(2.E-2),#28);
#676=PRESENTATION_STYLE_ASSIGNMENT((#675));
#677=STYLED_ITEM('',(#676),#674);
#678=DIRECTION('',(0.E0,1.E0,0.E0));
#679=VECTOR('',#678,2.E-1);
#680=CARTESIAN_POINT('',(-1.5E0,0.E0,5.49E-1));
#681=LINE('',#680,#679);
#682=CURVE_STYLE('',#35,POSITIVE_LENGTH_MEASURE(2.E-2),#28);
#683=PRESENTATION_STYLE_ASSIGNMENT((#682));
#684=STYLED_ITEM('',(#683),#681);
#685=DIRECTION('',(0.E0,1.E0,0.E0));
#686=VECTOR('',#685,2.E-1);
#687=CARTESIAN_POINT('',(-1.501E0,0.E0,5.5E-1));
#688=LINE('',#687,#686);
#689=CURVE_STYLE('',#35,POSITIVE_LENGTH_MEASURE(2.E-2),#28);
#690=PRESENTATION_STYLE_ASSIGNMENT((#689));
#691=STYLED_ITEM('',(#690),#688);
#692=DIRECTION('',(0.E0,1.E0,0.E0));
#693=VECTOR('',#692,2.E-1);
#694=CARTESIAN_POINT('',(-2.E0,0.E0,5.5E-1));
#695=LINE('',#694,#693);
#696=CURVE_STYLE('',#35,POSITIVE_LENGTH_MEASURE(2.E-2),#28);
#697=PRESENTATION_STYLE_ASSIGNMENT((#696));
#698=STYLED_ITEM('',(#697),#695);
#699=DIRECTION('',(0.E0,0.E0,-1.E0));
#700=VECTOR('',#699,3.E-1);
#701=CARTESIAN_POINT('',(-2.E0,2.E-1,5.5E-1));
#702=LINE('',#701,#700);
#703=CURVE_STYLE('',#35,POSITIVE_LENGTH_MEASURE(2.E-2),#28);
#704=PRESENTATION_STYLE_ASSIGNMENT((#703));
#705=STYLED_ITEM('',(#704),#702);
#706=DIRECTION('',(-1.E0,0.E0,0.E0));
#707=VECTOR('',#706,4.99E-1);
#708=CARTESIAN_POINT('',(-1.501E0,2.E-1,2.5E-1));
#709=LINE('',#708,#707);
#710=CURVE_STYLE('',#35,POSITIVE_LENGTH_MEASURE(2.E-2),#28);
#711=PRESENTATION_STYLE_ASSIGNMENT((#710));
#712=STYLED_ITEM('',(#711),#709);
#713=CARTESIAN_POINT('',(-1.501E0,2.E-1,2.51E-1));
#714=DIRECTION('',(0.E0,1.E0,0.E0));
#715=DIRECTION('',(1.E0,0.E0,0.E0));
#716=AXIS2_PLACEMENT_3D('',#713,#714,#715);
#718=CURVE_STYLE('',#35,POSITIVE_LENGTH_MEASURE(2.E-2),#28);
#719=PRESENTATION_STYLE_ASSIGNMENT((#718));
#720=STYLED_ITEM('',(#719),#717);
#721=DIRECTION('',(0.E0,0.E0,-1.E0));
#722=VECTOR('',#721,2.98E-1);
#723=CARTESIAN_POINT('',(-1.5E0,2.E-1,5.49E-1));
#724=LINE('',#723,#722);
#725=CURVE_STYLE('',#35,POSITIVE_LENGTH_MEASURE(2.E-2),#28);
#726=PRESENTATION_STYLE_ASSIGNMENT((#725));
#727=STYLED_ITEM('',(#726),#724);
#728=CARTESIAN_POINT('',(-1.501E0,2.E-1,5.49E-1));
#729=DIRECTION('',(0.E0,1.E0,0.E0));
#730=DIRECTION('',(4.440892098501E-13,0.E0,1.E0));
#731=AXIS2_PLACEMENT_3D('',#728,#729,#730);
#733=CURVE_STYLE('',#35,POSITIVE_LENGTH_MEASURE(2.E-2),#28);
#734=PRESENTATION_STYLE_ASSIGNMENT((#733));
#735=STYLED_ITEM('',(#734),#732);
#736=DIRECTION('',(1.E0,0.E0,0.E0));
#737=VECTOR('',#736,4.99E-1);
#738=CARTESIAN_POINT('',(-2.E0,2.E-1,5.5E-1));
#739=LINE('',#738,#737);
#740=CURVE_STYLE('',#35,POSITIVE_LENGTH_MEASURE(2.E-2),#28);
#741=PRESENTATION_STYLE_ASSIGNMENT((#740));
#742=STYLED_ITEM('',(#741),#739);
#743=CARTESIAN_POINT('',(-1.501E0,0.E0,5.5E-1));
#744=CARTESIAN_POINT('',(-1.5E0,0.E0,5.49E-1));
#745=VERTEX_POINT('',#743);
#746=VERTEX_POINT('',#744);
#747=CARTESIAN_POINT('',(-1.5E0,0.E0,2.51E-1));
#748=VERTEX_POINT('',#747);
#749=CARTESIAN_POINT('',(-1.501E0,0.E0,2.5E-1));
#750=VERTEX_POINT('',#749);
#751=CARTESIAN_POINT('',(-1.501E0,2.E-1,5.5E-1));
#752=CARTESIAN_POINT('',(-1.5E0,2.E-1,5.49E-1));
#753=VERTEX_POINT('',#751);
#754=VERTEX_POINT('',#752);
#755=CARTESIAN_POINT('',(-1.5E0,2.E-1,2.51E-1));
#756=VERTEX_POINT('',#755);
#757=CARTESIAN_POINT('',(-1.501E0,2.E-1,2.5E-1));
#758=VERTEX_POINT('',#757);
#759=CARTESIAN_POINT('',(-2.E0,0.E0,5.5E-1));
#760=CARTESIAN_POINT('',(-2.E0,0.E0,2.5E-1));
#761=VERTEX_POINT('',#759);
#762=VERTEX_POINT('',#760);
#763=CARTESIAN_POINT('',(-2.E0,2.E-1,5.5E-1));
#764=CARTESIAN_POINT('',(-2.E0,2.E-1,2.5E-1));
#765=VERTEX_POINT('',#763);
#766=VERTEX_POINT('',#764);
#767=CARTESIAN_POINT('',(0.E0,0.E0,0.E0));
#768=DIRECTION('',(0.E0,1.E0,0.E0));
#769=DIRECTION('',(1.E0,0.E0,0.E0));
#770=AXIS2_PLACEMENT_3D('',#767,#768,#769);
#771=PLANE('',#770);
#773=ORIENTED_EDGE('',*,*,#772,.F.);
#775=ORIENTED_EDGE('',*,*,#774,.T.);
#777=ORIENTED_EDGE('',*,*,#776,.T.);
#779=ORIENTED_EDGE('',*,*,#778,.T.);
#781=ORIENTED_EDGE('',*,*,#780,.T.);
#783=ORIENTED_EDGE('',*,*,#782,.T.);
#784=EDGE_LOOP('',(#773,#775,#777,#779,#781,#783));
#785=FACE_OUTER_BOUND('',#784,.F.);
#786=ADVANCED_FACE('',(#785),#771,.F.);
#787=CARTESIAN_POINT('',(-2.E0,0.E0,2.E0));
#788=DIRECTION('',(1.E0,0.E0,0.E0));
#789=DIRECTION('',(0.E0,0.E0,-1.E0));
#790=AXIS2_PLACEMENT_3D('',#787,#788,#789);
#791=PLANE('',#790);
#792=ORIENTED_EDGE('',*,*,#772,.T.);
#794=ORIENTED_EDGE('',*,*,#793,.T.);
#796=ORIENTED_EDGE('',*,*,#795,.F.);
#798=ORIENTED_EDGE('',*,*,#797,.F.);
#799=EDGE_LOOP('',(#792,#794,#796,#798));
#800=FACE_OUTER_BOUND('',#799,.F.);
#801=ADVANCED_FACE('',(#800),#791,.F.);
#802=FILL_AREA_STYLE_COLOUR('',#29);
#803=FILL_AREA_STYLE('',(#802));
#804=SURFACE_STYLE_FILL_AREA(#803);
#805=SURFACE_SIDE_STYLE('',(#804));
#806=SURFACE_STYLE_USAGE(.POSITIVE.,#805);
#807=PRESENTATION_STYLE_ASSIGNMENT((#806));
#808=OVER_RIDING_STYLED_ITEM('',(#807),#801,#612);
#809=CARTESIAN_POINT('',(-1.501E0,0.E0,2.5E-1));
#810=DIRECTION('',(0.E0,0.E0,-1.E0));
#811=DIRECTION('',(-1.E0,0.E0,0.E0));
#812=AXIS2_PLACEMENT_3D('',#809,#810,#811);
#813=PLANE('',#812);
#814=ORIENTED_EDGE('',*,*,#793,.F.);
#815=ORIENTED_EDGE('',*,*,#782,.F.);
#817=ORIENTED_EDGE('',*,*,#816,.T.);
#819=ORIENTED_EDGE('',*,*,#818,.T.);
#820=EDGE_LOOP('',(#814,#815,#817,#819));
#821=FACE_OUTER_BOUND('',#820,.F.);
#822=ADVANCED_FACE('',(#821),#813,.T.);
#823=CARTESIAN_POINT('',(-1.501E0,0.E0,2.51E-1));
#824=DIRECTION('',(0.E0,1.E0,0.E0));
#825=DIRECTION('',(1.E0,0.E0,0.E0));
#826=AXIS2_PLACEMENT_3D('',#823,#824,#825);
#827=CYLINDRICAL_SURFACE('',#826,1.E-3);
#828=ORIENTED_EDGE('',*,*,#780,.F.);
#830=ORIENTED_EDGE('',*,*,#829,.T.);
#832=ORIENTED_EDGE('',*,*,#831,.T.);
#833=ORIENTED_EDGE('',*,*,#816,.F.);
#834=EDGE_LOOP('',(#828,#830,#832,#833));
#835=FACE_OUTER_BOUND('',#834,.F.);
#836=ADVANCED_FACE('',(#835),#827,.T.);
#837=CARTESIAN_POINT('',(-1.5E0,0.E0,5.49E-1));
#838=DIRECTION('',(1.E0,0.E0,0.E0));
#839=DIRECTION('',(0.E0,0.E0,-1.E0));
#840=AXIS2_PLACEMENT_3D('',#837,#838,#839);
#841=PLANE('',#840);
#842=ORIENTED_EDGE('',*,*,#778,.F.);
#844=ORIENTED_EDGE('',*,*,#843,.T.);
#846=ORIENTED_EDGE('',*,*,#845,.T.);
#847=ORIENTED_EDGE('',*,*,#829,.F.);
#848=EDGE_LOOP('',(#842,#844,#846,#847));
#849=FACE_OUTER_BOUND('',#848,.F.);
#850=ADVANCED_FACE('',(#849),#841,.T.);
#851=CARTESIAN_POINT('',(-1.501E0,0.E0,5.49E-1));
#852=DIRECTION('',(0.E0,1.E0,0.E0));
#853=DIRECTION('',(1.E0,0.E0,0.E0));
#854=AXIS2_PLACEMENT_3D('',#851,#852,#853);
#855=CYLINDRICAL_SURFACE('',#854,1.E-3);
#856=ORIENTED_EDGE('',*,*,#776,.F.);
#858=ORIENTED_EDGE('',*,*,#857,.T.);
#860=ORIENTED_EDGE('',*,*,#859,.T.);
#861=ORIENTED_EDGE('',*,*,#843,.F.);
#862=EDGE_LOOP('',(#856,#858,#860,#861));
#863=FACE_OUTER_BOUND('',#862,.F.);
#864=ADVANCED_FACE('',(#863),#855,.T.);
#865=CARTESIAN_POINT('',(-2.1E0,0.E0,5.5E-1));
#866=DIRECTION('',(0.E0,0.E0,1.E0));
#867=DIRECTION('',(1.E0,0.E0,0.E0));
#868=AXIS2_PLACEMENT_3D('',#865,#866,#867);
#869=PLANE('',#868);
#870=ORIENTED_EDGE('',*,*,#797,.T.);
#872=ORIENTED_EDGE('',*,*,#871,.T.);
#873=ORIENTED_EDGE('',*,*,#857,.F.);
#874=ORIENTED_EDGE('',*,*,#774,.F.);
#875=EDGE_LOOP('',(#870,#872,#873,#874));
#876=FACE_OUTER_BOUND('',#875,.F.);
#877=ADVANCED_FACE('',(#876),#869,.T.);
#878=CARTESIAN_POINT('',(0.E0,2.E-1,0.E0));
#879=DIRECTION('',(0.E0,1.E0,0.E0));
#880=DIRECTION('',(1.E0,0.E0,0.E0));
#881=AXIS2_PLACEMENT_3D('',#878,#879,#880);
#882=PLANE('',#881);
#883=ORIENTED_EDGE('',*,*,#795,.T.);
#884=ORIENTED_EDGE('',*,*,#818,.F.);
#885=ORIENTED_EDGE('',*,*,#831,.F.);
#886=ORIENTED_EDGE('',*,*,#845,.F.);
#887=ORIENTED_EDGE('',*,*,#859,.F.);
#888=ORIENTED_EDGE('',*,*,#871,.F.);
#889=EDGE_LOOP('',(#883,#884,#885,#886,#887,#888));
#890=FACE_OUTER_BOUND('',#889,.F.);
#891=ADVANCED_FACE('',(#890),#882,.T.);
#892=CLOSED_SHELL('',(#786,#801,#822,#836,#850,#864,#877,#891));
#893=MANIFOLD_SOLID_BREP('',#892);
#894=FILL_AREA_STYLE_COLOUR('',#28);
#895=FILL_AREA_STYLE('',(#894));
#896=SURFACE_STYLE_FILL_AREA(#895);
#897=SURFACE_SIDE_STYLE('',(#896));
#898=SURFACE_STYLE_USAGE(.POSITIVE.,#897);
#899=PRESENTATION_STYLE_ASSIGNMENT((#898));
#612=STYLED_ITEM('',(#899),#893);
#901=DIRECTION('',(0.E0,0.E0,-1.E0));
#902=VECTOR('',#901,3.E-1);
#903=CARTESIAN_POINT('',(-2.E0,0.E0,1.35E0));
#904=LINE('',#903,#902);
#905=CURVE_STYLE('',#35,POSITIVE_LENGTH_MEASURE(2.E-2),#28);
#906=PRESENTATION_STYLE_ASSIGNMENT((#905));
#907=STYLED_ITEM('',(#906),#904);
#908=DIRECTION('',(1.E0,0.E0,0.E0));
#909=VECTOR('',#908,4.99E-1);
#910=CARTESIAN_POINT('',(-2.E0,0.E0,1.35E0));
#911=LINE('',#910,#909);
#912=CURVE_STYLE('',#35,POSITIVE_LENGTH_MEASURE(2.E-2),#28);
#913=PRESENTATION_STYLE_ASSIGNMENT((#912));
#914=STYLED_ITEM('',(#913),#911);
#915=CARTESIAN_POINT('',(-1.501E0,0.E0,1.349E0));
#916=DIRECTION('',(0.E0,1.E0,0.E0));
#917=DIRECTION('',(0.E0,0.E0,1.E0));
#918=AXIS2_PLACEMENT_3D('',#915,#916,#917);
#920=CURVE_STYLE('',#35,POSITIVE_LENGTH_MEASURE(2.E-2),#28);
#921=PRESENTATION_STYLE_ASSIGNMENT((#920));
#922=STYLED_ITEM('',(#921),#919);
#923=DIRECTION('',(0.E0,0.E0,-1.E0));
#924=VECTOR('',#923,2.98E-1);
#925=CARTESIAN_POINT('',(-1.5E0,0.E0,1.349E0));
#926=LINE('',#925,#924);
#927=CURVE_STYLE('',#35,POSITIVE_LENGTH_MEASURE(2.E-2),#28);
#928=PRESENTATION_STYLE_ASSIGNMENT((#927));
#929=STYLED_ITEM('',(#928),#926);
#930=CARTESIAN_POINT('',(-1.501E0,0.E0,1.051E0));
#931=DIRECTION('',(0.E0,1.E0,0.E0));
#932=DIRECTION('',(1.E0,0.E0,0.E0));
#933=AXIS2_PLACEMENT_3D('',#930,#931,#932);
#935=CURVE_STYLE('',#35,POSITIVE_LENGTH_MEASURE(2.E-2),#28);
#936=PRESENTATION_STYLE_ASSIGNMENT((#935));
#937=STYLED_ITEM('',(#936),#934);
#938=DIRECTION('',(-1.E0,0.E0,0.E0));
#939=VECTOR('',#938,4.99E-1);
#940=CARTESIAN_POINT('',(-1.501E0,0.E0,1.05E0));
#941=LINE('',#940,#939);
#942=CURVE_STYLE('',#35,POSITIVE_LENGTH_MEASURE(2.E-2),#28);
#943=PRESENTATION_STYLE_ASSIGNMENT((#942));
#944=STYLED_ITEM('',(#943),#941);
#945=DIRECTION('',(0.E0,1.E0,0.E0));
#946=VECTOR('',#945,2.E-1);
#947=CARTESIAN_POINT('',(-2.E0,0.E0,1.05E0));
#948=LINE('',#947,#946);
#949=CURVE_STYLE('',#35,POSITIVE_LENGTH_MEASURE(2.E-2),#28);
#950=PRESENTATION_STYLE_ASSIGNMENT((#949));
#951=STYLED_ITEM('',(#950),#948);
#952=DIRECTION('',(0.E0,1.E0,0.E0));
#953=VECTOR('',#952,2.E-1);
#954=CARTESIAN_POINT('',(-1.501E0,0.E0,1.05E0));
#955=LINE('',#954,#953);
#956=CURVE_STYLE('',#35,POSITIVE_LENGTH_MEASURE(2.E-2),#28);
#957=PRESENTATION_STYLE_ASSIGNMENT((#956));
#958=STYLED_ITEM('',(#957),#955);
#959=DIRECTION('',(0.E0,1.E0,0.E0));
#960=VECTOR('',#959,2.E-1);
#961=CARTESIAN_POINT('',(-1.5E0,0.E0,1.051E0));
#962=LINE('',#961,#960);
#963=CURVE_STYLE('',#35,POSITIVE_LENGTH_MEASURE(2.E-2),#28);
#964=PRESENTATION_STYLE_ASSIGNMENT((#963));
#965=STYLED_ITEM('',(#964),#962);
#966=DIRECTION('',(0.E0,1.E0,0.E0));
#967=VECTOR('',#966,2.E-1);
#968=CARTESIAN_POINT('',(-1.5E0,0.E0,1.349E0));
#969=LINE('',#968,#967);
#970=CURVE_STYLE('',#35,POSITIVE_LENGTH_MEASURE(2.E-2),#28);
#971=PRESENTATION_STYLE_ASSIGNMENT((#970));
#972=STYLED_ITEM('',(#971),#969);
#973=DIRECTION('',(0.E0,1.E0,0.E0));
#974=VECTOR('',#973,2.E-1);
#975=CARTESIAN_POINT('',(-1.501E0,0.E0,1.35E0));
#976=LINE('',#975,#974);
#977=CURVE_STYLE('',#35,POSITIVE_LENGTH_MEASURE(2.E-2),#28);
#978=PRESENTATION_STYLE_ASSIGNMENT((#977));
#979=STYLED_ITEM('',(#978),#976);
#980=DIRECTION('',(0.E0,1.E0,0.E0));
#981=VECTOR('',#980,2.E-1);
#982=CARTESIAN_POINT('',(-2.E0,0.E0,1.35E0));
#983=LINE('',#982,#981);
#984=CURVE_STYLE('',#35,POSITIVE_LENGTH_MEASURE(2.E-2),#28);
#985=PRESENTATION_STYLE_ASSIGNMENT((#984));
#986=STYLED_ITEM('',(#985),#983);
#987=DIRECTION('',(0.E0,0.E0,-1.E0));
#988=VECTOR('',#987,3.E-1);
#989=CARTESIAN_POINT('',(-2.E0,2.E-1,1.35E0));
#990=LINE('',#989,#988);
#991=CURVE_STYLE('',#35,POSITIVE_LENGTH_MEASURE(2.E-2),#28);
#992=PRESENTATION_STYLE_ASSIGNMENT((#991));
#993=STYLED_ITEM('',(#992),#990);
#994=DIRECTION('',(-1.E0,0.E0,0.E0));
#995=VECTOR('',#994,4.99E-1);
#996=CARTESIAN_POINT('',(-1.501E0,2.E-1,1.05E0));
#997=LINE('',#996,#995);
#998=CURVE_STYLE('',#35,POSITIVE_LENGTH_MEASURE(2.E-2),#28);
#999=PRESENTATION_STYLE_ASSIGNMENT((#998));
#1000=STYLED_ITEM('',(#999),#997);
#1001=CARTESIAN_POINT('',(-1.501E0,2.E-1,1.051E0));
#1002=DIRECTION('',(0.E0,1.E0,0.E0));
#1003=DIRECTION('',(1.E0,0.E0,0.E0));
#1004=AXIS2_PLACEMENT_3D('',#1001,#1002,#1003);
#1006=CURVE_STYLE('',#35,POSITIVE_LENGTH_MEASURE(2.E-2),#28);
#1007=PRESENTATION_STYLE_ASSIGNMENT((#1006));
#1008=STYLED_ITEM('',(#1007),#1005);
#1009=DIRECTION('',(0.E0,0.E0,-1.E0));
#1010=VECTOR('',#1009,2.98E-1);
#1011=CARTESIAN_POINT('',(-1.5E0,2.E-1,1.349E0));
#1012=LINE('',#1011,#1010);
#1013=CURVE_STYLE('',#35,POSITIVE_LENGTH_MEASURE(2.E-2),#28);
#1014=PRESENTATION_STYLE_ASSIGNMENT((#1013));
#1015=STYLED_ITEM('',(#1014),#1012);
#1016=CARTESIAN_POINT('',(-1.501E0,2.E-1,1.349E0));
#1017=DIRECTION('',(0.E0,1.E0,0.E0));
#1018=DIRECTION('',(0.E0,0.E0,1.E0));
#1019=AXIS2_PLACEMENT_3D('',#1016,#1017,#1018);
#1021=CURVE_STYLE('',#35,POSITIVE_LENGTH_MEASURE(2.E-2),#28);
#1022=PRESENTATION_STYLE_ASSIGNMENT((#1021));
#1023=STYLED_ITEM('',(#1022),#1020);
#1024=DIRECTION('',(1.E0,0.E0,0.E0));
#1025=VECTOR('',#1024,4.99E-1);
#1026=CARTESIAN_POINT('',(-2.E0,2.E-1,1.35E0));
#1027=LINE('',#1026,#1025);
#1028=CURVE_STYLE('',#35,POSITIVE_LENGTH_MEASURE(2.E-2),#28);
#1029=PRESENTATION_STYLE_ASSIGNMENT((#1028));
#1030=STYLED_ITEM('',(#1029),#1027);
#1031=CARTESIAN_POINT('',(-1.501E0,0.E0,1.35E0));
#1032=CARTESIAN_POINT('',(-1.5E0,0.E0,1.349E0));
#1033=VERTEX_POINT('',#1031);
#1034=VERTEX_POINT('',#1032);
#1035=CARTESIAN_POINT('',(-1.5E0,0.E0,1.051E0));
#1036=VERTEX_POINT('',#1035);
#1037=CARTESIAN_POINT('',(-1.501E0,0.E0,1.05E0));
#1038=VERTEX_POINT('',#1037);
#1039=CARTESIAN_POINT('',(-1.501E0,2.E-1,1.35E0));
#1040=CARTESIAN_POINT('',(-1.5E0,2.E-1,1.349E0));
#1041=VERTEX_POINT('',#1039);
#1042=VERTEX_POINT('',#1040);
#1043=CARTESIAN_POINT('',(-1.5E0,2.E-1,1.051E0));
#1044=VERTEX_POINT('',#1043);
#1045=CARTESIAN_POINT('',(-1.501E0,2.E-1,1.05E0));
#1046=VERTEX_POINT('',#1045);
#1047=CARTESIAN_POINT('',(-2.E0,0.E0,1.35E0));
#1048=CARTESIAN_POINT('',(-2.E0,0.E0,1.05E0));
#1049=VERTEX_POINT('',#1047);
#1050=VERTEX_POINT('',#1048);
#1051=CARTESIAN_POINT('',(-2.E0,2.E-1,1.35E0));
#1052=CARTESIAN_POINT('',(-2.E0,2.E-1,1.05E0));
#1053=VERTEX_POINT('',#1051);
#1054=VERTEX_POINT('',#1052);
#1055=CARTESIAN_POINT('',(0.E0,0.E0,0.E0));
#1056=DIRECTION('',(0.E0,1.E0,0.E0));
#1057=DIRECTION('',(1.E0,0.E0,0.E0));
#1058=AXIS2_PLACEMENT_3D('',#1055,#1056,#1057);
#1059=PLANE('',#1058);
#1061=ORIENTED_EDGE('',*,*,#1060,.F.);
#1063=ORIENTED_EDGE('',*,*,#1062,.T.);
#1065=ORIENTED_EDGE('',*,*,#1064,.T.);
#1067=ORIENTED_EDGE('',*,*,#1066,.T.);
#1069=ORIENTED_EDGE('',*,*,#1068,.T.);
#1071=ORIENTED_EDGE('',*,*,#1070,.T.);
#1072=EDGE_LOOP('',(#1061,#1063,#1065,#1067,#1069,#1071));
#1073=FACE_OUTER_BOUND('',#1072,.F.);
#1074=ADVANCED_FACE('',(#1073),#1059,.F.);
#1075=CARTESIAN_POINT('',(-2.E0,0.E0,2.E0));
#1076=DIRECTION('',(1.E0,0.E0,0.E0));
#1077=DIRECTION('',(0.E0,0.E0,-1.E0));
#1078=AXIS2_PLACEMENT_3D('',#1075,#1076,#1077);
#1079=PLANE('',#1078);
#1080=ORIENTED_EDGE('',*,*,#1060,.T.);
#1082=ORIENTED_EDGE('',*,*,#1081,.T.);
#1084=ORIENTED_EDGE('',*,*,#1083,.F.);
#1086=ORIENTED_EDGE('',*,*,#1085,.F.);
#1087=EDGE_LOOP('',(#1080,#1082,#1084,#1086));
#1088=FACE_OUTER_BOUND('',#1087,.F.);
#1089=ADVANCED_FACE('',(#1088),#1079,.F.);
#1090=FILL_AREA_STYLE_COLOUR('',#29);
#1091=FILL_AREA_STYLE('',(#1090));
#1092=SURFACE_STYLE_FILL_AREA(#1091);
#1093=SURFACE_SIDE_STYLE('',(#1092));
#1094=SURFACE_STYLE_USAGE(.POSITIVE.,#1093);
#1095=PRESENTATION_STYLE_ASSIGNMENT((#1094));
#1096=OVER_RIDING_STYLED_ITEM('',(#1095),#1089,#900);
#1097=CARTESIAN_POINT('',(-1.501E0,0.E0,1.05E0));
#1098=DIRECTION('',(0.E0,0.E0,-1.E0));
#1099=DIRECTION('',(-1.E0,0.E0,0.E0));
#1100=AXIS2_PLACEMENT_3D('',#1097,#1098,#1099);
#1101=PLANE('',#1100);
#1102=ORIENTED_EDGE('',*,*,#1081,.F.);
#1103=ORIENTED_EDGE('',*,*,#1070,.F.);
#1105=ORIENTED_EDGE('',*,*,#1104,.T.);
#1107=ORIENTED_EDGE('',*,*,#1106,.T.);
#1108=EDGE_LOOP('',(#1102,#1103,#1105,#1107));
#1109=FACE_OUTER_BOUND('',#1108,.F.);
#1110=ADVANCED_FACE('',(#1109),#1101,.T.);
#1111=CARTESIAN_POINT('',(-1.501E0,0.E0,1.051E0));
#1112=DIRECTION('',(0.E0,1.E0,0.E0));
#1113=DIRECTION('',(1.E0,0.E0,0.E0));
#1114=AXIS2_PLACEMENT_3D('',#1111,#1112,#1113);
#1115=CYLINDRICAL_SURFACE('',#1114,1.E-3);
#1116=ORIENTED_EDGE('',*,*,#1068,.F.);
#1118=ORIENTED_EDGE('',*,*,#1117,.T.);
#1120=ORIENTED_EDGE('',*,*,#1119,.T.);
#1121=ORIENTED_EDGE('',*,*,#1104,.F.);
#1122=EDGE_LOOP('',(#1116,#1118,#1120,#1121));
#1123=FACE_OUTER_BOUND('',#1122,.F.);
#1124=ADVANCED_FACE('',(#1123),#1115,.T.);
#1125=CARTESIAN_POINT('',(-1.5E0,0.E0,1.349E0));
#1126=DIRECTION('',(1.E0,0.E0,0.E0));
#1127=DIRECTION('',(0.E0,0.E0,-1.E0));
#1128=AXIS2_PLACEMENT_3D('',#1125,#1126,#1127);
#1129=PLANE('',#1128);
#1130=ORIENTED_EDGE('',*,*,#1066,.F.);
#1132=ORIENTED_EDGE('',*,*,#1131,.T.);
#1134=ORIENTED_EDGE('',*,*,#1133,.T.);
#1135=ORIENTED_EDGE('',*,*,#1117,.F.);
#1136=EDGE_LOOP('',(#1130,#1132,#1134,#1135));
#1137=FACE_OUTER_BOUND('',#1136,.F.);
#1138=ADVANCED_FACE('',(#1137),#1129,.T.);
#1139=CARTESIAN_POINT('',(-1.501E0,0.E0,1.349E0));
#1140=DIRECTION('',(0.E0,1.E0,0.E0));
#1141=DIRECTION('',(1.E0,0.E0,0.E0));
#1142=AXIS2_PLACEMENT_3D('',#1139,#1140,#1141);
#1143=CYLINDRICAL_SURFACE('',#1142,1.E-3);
#1144=ORIENTED_EDGE('',*,*,#1064,.F.);
#1146=ORIENTED_EDGE('',*,*,#1145,.T.);
#1148=ORIENTED_EDGE('',*,*,#1147,.T.);
#1149=ORIENTED_EDGE('',*,*,#1131,.F.);
#1150=EDGE_LOOP('',(#1144,#1146,#1148,#1149));
#1151=FACE_OUTER_BOUND('',#1150,.F.);
#1152=ADVANCED_FACE('',(#1151),#1143,.T.);
#1153=CARTESIAN_POINT('',(-2.1E0,0.E0,1.35E0));
#1154=DIRECTION('',(0.E0,0.E0,1.E0));
#1155=DIRECTION('',(1.E0,0.E0,0.E0));
#1156=AXIS2_PLACEMENT_3D('',#1153,#1154,#1155);
#1157=PLANE('',#1156);
#1158=ORIENTED_EDGE('',*,*,#1085,.T.);
#1160=ORIENTED_EDGE('',*,*,#1159,.T.);
#1161=ORIENTED_EDGE('',*,*,#1145,.F.);
#1162=ORIENTED_EDGE('',*,*,#1062,.F.);
#1163=EDGE_LOOP('',(#1158,#1160,#1161,#1162));
#1164=FACE_OUTER_BOUND('',#1163,.F.);
#1165=ADVANCED_FACE('',(#1164),#1157,.T.);
#1166=CARTESIAN_POINT('',(0.E0,2.E-1,0.E0));
#1167=DIRECTION('',(0.E0,1.E0,0.E0));
#1168=DIRECTION('',(1.E0,0.E0,0.E0));
#1169=AXIS2_PLACEMENT_3D('',#1166,#1167,#1168);
#1170=PLANE('',#1169);
#1171=ORIENTED_EDGE('',*,*,#1083,.T.);
#1172=ORIENTED_EDGE('',*,*,#1106,.F.);
#1173=ORIENTED_EDGE('',*,*,#1119,.F.);
#1174=ORIENTED_EDGE('',*,*,#1133,.F.);
#1175=ORIENTED_EDGE('',*,*,#1147,.F.);
#1176=ORIENTED_EDGE('',*,*,#1159,.F.);
#1177=EDGE_LOOP('',(#1171,#1172,#1173,#1174,#1175,#1176));
#1178=FACE_OUTER_BOUND('',#1177,.F.);
#1179=ADVANCED_FACE('',(#1178),#1170,.T.);
#1180=CLOSED_SHELL('',(#1074,#1089,#1110,#1124,#1138,#1152,#1165,#1179));
#1181=MANIFOLD_SOLID_BREP('',#1180);
#1182=FILL_AREA_STYLE_COLOUR('',#28);
#1183=FILL_AREA_STYLE('',(#1182));
#1184=SURFACE_STYLE_FILL_AREA(#1183);
#1185=SURFACE_SIDE_STYLE('',(#1184));
#1186=SURFACE_STYLE_USAGE(.POSITIVE.,#1185);
#1187=PRESENTATION_STYLE_ASSIGNMENT((#1186));
#900=STYLED_ITEM('',(#1187),#1181);
#1189=DIRECTION('',(0.E0,0.E0,-1.E0));
#1190=VECTOR('',#1189,3.E-1);
#1191=CARTESIAN_POINT('',(2.E0,0.E0,-1.05E0));
#1192=LINE('',#1191,#1190);
#1193=CURVE_STYLE('',#35,POSITIVE_LENGTH_MEASURE(2.E-2),#28);
#1194=PRESENTATION_STYLE_ASSIGNMENT((#1193));
#1195=STYLED_ITEM('',(#1194),#1192);
#1196=DIRECTION('',(1.E0,0.E0,0.E0));
#1197=VECTOR('',#1196,4.99E-1);
#1198=CARTESIAN_POINT('',(1.501E0,0.E0,-1.35E0));
#1199=LINE('',#1198,#1197);
#1200=CURVE_STYLE('',#35,POSITIVE_LENGTH_MEASURE(2.E-2),#28);
#1201=PRESENTATION_STYLE_ASSIGNMENT((#1200));
#1202=STYLED_ITEM('',(#1201),#1199);
#1203=CARTESIAN_POINT('',(1.501E0,0.E0,-1.349E0));
#1204=DIRECTION('',(0.E0,-1.E0,0.E0));
#1205=DIRECTION('',(-1.E0,0.E0,0.E0));
#1206=AXIS2_PLACEMENT_3D('',#1203,#1204,#1205);
#1208=CURVE_STYLE('',#35,POSITIVE_LENGTH_MEASURE(2.E-2),#28);
#1209=PRESENTATION_STYLE_ASSIGNMENT((#1208));
#1210=STYLED_ITEM('',(#1209),#1207);
#1211=DIRECTION('',(0.E0,0.E0,-1.E0));
#1212=VECTOR('',#1211,2.98E-1);
#1213=CARTESIAN_POINT('',(1.5E0,0.E0,-1.051E0));
#1214=LINE('',#1213,#1212);
#1215=CURVE_STYLE('',#35,POSITIVE_LENGTH_MEASURE(2.E-2),#28);
#1216=PRESENTATION_STYLE_ASSIGNMENT((#1215));
#1217=STYLED_ITEM('',(#1216),#1214);
#1218=CARTESIAN_POINT('',(1.501E0,0.E0,-1.051E0));
#1219=DIRECTION('',(0.E0,-1.E0,0.E0));
#1220=DIRECTION('',(0.E0,0.E0,1.E0));
#1221=AXIS2_PLACEMENT_3D('',#1218,#1219,#1220);
#1223=CURVE_STYLE('',#35,POSITIVE_LENGTH_MEASURE(2.E-2),#28);
#1224=PRESENTATION_STYLE_ASSIGNMENT((#1223));
#1225=STYLED_ITEM('',(#1224),#1222);
#1226=DIRECTION('',(-1.E0,0.E0,0.E0));
#1227=VECTOR('',#1226,4.99E-1);
#1228=CARTESIAN_POINT('',(2.E0,0.E0,-1.05E0));
#1229=LINE('',#1228,#1227);
#1230=CURVE_STYLE('',#35,POSITIVE_LENGTH_MEASURE(2.E-2),#28);
#1231=PRESENTATION_STYLE_ASSIGNMENT((#1230));
#1232=STYLED_ITEM('',(#1231),#1229);
#1233=DIRECTION('',(0.E0,1.E0,0.E0));
#1234=VECTOR('',#1233,2.E-1);
#1235=CARTESIAN_POINT('',(2.E0,0.E0,-1.05E0));
#1236=LINE('',#1235,#1234);
#1237=CURVE_STYLE('',#35,POSITIVE_LENGTH_MEASURE(2.E-2),#28);
#1238=PRESENTATION_STYLE_ASSIGNMENT((#1237));
#1239=STYLED_ITEM('',(#1238),#1236);
#1240=DIRECTION('',(0.E0,1.E0,0.E0));
#1241=VECTOR('',#1240,2.E-1);
#1242=CARTESIAN_POINT('',(1.501E0,0.E0,-1.05E0));
#1243=LINE('',#1242,#1241);
#1244=CURVE_STYLE('',#35,POSITIVE_LENGTH_MEASURE(2.E-2),#28);
#1245=PRESENTATION_STYLE_ASSIGNMENT((#1244));
#1246=STYLED_ITEM('',(#1245),#1243);
#1247=DIRECTION('',(0.E0,1.E0,0.E0));
#1248=VECTOR('',#1247,2.E-1);
#1249=CARTESIAN_POINT('',(1.5E0,0.E0,-1.051E0));
#1250=LINE('',#1249,#1248);
#1251=CURVE_STYLE('',#35,POSITIVE_LENGTH_MEASURE(2.E-2),#28);
#1252=PRESENTATION_STYLE_ASSIGNMENT((#1251));
#1253=STYLED_ITEM('',(#1252),#1250);
#1254=DIRECTION('',(0.E0,1.E0,0.E0));
#1255=VECTOR('',#1254,2.E-1);
#1256=CARTESIAN_POINT('',(1.5E0,0.E0,-1.349E0));
#1257=LINE('',#1256,#1255);
#1258=CURVE_STYLE('',#35,POSITIVE_LENGTH_MEASURE(2.E-2),#28);
#1259=PRESENTATION_STYLE_ASSIGNMENT((#1258));
#1260=STYLED_ITEM('',(#1259),#1257);
#1261=DIRECTION('',(0.E0,1.E0,0.E0));
#1262=VECTOR('',#1261,2.E-1);
#1263=CARTESIAN_POINT('',(2.E0,0.E0,-1.35E0));
#1264=LINE('',#1263,#1262);
#1265=CURVE_STYLE('',#35,POSITIVE_LENGTH_MEASURE(2.E-2),#28);
#1266=PRESENTATION_STYLE_ASSIGNMENT((#1265));
#1267=STYLED_ITEM('',(#1266),#1264);
#1268=DIRECTION('',(0.E0,1.E0,0.E0));
#1269=VECTOR('',#1268,2.E-1);
#1270=CARTESIAN_POINT('',(1.501E0,0.E0,-1.35E0));
#1271=LINE('',#1270,#1269);
#1272=CURVE_STYLE('',#35,POSITIVE_LENGTH_MEASURE(2.E-2),#28);
#1273=PRESENTATION_STYLE_ASSIGNMENT((#1272));
#1274=STYLED_ITEM('',(#1273),#1271);
#1275=DIRECTION('',(0.E0,0.E0,-1.E0));
#1276=VECTOR('',#1275,3.E-1);
#1277=CARTESIAN_POINT('',(2.E0,2.E-1,-1.05E0));
#1278=LINE('',#1277,#1276);
#1279=CURVE_STYLE('',#35,POSITIVE_LENGTH_MEASURE(2.E-2),#28);
#1280=PRESENTATION_STYLE_ASSIGNMENT((#1279));
#1281=STYLED_ITEM('',(#1280),#1278);
#1282=DIRECTION('',(-1.E0,0.E0,0.E0));
#1283=VECTOR('',#1282,4.99E-1);
#1284=CARTESIAN_POINT('',(2.E0,2.E-1,-1.05E0));
#1285=LINE('',#1284,#1283);
#1286=CURVE_STYLE('',#35,POSITIVE_LENGTH_MEASURE(2.E-2),#28);
#1287=PRESENTATION_STYLE_ASSIGNMENT((#1286));
#1288=STYLED_ITEM('',(#1287),#1285);
#1289=CARTESIAN_POINT('',(1.501E0,2.E-1,-1.051E0));
#1290=DIRECTION('',(0.E0,-1.E0,0.E0));
#1291=DIRECTION('',(0.E0,0.E0,1.E0));
#1292=AXIS2_PLACEMENT_3D('',#1289,#1290,#1291);
#1294=CURVE_STYLE('',#35,POSITIVE_LENGTH_MEASURE(2.E-2),#28);
#1295=PRESENTATION_STYLE_ASSIGNMENT((#1294));
#1296=STYLED_ITEM('',(#1295),#1293);
#1297=DIRECTION('',(0.E0,0.E0,-1.E0));
#1298=VECTOR('',#1297,2.98E-1);
#1299=CARTESIAN_POINT('',(1.5E0,2.E-1,-1.051E0));
#1300=LINE('',#1299,#1298);
#1301=CURVE_STYLE('',#35,POSITIVE_LENGTH_MEASURE(2.E-2),#28);
#1302=PRESENTATION_STYLE_ASSIGNMENT((#1301));
#1303=STYLED_ITEM('',(#1302),#1300);
#1304=CARTESIAN_POINT('',(1.501E0,2.E-1,-1.349E0));
#1305=DIRECTION('',(0.E0,-1.E0,0.E0));
#1306=DIRECTION('',(-1.E0,0.E0,0.E0));
#1307=AXIS2_PLACEMENT_3D('',#1304,#1305,#1306);
#1309=CURVE_STYLE('',#35,POSITIVE_LENGTH_MEASURE(2.E-2),#28);
#1310=PRESENTATION_STYLE_ASSIGNMENT((#1309));
#1311=STYLED_ITEM('',(#1310),#1308);
#1312=DIRECTION('',(1.E0,0.E0,0.E0));
#1313=VECTOR('',#1312,4.99E-1);
#1314=CARTESIAN_POINT('',(1.501E0,2.E-1,-1.35E0));
#1315=LINE('',#1314,#1313);
#1316=CURVE_STYLE('',#35,POSITIVE_LENGTH_MEASURE(2.E-2),#28);
#1317=PRESENTATION_STYLE_ASSIGNMENT((#1316));
#1318=STYLED_ITEM('',(#1317),#1315);
#1319=CARTESIAN_POINT('',(1.501E0,0.E0,-1.05E0));
#1320=CARTESIAN_POINT('',(1.5E0,0.E0,-1.051E0));
#1321=VERTEX_POINT('',#1319);
#1322=VERTEX_POINT('',#1320);
#1323=CARTESIAN_POINT('',(1.5E0,0.E0,-1.349E0));
#1324=VERTEX_POINT('',#1323);
#1325=CARTESIAN_POINT('',(1.501E0,0.E0,-1.35E0));
#1326=VERTEX_POINT('',#1325);
#1327=CARTESIAN_POINT('',(1.501E0,2.E-1,-1.05E0));
#1328=CARTESIAN_POINT('',(1.5E0,2.E-1,-1.051E0));
#1329=VERTEX_POINT('',#1327);
#1330=VERTEX_POINT('',#1328);
#1331=CARTESIAN_POINT('',(1.5E0,2.E-1,-1.349E0));
#1332=VERTEX_POINT('',#1331);
#1333=CARTESIAN_POINT('',(1.501E0,2.E-1,-1.35E0));
#1334=VERTEX_POINT('',#1333);
#1335=CARTESIAN_POINT('',(2.E0,0.E0,-1.05E0));
#1336=CARTESIAN_POINT('',(2.E0,0.E0,-1.35E0));
#1337=VERTEX_POINT('',#1335);
#1338=VERTEX_POINT('',#1336);
#1339=CARTESIAN_POINT('',(2.E0,2.E-1,-1.05E0));
#1340=CARTESIAN_POINT('',(2.E0,2.E-1,-1.35E0));
#1341=VERTEX_POINT('',#1339);
#1342=VERTEX_POINT('',#1340);
#1343=CARTESIAN_POINT('',(0.E0,0.E0,0.E0));
#1344=DIRECTION('',(0.E0,-1.E0,0.E0));
#1345=DIRECTION('',(-1.E0,0.E0,0.E0));
#1346=AXIS2_PLACEMENT_3D('',#1343,#1344,#1345);
#1347=PLANE('',#1346);
#1349=ORIENTED_EDGE('',*,*,#1348,.T.);
#1351=ORIENTED_EDGE('',*,*,#1350,.F.);
#1353=ORIENTED_EDGE('',*,*,#1352,.F.);
#1355=ORIENTED_EDGE('',*,*,#1354,.F.);
#1357=ORIENTED_EDGE('',*,*,#1356,.F.);
#1359=ORIENTED_EDGE('',*,*,#1358,.F.);
#1360=EDGE_LOOP('',(#1349,#1351,#1353,#1355,#1357,#1359));
#1361=FACE_OUTER_BOUND('',#1360,.F.);
#1362=ADVANCED_FACE('',(#1361),#1347,.T.);
#1363=CARTESIAN_POINT('',(2.E0,0.E0,-2.E0));
#1364=DIRECTION('',(-1.E0,0.E0,0.E0));
#1365=DIRECTION('',(0.E0,0.E0,1.E0));
#1366=AXIS2_PLACEMENT_3D('',#1363,#1364,#1365);
#1367=PLANE('',#1366);
#1368=ORIENTED_EDGE('',*,*,#1348,.F.);
#1370=ORIENTED_EDGE('',*,*,#1369,.T.);
#1372=ORIENTED_EDGE('',*,*,#1371,.T.);
#1374=ORIENTED_EDGE('',*,*,#1373,.F.);
#1375=EDGE_LOOP('',(#1368,#1370,#1372,#1374));
#1376=FACE_OUTER_BOUND('',#1375,.F.);
#1377=ADVANCED_FACE('',(#1376),#1367,.F.);
#1378=FILL_AREA_STYLE_COLOUR('',#29);
#1379=FILL_AREA_STYLE('',(#1378));
#1380=SURFACE_STYLE_FILL_AREA(#1379);
#1381=SURFACE_SIDE_STYLE('',(#1380));
#1382=SURFACE_STYLE_USAGE(.POSITIVE.,#1381);
#1383=PRESENTATION_STYLE_ASSIGNMENT((#1382));
#1384=OVER_RIDING_STYLED_ITEM('',(#1383),#1377,#1188);
#1385=CARTESIAN_POINT('',(2.1E0,0.E0,-1.05E0));
#1386=DIRECTION('',(0.E0,0.E0,-1.E0));
#1387=DIRECTION('',(-1.E0,0.E0,0.E0));
#1388=AXIS2_PLACEMENT_3D('',#1385,#1386,#1387);
#1389=PLANE('',#1388);
#1390=ORIENTED_EDGE('',*,*,#1369,.F.);
#1391=ORIENTED_EDGE('',*,*,#1358,.T.);
#1393=ORIENTED_EDGE('',*,*,#1392,.T.);
#1395=ORIENTED_EDGE('',*,*,#1394,.F.);
#1396=EDGE_LOOP('',(#1390,#1391,#1393,#1395));
#1397=FACE_OUTER_BOUND('',#1396,.F.);
#1398=ADVANCED_FACE('',(#1397),#1389,.F.);
#1399=CARTESIAN_POINT('',(1.501E0,0.E0,-1.051E0));
#1400=DIRECTION('',(0.E0,-1.E0,0.E0));
#1401=DIRECTION('',(-1.E0,0.E0,0.E0));
#1402=AXIS2_PLACEMENT_3D('',#1399,#1400,#1401);
#1403=CYLINDRICAL_SURFACE('',#1402,1.E-3);
#1404=ORIENTED_EDGE('',*,*,#1356,.T.);
#1406=ORIENTED_EDGE('',*,*,#1405,.T.);
#1408=ORIENTED_EDGE('',*,*,#1407,.F.);
#1409=ORIENTED_EDGE('',*,*,#1392,.F.);
#1410=EDGE_LOOP('',(#1404,#1406,#1408,#1409));
#1411=FACE_OUTER_BOUND('',#1410,.F.);
#1412=ADVANCED_FACE('',(#1411),#1403,.T.);
#1413=CARTESIAN_POINT('',(1.5E0,0.E0,-1.051E0));
#1414=DIRECTION('',(1.E0,0.E0,0.E0));
#1415=DIRECTION('',(0.E0,0.E0,-1.E0));
#1416=AXIS2_PLACEMENT_3D('',#1413,#1414,#1415);
#1417=PLANE('',#1416);
#1418=ORIENTED_EDGE('',*,*,#1354,.T.);
#1420=ORIENTED_EDGE('',*,*,#1419,.T.);
#1422=ORIENTED_EDGE('',*,*,#1421,.F.);
#1423=ORIENTED_EDGE('',*,*,#1405,.F.);
#1424=EDGE_LOOP('',(#1418,#1420,#1422,#1423));
#1425=FACE_OUTER_BOUND('',#1424,.F.);
#1426=ADVANCED_FACE('',(#1425),#1417,.F.);
#1427=CARTESIAN_POINT('',(1.501E0,0.E0,-1.349E0));
#1428=DIRECTION('',(0.E0,-1.E0,0.E0));
#1429=DIRECTION('',(-1.E0,0.E0,0.E0));
#1430=AXIS2_PLACEMENT_3D('',#1427,#1428,#1429);
#1431=CYLINDRICAL_SURFACE('',#1430,1.E-3);
#1432=ORIENTED_EDGE('',*,*,#1352,.T.);
#1434=ORIENTED_EDGE('',*,*,#1433,.T.);
#1436=ORIENTED_EDGE('',*,*,#1435,.F.);
#1437=ORIENTED_EDGE('',*,*,#1419,.F.);
#1438=EDGE_LOOP('',(#1432,#1434,#1436,#1437));
#1439=FACE_OUTER_BOUND('',#1438,.F.);
#1440=ADVANCED_FACE('',(#1439),#1431,.T.);
#1441=CARTESIAN_POINT('',(1.501E0,0.E0,-1.35E0));
#1442=DIRECTION('',(0.E0,0.E0,1.E0));
#1443=DIRECTION('',(1.E0,0.E0,0.E0));
#1444=AXIS2_PLACEMENT_3D('',#1441,#1442,#1443);
#1445=PLANE('',#1444);
#1446=ORIENTED_EDGE('',*,*,#1373,.T.);
#1448=ORIENTED_EDGE('',*,*,#1447,.F.);
#1449=ORIENTED_EDGE('',*,*,#1433,.F.);
#1450=ORIENTED_EDGE('',*,*,#1350,.T.);
#1451=EDGE_LOOP('',(#1446,#1448,#1449,#1450));
#1452=FACE_OUTER_BOUND('',#1451,.F.);
#1453=ADVANCED_FACE('',(#1452),#1445,.F.);
#1454=CARTESIAN_POINT('',(0.E0,2.E-1,0.E0));
#1455=DIRECTION('',(0.E0,-1.E0,0.E0));
#1456=DIRECTION('',(-1.E0,0.E0,0.E0));
#1457=AXIS2_PLACEMENT_3D('',#1454,#1455,#1456);
#1458=PLANE('',#1457);
#1459=ORIENTED_EDGE('',*,*,#1371,.F.);
#1460=ORIENTED_EDGE('',*,*,#1394,.T.);
#1461=ORIENTED_EDGE('',*,*,#1407,.T.);
#1462=ORIENTED_EDGE('',*,*,#1421,.T.);
#1463=ORIENTED_EDGE('',*,*,#1435,.T.);
#1464=ORIENTED_EDGE('',*,*,#1447,.T.);
#1465=EDGE_LOOP('',(#1459,#1460,#1461,#1462,#1463,#1464));
#1466=FACE_OUTER_BOUND('',#1465,.F.);
#1467=ADVANCED_FACE('',(#1466),#1458,.F.);
#1468=CLOSED_SHELL('',(#1362,#1377,#1398,#1412,#1426,#1440,#1453,#1467));
#1469=MANIFOLD_SOLID_BREP('',#1468);
#1470=FILL_AREA_STYLE_COLOUR('',#28);
#1471=FILL_AREA_STYLE('',(#1470));
#1472=SURFACE_STYLE_FILL_AREA(#1471);
#1473=SURFACE_SIDE_STYLE('',(#1472));
#1474=SURFACE_STYLE_USAGE(.POSITIVE.,#1473);
#1475=PRESENTATION_STYLE_ASSIGNMENT((#1474));
#1188=STYLED_ITEM('',(#1475),#1469);
#1477=DIRECTION('',(0.E0,0.E0,-1.E0));
#1478=VECTOR('',#1477,3.E-1);
#1479=CARTESIAN_POINT('',(2.E0,0.E0,-2.5E-1));
#1480=LINE('',#1479,#1478);
#1481=CURVE_STYLE('',#35,POSITIVE_LENGTH_MEASURE(2.E-2),#28);
#1482=PRESENTATION_STYLE_ASSIGNMENT((#1481));
#1483=STYLED_ITEM('',(#1482),#1480);
#1484=DIRECTION('',(1.E0,0.E0,0.E0));
#1485=VECTOR('',#1484,4.99E-1);
#1486=CARTESIAN_POINT('',(1.501E0,0.E0,-5.5E-1));
#1487=LINE('',#1486,#1485);
#1488=CURVE_STYLE('',#35,POSITIVE_LENGTH_MEASURE(2.E-2),#28);
#1489=PRESENTATION_STYLE_ASSIGNMENT((#1488));
#1490=STYLED_ITEM('',(#1489),#1487);
#1491=CARTESIAN_POINT('',(1.501E0,0.E0,-5.49E-1));
#1492=DIRECTION('',(0.E0,-1.E0,0.E0));
#1493=DIRECTION('',(-1.E0,0.E0,0.E0));
#1494=AXIS2_PLACEMENT_3D('',#1491,#1492,#1493);
#1496=CURVE_STYLE('',#35,POSITIVE_LENGTH_MEASURE(2.E-2),#28);
#1497=PRESENTATION_STYLE_ASSIGNMENT((#1496));
#1498=STYLED_ITEM('',(#1497),#1495);
#1499=DIRECTION('',(0.E0,0.E0,-1.E0));
#1500=VECTOR('',#1499,2.98E-1);
#1501=CARTESIAN_POINT('',(1.5E0,0.E0,-2.51E-1));
#1502=LINE('',#1501,#1500);
#1503=CURVE_STYLE('',#35,POSITIVE_LENGTH_MEASURE(2.E-2),#28);
#1504=PRESENTATION_STYLE_ASSIGNMENT((#1503));
#1505=STYLED_ITEM('',(#1504),#1502);
#1506=CARTESIAN_POINT('',(1.501E0,0.E0,-2.51E-1));
#1507=DIRECTION('',(0.E0,-1.E0,0.E0));
#1508=DIRECTION('',(-2.220446049250E-13,0.E0,1.E0));
#1509=AXIS2_PLACEMENT_3D('',#1506,#1507,#1508);
#1511=CURVE_STYLE('',#35,POSITIVE_LENGTH_MEASURE(2.E-2),#28);
#1512=PRESENTATION_STYLE_ASSIGNMENT((#1511));
#1513=STYLED_ITEM('',(#1512),#1510);
#1514=DIRECTION('',(-1.E0,0.E0,0.E0));
#1515=VECTOR('',#1514,4.99E-1);
#1516=CARTESIAN_POINT('',(2.E0,0.E0,-2.5E-1));
#1517=LINE('',#1516,#1515);
#1518=CURVE_STYLE('',#35,POSITIVE_LENGTH_MEASURE(2.E-2),#28);
#1519=PRESENTATION_STYLE_ASSIGNMENT((#1518));
#1520=STYLED_ITEM('',(#1519),#1517);
#1521=DIRECTION('',(0.E0,1.E0,0.E0));
#1522=VECTOR('',#1521,2.E-1);
#1523=CARTESIAN_POINT('',(2.E0,0.E0,-2.5E-1));
#1524=LINE('',#1523,#1522);
#1525=CURVE_STYLE('',#35,POSITIVE_LENGTH_MEASURE(2.E-2),#28);
#1526=PRESENTATION_STYLE_ASSIGNMENT((#1525));
#1527=STYLED_ITEM('',(#1526),#1524);
#1528=DIRECTION('',(0.E0,1.E0,0.E0));
#1529=VECTOR('',#1528,2.E-1);
#1530=CARTESIAN_POINT('',(1.501E0,0.E0,-2.5E-1));
#1531=LINE('',#1530,#1529);
#1532=CURVE_STYLE('',#35,POSITIVE_LENGTH_MEASURE(2.E-2),#28);
#1533=PRESENTATION_STYLE_ASSIGNMENT((#1532));
#1534=STYLED_ITEM('',(#1533),#1531);
#1535=DIRECTION('',(0.E0,1.E0,0.E0));
#1536=VECTOR('',#1535,2.E-1);
#1537=CARTESIAN_POINT('',(1.5E0,0.E0,-2.51E-1));
#1538=LINE('',#1537,#1536);
#1539=CURVE_STYLE('',#35,POSITIVE_LENGTH_MEASURE(2.E-2),#28);
#1540=PRESENTATION_STYLE_ASSIGNMENT((#1539));
#1541=STYLED_ITEM('',(#1540),#1538);
#1542=DIRECTION('',(0.E0,1.E0,0.E0));
#1543=VECTOR('',#1542,2.E-1);
#1544=CARTESIAN_POINT('',(1.5E0,0.E0,-5.49E-1));
#1545=LINE('',#1544,#1543);
#1546=CURVE_STYLE('',#35,POSITIVE_LENGTH_MEASURE(2.E-2),#28);
#1547=PRESENTATION_STYLE_ASSIGNMENT((#1546));
#1548=STYLED_ITEM('',(#1547),#1545);
#1549=DIRECTION('',(0.E0,1.E0,0.E0));
#1550=VECTOR('',#1549,2.E-1);
#1551=CARTESIAN_POINT('',(2.E0,0.E0,-5.5E-1));
#1552=LINE('',#1551,#1550);
#1553=CURVE_STYLE('',#35,POSITIVE_LENGTH_MEASURE(2.E-2),#28);
#1554=PRESENTATION_STYLE_ASSIGNMENT((#1553));
#1555=STYLED_ITEM('',(#1554),#1552);
#1556=DIRECTION('',(0.E0,1.E0,0.E0));
#1557=VECTOR('',#1556,2.E-1);
#1558=CARTESIAN_POINT('',(1.501E0,0.E0,-5.5E-1));
#1559=LINE('',#1558,#1557);
#1560=CURVE_STYLE('',#35,POSITIVE_LENGTH_MEASURE(2.E-2),#28);
#1561=PRESENTATION_STYLE_ASSIGNMENT((#1560));
#1562=STYLED_ITEM('',(#1561),#1559);
#1563=DIRECTION('',(0.E0,0.E0,-1.E0));
#1564=VECTOR('',#1563,3.E-1);
#1565=CARTESIAN_POINT('',(2.E0,2.E-1,-2.5E-1));
#1566=LINE('',#1565,#1564);
#1567=CURVE_STYLE('',#35,POSITIVE_LENGTH_MEASURE(2.E-2),#28);
#1568=PRESENTATION_STYLE_ASSIGNMENT((#1567));
#1569=STYLED_ITEM('',(#1568),#1566);
#1570=DIRECTION('',(-1.E0,0.E0,0.E0));
#1571=VECTOR('',#1570,4.99E-1);
#1572=CARTESIAN_POINT('',(2.E0,2.E-1,-2.5E-1));
#1573=LINE('',#1572,#1571);
#1574=CURVE_STYLE('',#35,POSITIVE_LENGTH_MEASURE(2.E-2),#28);
#1575=PRESENTATION_STYLE_ASSIGNMENT((#1574));
#1576=STYLED_ITEM('',(#1575),#1573);
#1577=CARTESIAN_POINT('',(1.501E0,2.E-1,-2.51E-1));
#1578=DIRECTION('',(0.E0,-1.E0,0.E0));
#1579=DIRECTION('',(-2.220446049250E-13,0.E0,1.E0));
#1580=AXIS2_PLACEMENT_3D('',#1577,#1578,#1579);
#1582=CURVE_STYLE('',#35,POSITIVE_LENGTH_MEASURE(2.E-2),#28);
#1583=PRESENTATION_STYLE_ASSIGNMENT((#1582));
#1584=STYLED_ITEM('',(#1583),#1581);
#1585=DIRECTION('',(0.E0,0.E0,-1.E0));
#1586=VECTOR('',#1585,2.98E-1);
#1587=CARTESIAN_POINT('',(1.5E0,2.E-1,-2.51E-1));
#1588=LINE('',#1587,#1586);
#1589=CURVE_STYLE('',#35,POSITIVE_LENGTH_MEASURE(2.E-2),#28);
#1590=PRESENTATION_STYLE_ASSIGNMENT((#1589));
#1591=STYLED_ITEM('',(#1590),#1588);
#1592=CARTESIAN_POINT('',(1.501E0,2.E-1,-5.49E-1));
#1593=DIRECTION('',(0.E0,-1.E0,0.E0));
#1594=DIRECTION('',(-1.E0,0.E0,0.E0));
#1595=AXIS2_PLACEMENT_3D('',#1592,#1593,#1594);
#1597=CURVE_STYLE('',#35,POSITIVE_LENGTH_MEASURE(2.E-2),#28);
#1598=PRESENTATION_STYLE_ASSIGNMENT((#1597));
#1599=STYLED_ITEM('',(#1598),#1596);
#1600=DIRECTION('',(1.E0,0.E0,0.E0));
#1601=VECTOR('',#1600,4.99E-1);
#1602=CARTESIAN_POINT('',(1.501E0,2.E-1,-5.5E-1));
#1603=LINE('',#1602,#1601);
#1604=CURVE_STYLE('',#35,POSITIVE_LENGTH_MEASURE(2.E-2),#28);
#1605=PRESENTATION_STYLE_ASSIGNMENT((#1604));
#1606=STYLED_ITEM('',(#1605),#1603);
#1607=CARTESIAN_POINT('',(1.501E0,0.E0,-2.5E-1));
#1608=CARTESIAN_POINT('',(1.5E0,0.E0,-2.51E-1));
#1609=VERTEX_POINT('',#1607);
#1610=VERTEX_POINT('',#1608);
#1611=CARTESIAN_POINT('',(1.5E0,0.E0,-5.49E-1));
#1612=VERTEX_POINT('',#1611);
#1613=CARTESIAN_POINT('',(1.501E0,0.E0,-5.5E-1));
#1614=VERTEX_POINT('',#1613);
#1615=CARTESIAN_POINT('',(1.501E0,2.E-1,-2.5E-1));
#1616=CARTESIAN_POINT('',(1.5E0,2.E-1,-2.51E-1));
#1617=VERTEX_POINT('',#1615);
#1618=VERTEX_POINT('',#1616);
#1619=CARTESIAN_POINT('',(1.5E0,2.E-1,-5.49E-1));
#1620=VERTEX_POINT('',#1619);
#1621=CARTESIAN_POINT('',(1.501E0,2.E-1,-5.5E-1));
#1622=VERTEX_POINT('',#1621);
#1623=CARTESIAN_POINT('',(2.E0,0.E0,-2.5E-1));
#1624=CARTESIAN_POINT('',(2.E0,0.E0,-5.5E-1));
#1625=VERTEX_POINT('',#1623);
#1626=VERTEX_POINT('',#1624);
#1627=CARTESIAN_POINT('',(2.E0,2.E-1,-2.5E-1));
#1628=CARTESIAN_POINT('',(2.E0,2.E-1,-5.5E-1));
#1629=VERTEX_POINT('',#1627);
#1630=VERTEX_POINT('',#1628);
#1631=CARTESIAN_POINT('',(0.E0,0.E0,0.E0));
#1632=DIRECTION('',(0.E0,-1.E0,0.E0));
#1633=DIRECTION('',(-1.E0,0.E0,0.E0));
#1634=AXIS2_PLACEMENT_3D('',#1631,#1632,#1633);
#1635=PLANE('',#1634);
#1637=ORIENTED_EDGE('',*,*,#1636,.T.);
#1639=ORIENTED_EDGE('',*,*,#1638,.F.);
#1641=ORIENTED_EDGE('',*,*,#1640,.F.);
#1643=ORIENTED_EDGE('',*,*,#1642,.F.);
#1645=ORIENTED_EDGE('',*,*,#1644,.F.);
#1647=ORIENTED_EDGE('',*,*,#1646,.F.);
#1648=EDGE_LOOP('',(#1637,#1639,#1641,#1643,#1645,#1647));
#1649=FACE_OUTER_BOUND('',#1648,.F.);
#1650=ADVANCED_FACE('',(#1649),#1635,.T.);
#1651=CARTESIAN_POINT('',(2.E0,0.E0,-2.E0));
#1652=DIRECTION('',(-1.E0,0.E0,0.E0));
#1653=DIRECTION('',(0.E0,0.E0,1.E0));
#1654=AXIS2_PLACEMENT_3D('',#1651,#1652,#1653);
#1655=PLANE('',#1654);
#1656=ORIENTED_EDGE('',*,*,#1636,.F.);
#1658=ORIENTED_EDGE('',*,*,#1657,.T.);
#1660=ORIENTED_EDGE('',*,*,#1659,.T.);
#1662=ORIENTED_EDGE('',*,*,#1661,.F.);
#1663=EDGE_LOOP('',(#1656,#1658,#1660,#1662));
#1664=FACE_OUTER_BOUND('',#1663,.F.);
#1665=ADVANCED_FACE('',(#1664),#1655,.F.);
#1666=FILL_AREA_STYLE_COLOUR('',#29);
#1667=FILL_AREA_STYLE('',(#1666));
#1668=SURFACE_STYLE_FILL_AREA(#1667);
#1669=SURFACE_SIDE_STYLE('',(#1668));
#1670=SURFACE_STYLE_USAGE(.POSITIVE.,#1669);
#1671=PRESENTATION_STYLE_ASSIGNMENT((#1670));
#1672=OVER_RIDING_STYLED_ITEM('',(#1671),#1665,#1476);
#1673=CARTESIAN_POINT('',(2.1E0,0.E0,-2.5E-1));
#1674=DIRECTION('',(0.E0,0.E0,-1.E0));
#1675=DIRECTION('',(-1.E0,0.E0,0.E0));
#1676=AXIS2_PLACEMENT_3D('',#1673,#1674,#1675);
#1677=PLANE('',#1676);
#1678=ORIENTED_EDGE('',*,*,#1657,.F.);
#1679=ORIENTED_EDGE('',*,*,#1646,.T.);
#1681=ORIENTED_EDGE('',*,*,#1680,.T.);
#1683=ORIENTED_EDGE('',*,*,#1682,.F.);
#1684=EDGE_LOOP('',(#1678,#1679,#1681,#1683));
#1685=FACE_OUTER_BOUND('',#1684,.F.);
#1686=ADVANCED_FACE('',(#1685),#1677,.F.);
#1687=CARTESIAN_POINT('',(1.501E0,0.E0,-2.51E-1));
#1688=DIRECTION('',(0.E0,-1.E0,0.E0));
#1689=DIRECTION('',(-1.E0,0.E0,0.E0));
#1690=AXIS2_PLACEMENT_3D('',#1687,#1688,#1689);
#1691=CYLINDRICAL_SURFACE('',#1690,1.E-3);
#1692=ORIENTED_EDGE('',*,*,#1644,.T.);
#1694=ORIENTED_EDGE('',*,*,#1693,.T.);
#1696=ORIENTED_EDGE('',*,*,#1695,.F.);
#1697=ORIENTED_EDGE('',*,*,#1680,.F.);
#1698=EDGE_LOOP('',(#1692,#1694,#1696,#1697));
#1699=FACE_OUTER_BOUND('',#1698,.F.);
#1700=ADVANCED_FACE('',(#1699),#1691,.T.);
#1701=CARTESIAN_POINT('',(1.5E0,0.E0,-2.51E-1));
#1702=DIRECTION('',(1.E0,0.E0,0.E0));
#1703=DIRECTION('',(0.E0,0.E0,-1.E0));
#1704=AXIS2_PLACEMENT_3D('',#1701,#1702,#1703);
#1705=PLANE('',#1704);
#1706=ORIENTED_EDGE('',*,*,#1642,.T.);
#1708=ORIENTED_EDGE('',*,*,#1707,.T.);
#1710=ORIENTED_EDGE('',*,*,#1709,.F.);
#1711=ORIENTED_EDGE('',*,*,#1693,.F.);
#1712=EDGE_LOOP('',(#1706,#1708,#1710,#1711));
#1713=FACE_OUTER_BOUND('',#1712,.F.);
#1714=ADVANCED_FACE('',(#1713),#1705,.F.);
#1715=CARTESIAN_POINT('',(1.501E0,0.E0,-5.49E-1));
#1716=DIRECTION('',(0.E0,-1.E0,0.E0));
#1717=DIRECTION('',(-1.E0,0.E0,0.E0));
#1718=AXIS2_PLACEMENT_3D('',#1715,#1716,#1717);
#1719=CYLINDRICAL_SURFACE('',#1718,1.E-3);
#1720=ORIENTED_EDGE('',*,*,#1640,.T.);
#1722=ORIENTED_EDGE('',*,*,#1721,.T.);
#1724=ORIENTED_EDGE('',*,*,#1723,.F.);
#1725=ORIENTED_EDGE('',*,*,#1707,.F.);
#1726=EDGE_LOOP('',(#1720,#1722,#1724,#1725));
#1727=FACE_OUTER_BOUND('',#1726,.F.);
#1728=ADVANCED_FACE('',(#1727),#1719,.T.);
#1729=CARTESIAN_POINT('',(1.501E0,0.E0,-5.5E-1));
#1730=DIRECTION('',(0.E0,0.E0,1.E0));
#1731=DIRECTION('',(1.E0,0.E0,0.E0));
#1732=AXIS2_PLACEMENT_3D('',#1729,#1730,#1731);
#1733=PLANE('',#1732);
#1734=ORIENTED_EDGE('',*,*,#1661,.T.);
#1736=ORIENTED_EDGE('',*,*,#1735,.F.);
#1737=ORIENTED_EDGE('',*,*,#1721,.F.);
#1738=ORIENTED_EDGE('',*,*,#1638,.T.);
#1739=EDGE_LOOP('',(#1734,#1736,#1737,#1738));
#1740=FACE_OUTER_BOUND('',#1739,.F.);
#1741=ADVANCED_FACE('',(#1740),#1733,.F.);
#1742=CARTESIAN_POINT('',(0.E0,2.E-1,0.E0));
#1743=DIRECTION('',(0.E0,-1.E0,0.E0));
#1744=DIRECTION('',(-1.E0,0.E0,0.E0));
#1745=AXIS2_PLACEMENT_3D('',#1742,#1743,#1744);
#1746=PLANE('',#1745);
#1747=ORIENTED_EDGE('',*,*,#1659,.F.);
#1748=ORIENTED_EDGE('',*,*,#1682,.T.);
#1749=ORIENTED_EDGE('',*,*,#1695,.T.);
#1750=ORIENTED_EDGE('',*,*,#1709,.T.);
#1751=ORIENTED_EDGE('',*,*,#1723,.T.);
#1752=ORIENTED_EDGE('',*,*,#1735,.T.);
#1753=EDGE_LOOP('',(#1747,#1748,#1749,#1750,#1751,#1752));
#1754=FACE_OUTER_BOUND('',#1753,.F.);
#1755=ADVANCED_FACE('',(#1754),#1746,.F.);
#1756=CLOSED_SHELL('',(#1650,#1665,#1686,#1700,#1714,#1728,#1741,#1755));
#1757=MANIFOLD_SOLID_BREP('',#1756);
#1758=FILL_AREA_STYLE_COLOUR('',#28);
#1759=FILL_AREA_STYLE('',(#1758));
#1760=SURFACE_STYLE_FILL_AREA(#1759);
#1761=SURFACE_SIDE_STYLE('',(#1760));
#1762=SURFACE_STYLE_USAGE(.POSITIVE.,#1761);
#1763=PRESENTATION_STYLE_ASSIGNMENT((#1762));
#1476=STYLED_ITEM('',(#1763),#1757);
#1765=DIRECTION('',(0.E0,0.E0,-1.E0));
#1766=VECTOR('',#1765,3.E-1);
#1767=CARTESIAN_POINT('',(2.E0,0.E0,5.5E-1));
#1768=LINE('',#1767,#1766);
#1769=CURVE_STYLE('',#35,POSITIVE_LENGTH_MEASURE(2.E-2),#28);
#1770=PRESENTATION_STYLE_ASSIGNMENT((#1769));
#1771=STYLED_ITEM('',(#1770),#1768);
#1772=DIRECTION('',(1.E0,0.E0,0.E0));
#1773=VECTOR('',#1772,4.99E-1);
#1774=CARTESIAN_POINT('',(1.501E0,0.E0,2.5E-1));
#1775=LINE('',#1774,#1773);
#1776=CURVE_STYLE('',#35,POSITIVE_LENGTH_MEASURE(2.E-2),#28);
#1777=PRESENTATION_STYLE_ASSIGNMENT((#1776));
#1778=STYLED_ITEM('',(#1777),#1775);
#1779=CARTESIAN_POINT('',(1.501E0,0.E0,2.51E-1));
#1780=DIRECTION('',(0.E0,-1.E0,0.E0));
#1781=DIRECTION('',(-1.E0,0.E0,0.E0));
#1782=AXIS2_PLACEMENT_3D('',#1779,#1780,#1781);
#1784=CURVE_STYLE('',#35,POSITIVE_LENGTH_MEASURE(2.E-2),#28);
#1785=PRESENTATION_STYLE_ASSIGNMENT((#1784));
#1786=STYLED_ITEM('',(#1785),#1783);
#1787=DIRECTION('',(0.E0,0.E0,-1.E0));
#1788=VECTOR('',#1787,2.98E-1);
#1789=CARTESIAN_POINT('',(1.5E0,0.E0,5.49E-1));
#1790=LINE('',#1789,#1788);
#1791=CURVE_STYLE('',#35,POSITIVE_LENGTH_MEASURE(2.E-2),#28);
#1792=PRESENTATION_STYLE_ASSIGNMENT((#1791));
#1793=STYLED_ITEM('',(#1792),#1790);
#1794=CARTESIAN_POINT('',(1.501E0,0.E0,5.49E-1));
#1795=DIRECTION('',(0.E0,-1.E0,0.E0));
#1796=DIRECTION('',(-4.440892098501E-13,0.E0,1.E0));
#1797=AXIS2_PLACEMENT_3D('',#1794,#1795,#1796);
#1799=CURVE_STYLE('',#35,POSITIVE_LENGTH_MEASURE(2.E-2),#28);
#1800=PRESENTATION_STYLE_ASSIGNMENT((#1799));
#1801=STYLED_ITEM('',(#1800),#1798);
#1802=DIRECTION('',(-1.E0,0.E0,0.E0));
#1803=VECTOR('',#1802,4.99E-1);
#1804=CARTESIAN_POINT('',(2.E0,0.E0,5.5E-1));
#1805=LINE('',#1804,#1803);
#1806=CURVE_STYLE('',#35,POSITIVE_LENGTH_MEASURE(2.E-2),#28);
#1807=PRESENTATION_STYLE_ASSIGNMENT((#1806));
#1808=STYLED_ITEM('',(#1807),#1805);
#1809=DIRECTION('',(0.E0,1.E0,0.E0));
#1810=VECTOR('',#1809,2.E-1);
#1811=CARTESIAN_POINT('',(2.E0,0.E0,5.5E-1));
#1812=LINE('',#1811,#1810);
#1813=CURVE_STYLE('',#35,POSITIVE_LENGTH_MEASURE(2.E-2),#28);
#1814=PRESENTATION_STYLE_ASSIGNMENT((#1813));
#1815=STYLED_ITEM('',(#1814),#1812);
#1816=DIRECTION('',(0.E0,1.E0,0.E0));
#1817=VECTOR('',#1816,2.E-1);
#1818=CARTESIAN_POINT('',(1.501E0,0.E0,5.5E-1));
#1819=LINE('',#1818,#1817);
#1820=CURVE_STYLE('',#35,POSITIVE_LENGTH_MEASURE(2.E-2),#28);
#1821=PRESENTATION_STYLE_ASSIGNMENT((#1820));
#1822=STYLED_ITEM('',(#1821),#1819);
#1823=DIRECTION('',(0.E0,1.E0,0.E0));
#1824=VECTOR('',#1823,2.E-1);
#1825=CARTESIAN_POINT('',(1.5E0,0.E0,5.49E-1));
#1826=LINE('',#1825,#1824);
#1827=CURVE_STYLE('',#35,POSITIVE_LENGTH_MEASURE(2.E-2),#28);
#1828=PRESENTATION_STYLE_ASSIGNMENT((#1827));
#1829=STYLED_ITEM('',(#1828),#1826);
#1830=DIRECTION('',(0.E0,1.E0,0.E0));
#1831=VECTOR('',#1830,2.E-1);
#1832=CARTESIAN_POINT('',(1.5E0,0.E0,2.51E-1));
#1833=LINE('',#1832,#1831);
#1834=CURVE_STYLE('',#35,POSITIVE_LENGTH_MEASURE(2.E-2),#28);
#1835=PRESENTATION_STYLE_ASSIGNMENT((#1834));
#1836=STYLED_ITEM('',(#1835),#1833);
#1837=DIRECTION('',(0.E0,1.E0,0.E0));
#1838=VECTOR('',#1837,2.E-1);
#1839=CARTESIAN_POINT('',(2.E0,0.E0,2.5E-1));
#1840=LINE('',#1839,#1838);
#1841=CURVE_STYLE('',#35,POSITIVE_LENGTH_MEASURE(2.E-2),#28);
#1842=PRESENTATION_STYLE_ASSIGNMENT((#1841));
#1843=STYLED_ITEM('',(#1842),#1840);
#1844=DIRECTION('',(0.E0,1.E0,0.E0));
#1845=VECTOR('',#1844,2.E-1);
#1846=CARTESIAN_POINT('',(1.501E0,0.E0,2.5E-1));
#1847=LINE('',#1846,#1845);
#1848=CURVE_STYLE('',#35,POSITIVE_LENGTH_MEASURE(2.E-2),#28);
#1849=PRESENTATION_STYLE_ASSIGNMENT((#1848));
#1850=STYLED_ITEM('',(#1849),#1847);
#1851=DIRECTION('',(0.E0,0.E0,-1.E0));
#1852=VECTOR('',#1851,3.E-1);
#1853=CARTESIAN_POINT('',(2.E0,2.E-1,5.5E-1));
#1854=LINE('',#1853,#1852);
#1855=CURVE_STYLE('',#35,POSITIVE_LENGTH_MEASURE(2.E-2),#28);
#1856=PRESENTATION_STYLE_ASSIGNMENT((#1855));
#1857=STYLED_ITEM('',(#1856),#1854);
#1858=DIRECTION('',(-1.E0,0.E0,0.E0));
#1859=VECTOR('',#1858,4.99E-1);
#1860=CARTESIAN_POINT('',(2.E0,2.E-1,5.5E-1));
#1861=LINE('',#1860,#1859);
#1862=CURVE_STYLE('',#35,POSITIVE_LENGTH_MEASURE(2.E-2),#28);
#1863=PRESENTATION_STYLE_ASSIGNMENT((#1862));
#1864=STYLED_ITEM('',(#1863),#1861);
#1865=CARTESIAN_POINT('',(1.501E0,2.E-1,5.49E-1));
#1866=DIRECTION('',(0.E0,-1.E0,0.E0));
#1867=DIRECTION('',(-4.440892098501E-13,0.E0,1.E0));
#1868=AXIS2_PLACEMENT_3D('',#1865,#1866,#1867);
#1870=CURVE_STYLE('',#35,POSITIVE_LENGTH_MEASURE(2.E-2),#28);
#1871=PRESENTATION_STYLE_ASSIGNMENT((#1870));
#1872=STYLED_ITEM('',(#1871),#1869);
#1873=DIRECTION('',(0.E0,0.E0,-1.E0));
#1874=VECTOR('',#1873,2.98E-1);
#1875=CARTESIAN_POINT('',(1.5E0,2.E-1,5.49E-1));
#1876=LINE('',#1875,#1874);
#1877=CURVE_STYLE('',#35,POSITIVE_LENGTH_MEASURE(2.E-2),#28);
#1878=PRESENTATION_STYLE_ASSIGNMENT((#1877));
#1879=STYLED_ITEM('',(#1878),#1876);
#1880=CARTESIAN_POINT('',(1.501E0,2.E-1,2.51E-1));
#1881=DIRECTION('',(0.E0,-1.E0,0.E0));
#1882=DIRECTION('',(-1.E0,0.E0,0.E0));
#1883=AXIS2_PLACEMENT_3D('',#1880,#1881,#1882);
#1885=CURVE_STYLE('',#35,POSITIVE_LENGTH_MEASURE(2.E-2),#28);
#1886=PRESENTATION_STYLE_ASSIGNMENT((#1885));
#1887=STYLED_ITEM('',(#1886),#1884);
#1888=DIRECTION('',(1.E0,0.E0,0.E0));
#1889=VECTOR('',#1888,4.99E-1);
#1890=CARTESIAN_POINT('',(1.501E0,2.E-1,2.5E-1));
#1891=LINE('',#1890,#1889);
#1892=CURVE_STYLE('',#35,POSITIVE_LENGTH_MEASURE(2.E-2),#28);
#1893=PRESENTATION_STYLE_ASSIGNMENT((#1892));
#1894=STYLED_ITEM('',(#1893),#1891);
#1895=CARTESIAN_POINT('',(1.501E0,0.E0,5.5E-1));
#1896=CARTESIAN_POINT('',(1.5E0,0.E0,5.49E-1));
#1897=VERTEX_POINT('',#1895);
#1898=VERTEX_POINT('',#1896);
#1899=CARTESIAN_POINT('',(1.5E0,0.E0,2.51E-1));
#1900=VERTEX_POINT('',#1899);
#1901=CARTESIAN_POINT('',(1.501E0,0.E0,2.5E-1));
#1902=VERTEX_POINT('',#1901);
#1903=CARTESIAN_POINT('',(1.501E0,2.E-1,5.5E-1));
#1904=CARTESIAN_POINT('',(1.5E0,2.E-1,5.49E-1));
#1905=VERTEX_POINT('',#1903);
#1906=VERTEX_POINT('',#1904);
#1907=CARTESIAN_POINT('',(1.5E0,2.E-1,2.51E-1));
#1908=VERTEX_POINT('',#1907);
#1909=CARTESIAN_POINT('',(1.501E0,2.E-1,2.5E-1));
#1910=VERTEX_POINT('',#1909);
#1911=CARTESIAN_POINT('',(2.E0,0.E0,5.5E-1));
#1912=CARTESIAN_POINT('',(2.E0,0.E0,2.5E-1));
#1913=VERTEX_POINT('',#1911);
#1914=VERTEX_POINT('',#1912);
#1915=CARTESIAN_POINT('',(2.E0,2.E-1,5.5E-1));
#1916=CARTESIAN_POINT('',(2.E0,2.E-1,2.5E-1));
#1917=VERTEX_POINT('',#1915);
#1918=VERTEX_POINT('',#1916);
#1919=CARTESIAN_POINT('',(0.E0,0.E0,0.E0));
#1920=DIRECTION('',(0.E0,-1.E0,0.E0));
#1921=DIRECTION('',(-1.E0,0.E0,0.E0));
#1922=AXIS2_PLACEMENT_3D('',#1919,#1920,#1921);
#1923=PLANE('',#1922);
#1925=ORIENTED_EDGE('',*,*,#1924,.T.);
#1927=ORIENTED_EDGE('',*,*,#1926,.F.);
#1929=ORIENTED_EDGE('',*,*,#1928,.F.);
#1931=ORIENTED_EDGE('',*,*,#1930,.F.);
#1933=ORIENTED_EDGE('',*,*,#1932,.F.);
#1935=ORIENTED_EDGE('',*,*,#1934,.F.);
#1936=EDGE_LOOP('',(#1925,#1927,#1929,#1931,#1933,#1935));
#1937=FACE_OUTER_BOUND('',#1936,.F.);
#1938=ADVANCED_FACE('',(#1937),#1923,.T.);
#1939=CARTESIAN_POINT('',(2.E0,0.E0,-2.E0));
#1940=DIRECTION('',(-1.E0,0.E0,0.E0));
#1941=DIRECTION('',(0.E0,0.E0,1.E0));
#1942=AXIS2_PLACEMENT_3D('',#1939,#1940,#1941);
#1943=PLANE('',#1942);
#1944=ORIENTED_EDGE('',*,*,#1924,.F.);
#1946=ORIENTED_EDGE('',*,*,#1945,.T.);
#1948=ORIENTED_EDGE('',*,*,#1947,.T.);
#1950=ORIENTED_EDGE('',*,*,#1949,.F.);
#1951=EDGE_LOOP('',(#1944,#1946,#1948,#1950));
#1952=FACE_OUTER_BOUND('',#1951,.F.);
#1953=ADVANCED_FACE('',(#1952),#1943,.F.);
#1954=FILL_AREA_STYLE_COLOUR('',#29);
#1955=FILL_AREA_STYLE('',(#1954));
#1956=SURFACE_STYLE_FILL_AREA(#1955);
#1957=SURFACE_SIDE_STYLE('',(#1956));
#1958=SURFACE_STYLE_USAGE(.POSITIVE.,#1957);
#1959=PRESENTATION_STYLE_ASSIGNMENT((#1958));
#1960=OVER_RIDING_STYLED_ITEM('',(#1959),#1953,#1764);
#1961=CARTESIAN_POINT('',(2.1E0,0.E0,5.5E-1));
#1962=DIRECTION('',(0.E0,0.E0,-1.E0));
#1963=DIRECTION('',(-1.E0,0.E0,0.E0));
#1964=AXIS2_PLACEMENT_3D('',#1961,#1962,#1963);
#1965=PLANE('',#1964);
#1966=ORIENTED_EDGE('',*,*,#1945,.F.);
#1967=ORIENTED_EDGE('',*,*,#1934,.T.);
#1969=ORIENTED_EDGE('',*,*,#1968,.T.);
#1971=ORIENTED_EDGE('',*,*,#1970,.F.);
#1972=EDGE_LOOP('',(#1966,#1967,#1969,#1971));
#1973=FACE_OUTER_BOUND('',#1972,.F.);
#1974=ADVANCED_FACE('',(#1973),#1965,.F.);
#1975=CARTESIAN_POINT('',(1.501E0,0.E0,5.49E-1));
#1976=DIRECTION('',(0.E0,-1.E0,0.E0));
#1977=DIRECTION('',(-1.E0,0.E0,0.E0));
#1978=AXIS2_PLACEMENT_3D('',#1975,#1976,#1977);
#1979=CYLINDRICAL_SURFACE('',#1978,1.E-3);
#1980=ORIENTED_EDGE('',*,*,#1932,.T.);
#1982=ORIENTED_EDGE('',*,*,#1981,.T.);
#1984=ORIENTED_EDGE('',*,*,#1983,.F.);
#1985=ORIENTED_EDGE('',*,*,#1968,.F.);
#1986=EDGE_LOOP('',(#1980,#1982,#1984,#1985));
#1987=FACE_OUTER_BOUND('',#1986,.F.);
#1988=ADVANCED_FACE('',(#1987),#1979,.T.);
#1989=CARTESIAN_POINT('',(1.5E0,0.E0,5.49E-1));
#1990=DIRECTION('',(1.E0,0.E0,0.E0));
#1991=DIRECTION('',(0.E0,0.E0,-1.E0));
#1992=AXIS2_PLACEMENT_3D('',#1989,#1990,#1991);
#1993=PLANE('',#1992);
#1994=ORIENTED_EDGE('',*,*,#1930,.T.);
#1996=ORIENTED_EDGE('',*,*,#1995,.T.);
#1998=ORIENTED_EDGE('',*,*,#1997,.F.);
#1999=ORIENTED_EDGE('',*,*,#1981,.F.);
#2000=EDGE_LOOP('',(#1994,#1996,#1998,#1999));
#2001=FACE_OUTER_BOUND('',#2000,.F.);
#2002=ADVANCED_FACE('',(#2001),#1993,.F.);
#2003=CARTESIAN_POINT('',(1.501E0,0.E0,2.51E-1));
#2004=DIRECTION('',(0.E0,-1.E0,0.E0));
#2005=DIRECTION('',(-1.E0,0.E0,0.E0));
#2006=AXIS2_PLACEMENT_3D('',#2003,#2004,#2005);
#2007=CYLINDRICAL_SURFACE('',#2006,1.E-3);
#2008=ORIENTED_EDGE('',*,*,#1928,.T.);
#2010=ORIENTED_EDGE('',*,*,#2009,.T.);
#2012=ORIENTED_EDGE('',*,*,#2011,.F.);
#2013=ORIENTED_EDGE('',*,*,#1995,.F.);
#2014=EDGE_LOOP('',(#2008,#2010,#2012,#2013));
#2015=FACE_OUTER_BOUND('',#2014,.F.);
#2016=ADVANCED_FACE('',(#2015),#2007,.T.);
#2017=CARTESIAN_POINT('',(1.501E0,0.E0,2.5E-1));
#2018=DIRECTION('',(0.E0,0.E0,1.E0));
#2019=DIRECTION('',(1.E0,0.E0,0.E0));
#2020=AXIS2_PLACEMENT_3D('',#2017,#2018,#2019);
#2021=PLANE('',#2020);
#2022=ORIENTED_EDGE('',*,*,#1949,.T.);
#2024=ORIENTED_EDGE('',*,*,#2023,.F.);
#2025=ORIENTED_EDGE('',*,*,#2009,.F.);
#2026=ORIENTED_EDGE('',*,*,#1926,.T.);
#2027=EDGE_LOOP('',(#2022,#2024,#2025,#2026));
#2028=FACE_OUTER_BOUND('',#2027,.F.);
#2029=ADVANCED_FACE('',(#2028),#2021,.F.);
#2030=CARTESIAN_POINT('',(0.E0,2.E-1,0.E0));
#2031=DIRECTION('',(0.E0,-1.E0,0.E0));
#2032=DIRECTION('',(-1.E0,0.E0,0.E0));
#2033=AXIS2_PLACEMENT_3D('',#2030,#2031,#2032);
#2034=PLANE('',#2033);
#2035=ORIENTED_EDGE('',*,*,#1947,.F.);
#2036=ORIENTED_EDGE('',*,*,#1970,.T.);
#2037=ORIENTED_EDGE('',*,*,#1983,.T.);
#2038=ORIENTED_EDGE('',*,*,#1997,.T.);
#2039=ORIENTED_EDGE('',*,*,#2011,.T.);
#2040=ORIENTED_EDGE('',*,*,#2023,.T.);
#2041=EDGE_LOOP('',(#2035,#2036,#2037,#2038,#2039,#2040));
#2042=FACE_OUTER_BOUND('',#2041,.F.);
#2043=ADVANCED_FACE('',(#2042),#2034,.F.);
#2044=CLOSED_SHELL('',(#1938,#1953,#1974,#1988,#2002,#2016,#2029,#2043));
#2045=MANIFOLD_SOLID_BREP('',#2044);
#2046=FILL_AREA_STYLE_COLOUR('',#28);
#2047=FILL_AREA_STYLE('',(#2046));
#2048=SURFACE_STYLE_FILL_AREA(#2047);
#2049=SURFACE_SIDE_STYLE('',(#2048));
#2050=SURFACE_STYLE_USAGE(.POSITIVE.,#2049);
#2051=PRESENTATION_STYLE_ASSIGNMENT((#2050));
#1764=STYLED_ITEM('',(#2051),#2045);
#2053=DIRECTION('',(0.E0,0.E0,-1.E0));
#2054=VECTOR('',#2053,3.E-1);
#2055=CARTESIAN_POINT('',(2.E0,0.E0,1.35E0));
#2056=LINE('',#2055,#2054);
#2057=CURVE_STYLE('',#35,POSITIVE_LENGTH_MEASURE(2.E-2),#28);
#2058=PRESENTATION_STYLE_ASSIGNMENT((#2057));
#2059=STYLED_ITEM('',(#2058),#2056);
#2060=DIRECTION('',(1.E0,0.E0,0.E0));
#2061=VECTOR('',#2060,4.99E-1);
#2062=CARTESIAN_POINT('',(1.501E0,0.E0,1.05E0));
#2063=LINE('',#2062,#2061);
#2064=CURVE_STYLE('',#35,POSITIVE_LENGTH_MEASURE(2.E-2),#28);
#2065=PRESENTATION_STYLE_ASSIGNMENT((#2064));
#2066=STYLED_ITEM('',(#2065),#2063);
#2067=CARTESIAN_POINT('',(1.501E0,0.E0,1.051E0));
#2068=DIRECTION('',(0.E0,-1.E0,0.E0));
#2069=DIRECTION('',(-1.E0,0.E0,0.E0));
#2070=AXIS2_PLACEMENT_3D('',#2067,#2068,#2069);
#2072=CURVE_STYLE('',#35,POSITIVE_LENGTH_MEASURE(2.E-2),#28);
#2073=PRESENTATION_STYLE_ASSIGNMENT((#2072));
#2074=STYLED_ITEM('',(#2073),#2071);
#2075=DIRECTION('',(0.E0,0.E0,-1.E0));
#2076=VECTOR('',#2075,2.98E-1);
#2077=CARTESIAN_POINT('',(1.5E0,0.E0,1.349E0));
#2078=LINE('',#2077,#2076);
#2079=CURVE_STYLE('',#35,POSITIVE_LENGTH_MEASURE(2.E-2),#28);
#2080=PRESENTATION_STYLE_ASSIGNMENT((#2079));
#2081=STYLED_ITEM('',(#2080),#2078);
#2082=CARTESIAN_POINT('',(1.501E0,0.E0,1.349E0));
#2083=DIRECTION('',(0.E0,-1.E0,0.E0));
#2084=DIRECTION('',(0.E0,0.E0,1.E0));
#2085=AXIS2_PLACEMENT_3D('',#2082,#2083,#2084);
#2087=CURVE_STYLE('',#35,POSITIVE_LENGTH_MEASURE(2.E-2),#28);
#2088=PRESENTATION_STYLE_ASSIGNMENT((#2087));
#2089=STYLED_ITEM('',(#2088),#2086);
#2090=DIRECTION('',(-1.E0,0.E0,0.E0));
#2091=VECTOR('',#2090,4.99E-1);
#2092=CARTESIAN_POINT('',(2.E0,0.E0,1.35E0));
#2093=LINE('',#2092,#2091);
#2094=CURVE_STYLE('',#35,POSITIVE_LENGTH_MEASURE(2.E-2),#28);
#2095=PRESENTATION_STYLE_ASSIGNMENT((#2094));
#2096=STYLED_ITEM('',(#2095),#2093);
#2097=DIRECTION('',(0.E0,1.E0,0.E0));
#2098=VECTOR('',#2097,2.E-1);
#2099=CARTESIAN_POINT('',(2.E0,0.E0,1.35E0));
#2100=LINE('',#2099,#2098);
#2101=CURVE_STYLE('',#35,POSITIVE_LENGTH_MEASURE(2.E-2),#28);
#2102=PRESENTATION_STYLE_ASSIGNMENT((#2101));
#2103=STYLED_ITEM('',(#2102),#2100);
#2104=DIRECTION('',(0.E0,1.E0,0.E0));
#2105=VECTOR('',#2104,2.E-1);
#2106=CARTESIAN_POINT('',(1.501E0,0.E0,1.35E0));
#2107=LINE('',#2106,#2105);
#2108=CURVE_STYLE('',#35,POSITIVE_LENGTH_MEASURE(2.E-2),#28);
#2109=PRESENTATION_STYLE_ASSIGNMENT((#2108));
#2110=STYLED_ITEM('',(#2109),#2107);
#2111=DIRECTION('',(0.E0,1.E0,0.E0));
#2112=VECTOR('',#2111,2.E-1);
#2113=CARTESIAN_POINT('',(1.5E0,0.E0,1.349E0));
#2114=LINE('',#2113,#2112);
#2115=CURVE_STYLE('',#35,POSITIVE_LENGTH_MEASURE(2.E-2),#28);
#2116=PRESENTATION_STYLE_ASSIGNMENT((#2115));
#2117=STYLED_ITEM('',(#2116),#2114);
#2118=DIRECTION('',(0.E0,1.E0,0.E0));
#2119=VECTOR('',#2118,2.E-1);
#2120=CARTESIAN_POINT('',(1.5E0,0.E0,1.051E0));
#2121=LINE('',#2120,#2119);
#2122=CURVE_STYLE('',#35,POSITIVE_LENGTH_MEASURE(2.E-2),#28);
#2123=PRESENTATION_STYLE_ASSIGNMENT((#2122));
#2124=STYLED_ITEM('',(#2123),#2121);
#2125=DIRECTION('',(0.E0,1.E0,0.E0));
#2126=VECTOR('',#2125,2.E-1);
#2127=CARTESIAN_POINT('',(2.E0,0.E0,1.05E0));
#2128=LINE('',#2127,#2126);
#2129=CURVE_STYLE('',#35,POSITIVE_LENGTH_MEASURE(2.E-2),#28);
#2130=PRESENTATION_STYLE_ASSIGNMENT((#2129));
#2131=STYLED_ITEM('',(#2130),#2128);
#2132=DIRECTION('',(0.E0,1.E0,0.E0));
#2133=VECTOR('',#2132,2.E-1);
#2134=CARTESIAN_POINT('',(1.501E0,0.E0,1.05E0));
#2135=LINE('',#2134,#2133);
#2136=CURVE_STYLE('',#35,POSITIVE_LENGTH_MEASURE(2.E-2),#28);
#2137=PRESENTATION_STYLE_ASSIGNMENT((#2136));
#2138=STYLED_ITEM('',(#2137),#2135);
#2139=DIRECTION('',(0.E0,0.E0,-1.E0));
#2140=VECTOR('',#2139,3.E-1);
#2141=CARTESIAN_POINT('',(2.E0,2.E-1,1.35E0));
#2142=LINE('',#2141,#2140);
#2143=CURVE_STYLE('',#35,POSITIVE_LENGTH_MEASURE(2.E-2),#28);
#2144=PRESENTATION_STYLE_ASSIGNMENT((#2143));
#2145=STYLED_ITEM('',(#2144),#2142);
#2146=DIRECTION('',(-1.E0,0.E0,0.E0));
#2147=VECTOR('',#2146,4.99E-1);
#2148=CARTESIAN_POINT('',(2.E0,2.E-1,1.35E0));
#2149=LINE('',#2148,#2147);
#2150=CURVE_STYLE('',#35,POSITIVE_LENGTH_MEASURE(2.E-2),#28);
#2151=PRESENTATION_STYLE_ASSIGNMENT((#2150));
#2152=STYLED_ITEM('',(#2151),#2149);
#2153=CARTESIAN_POINT('',(1.501E0,2.E-1,1.349E0));
#2154=DIRECTION('',(0.E0,-1.E0,0.E0));
#2155=DIRECTION('',(0.E0,0.E0,1.E0));
#2156=AXIS2_PLACEMENT_3D('',#2153,#2154,#2155);
#2158=CURVE_STYLE('',#35,POSITIVE_LENGTH_MEASURE(2.E-2),#28);
#2159=PRESENTATION_STYLE_ASSIGNMENT((#2158));
#2160=STYLED_ITEM('',(#2159),#2157);
#2161=DIRECTION('',(0.E0,0.E0,-1.E0));
#2162=VECTOR('',#2161,2.98E-1);
#2163=CARTESIAN_POINT('',(1.5E0,2.E-1,1.349E0));
#2164=LINE('',#2163,#2162);
#2165=CURVE_STYLE('',#35,POSITIVE_LENGTH_MEASURE(2.E-2),#28);
#2166=PRESENTATION_STYLE_ASSIGNMENT((#2165));
#2167=STYLED_ITEM('',(#2166),#2164);
#2168=CARTESIAN_POINT('',(1.501E0,2.E-1,1.051E0));
#2169=DIRECTION('',(0.E0,-1.E0,0.E0));
#2170=DIRECTION('',(-1.E0,0.E0,0.E0));
#2171=AXIS2_PLACEMENT_3D('',#2168,#2169,#2170);
#2173=CURVE_STYLE('',#35,POSITIVE_LENGTH_MEASURE(2.E-2),#28);
#2174=PRESENTATION_STYLE_ASSIGNMENT((#2173));
#2175=STYLED_ITEM('',(#2174),#2172);
#2176=DIRECTION('',(1.E0,0.E0,0.E0));
#2177=VECTOR('',#2176,4.99E-1);
#2178=CARTESIAN_POINT('',(1.501E0,2.E-1,1.05E0));
#2179=LINE('',#2178,#2177);
#2180=CURVE_STYLE('',#35,POSITIVE_LENGTH_MEASURE(2.E-2),#28);
#2181=PRESENTATION_STYLE_ASSIGNMENT((#2180));
#2182=STYLED_ITEM('',(#2181),#2179);
#2183=CARTESIAN_POINT('',(1.501E0,0.E0,1.35E0));
#2184=CARTESIAN_POINT('',(1.5E0,0.E0,1.349E0));
#2185=VERTEX_POINT('',#2183);
#2186=VERTEX_POINT('',#2184);
#2187=CARTESIAN_POINT('',(1.5E0,0.E0,1.051E0));
#2188=VERTEX_POINT('',#2187);
#2189=CARTESIAN_POINT('',(1.501E0,0.E0,1.05E0));
#2190=VERTEX_POINT('',#2189);
#2191=CARTESIAN_POINT('',(1.501E0,2.E-1,1.35E0));
#2192=CARTESIAN_POINT('',(1.5E0,2.E-1,1.349E0));
#2193=VERTEX_POINT('',#2191);
#2194=VERTEX_POINT('',#2192);
#2195=CARTESIAN_POINT('',(1.5E0,2.E-1,1.051E0));
#2196=VERTEX_POINT('',#2195);
#2197=CARTESIAN_POINT('',(1.501E0,2.E-1,1.05E0));
#2198=VERTEX_POINT('',#2197);
#2199=CARTESIAN_POINT('',(2.E0,0.E0,1.35E0));
#2200=CARTESIAN_POINT('',(2.E0,0.E0,1.05E0));
#2201=VERTEX_POINT('',#2199);
#2202=VERTEX_POINT('',#2200);
#2203=CARTESIAN_POINT('',(2.E0,2.E-1,1.35E0));
#2204=CARTESIAN_POINT('',(2.E0,2.E-1,1.05E0));
#2205=VERTEX_POINT('',#2203);
#2206=VERTEX_POINT('',#2204);
#2207=CARTESIAN_POINT('',(0.E0,0.E0,0.E0));
#2208=DIRECTION('',(0.E0,-1.E0,0.E0));
#2209=DIRECTION('',(-1.E0,0.E0,0.E0));
#2210=AXIS2_PLACEMENT_3D('',#2207,#2208,#2209);
#2211=PLANE('',#2210);
#2213=ORIENTED_EDGE('',*,*,#2212,.T.);
#2215=ORIENTED_EDGE('',*,*,#2214,.F.);
#2217=ORIENTED_EDGE('',*,*,#2216,.F.);
#2219=ORIENTED_EDGE('',*,*,#2218,.F.);
#2221=ORIENTED_EDGE('',*,*,#2220,.F.);
#2223=ORIENTED_EDGE('',*,*,#2222,.F.);
#2224=EDGE_LOOP('',(#2213,#2215,#2217,#2219,#2221,#2223));
#2225=FACE_OUTER_BOUND('',#2224,.F.);
#2226=ADVANCED_FACE('',(#2225),#2211,.T.);
#2227=CARTESIAN_POINT('',(2.E0,0.E0,-2.E0));
#2228=DIRECTION('',(-1.E0,0.E0,0.E0));
#2229=DIRECTION('',(0.E0,0.E0,1.E0));
#2230=AXIS2_PLACEMENT_3D('',#2227,#2228,#2229);
#2231=PLANE('',#2230);
#2232=ORIENTED_EDGE('',*,*,#2212,.F.);
#2234=ORIENTED_EDGE('',*,*,#2233,.T.);
#2236=ORIENTED_EDGE('',*,*,#2235,.T.);
#2238=ORIENTED_EDGE('',*,*,#2237,.F.);
#2239=EDGE_LOOP('',(#2232,#2234,#2236,#2238));
#2240=FACE_OUTER_BOUND('',#2239,.F.);
#2241=ADVANCED_FACE('',(#2240),#2231,.F.);
#2242=FILL_AREA_STYLE_COLOUR('',#29);
#2243=FILL_AREA_STYLE('',(#2242));
#2244=SURFACE_STYLE_FILL_AREA(#2243);
#2245=SURFACE_SIDE_STYLE('',(#2244));
#2246=SURFACE_STYLE_USAGE(.POSITIVE.,#2245);
#2247=PRESENTATION_STYLE_ASSIGNMENT((#2246));
#2248=OVER_RIDING_STYLED_ITEM('',(#2247),#2241,#2052);
#2249=CARTESIAN_POINT('',(2.1E0,0.E0,1.35E0));
#2250=DIRECTION('',(0.E0,0.E0,-1.E0));
#2251=DIRECTION('',(-1.E0,0.E0,0.E0));
#2252=AXIS2_PLACEMENT_3D('',#2249,#2250,#2251);
#2253=PLANE('',#2252);
#2254=ORIENTED_EDGE('',*,*,#2233,.F.);
#2255=ORIENTED_EDGE('',*,*,#2222,.T.);
#2257=ORIENTED_EDGE('',*,*,#2256,.T.);
#2259=ORIENTED_EDGE('',*,*,#2258,.F.);
#2260=EDGE_LOOP('',(#2254,#2255,#2257,#2259));
#2261=FACE_OUTER_BOUND('',#2260,.F.);
#2262=ADVANCED_FACE('',(#2261),#2253,.F.);
#2263=CARTESIAN_POINT('',(1.501E0,0.E0,1.349E0));
#2264=DIRECTION('',(0.E0,-1.E0,0.E0));
#2265=DIRECTION('',(-1.E0,0.E0,0.E0));
#2266=AXIS2_PLACEMENT_3D('',#2263,#2264,#2265);
#2267=CYLINDRICAL_SURFACE('',#2266,1.E-3);
#2268=ORIENTED_EDGE('',*,*,#2220,.T.);
#2270=ORIENTED_EDGE('',*,*,#2269,.T.);
#2272=ORIENTED_EDGE('',*,*,#2271,.F.);
#2273=ORIENTED_EDGE('',*,*,#2256,.F.);
#2274=EDGE_LOOP('',(#2268,#2270,#2272,#2273));
#2275=FACE_OUTER_BOUND('',#2274,.F.);
#2276=ADVANCED_FACE('',(#2275),#2267,.T.);
#2277=CARTESIAN_POINT('',(1.5E0,0.E0,1.349E0));
#2278=DIRECTION('',(1.E0,0.E0,0.E0));
#2279=DIRECTION('',(0.E0,0.E0,-1.E0));
#2280=AXIS2_PLACEMENT_3D('',#2277,#2278,#2279);
#2281=PLANE('',#2280);
#2282=ORIENTED_EDGE('',*,*,#2218,.T.);
#2284=ORIENTED_EDGE('',*,*,#2283,.T.);
#2286=ORIENTED_EDGE('',*,*,#2285,.F.);
#2287=ORIENTED_EDGE('',*,*,#2269,.F.);
#2288=EDGE_LOOP('',(#2282,#2284,#2286,#2287));
#2289=FACE_OUTER_BOUND('',#2288,.F.);
#2290=ADVANCED_FACE('',(#2289),#2281,.F.);
#2291=CARTESIAN_POINT('',(1.501E0,0.E0,1.051E0));
#2292=DIRECTION('',(0.E0,-1.E0,0.E0));
#2293=DIRECTION('',(-1.E0,0.E0,0.E0));
#2294=AXIS2_PLACEMENT_3D('',#2291,#2292,#2293);
#2295=CYLINDRICAL_SURFACE('',#2294,1.E-3);
#2296=ORIENTED_EDGE('',*,*,#2216,.T.);
#2298=ORIENTED_EDGE('',*,*,#2297,.T.);
#2300=ORIENTED_EDGE('',*,*,#2299,.F.);
#2301=ORIENTED_EDGE('',*,*,#2283,.F.);
#2302=EDGE_LOOP('',(#2296,#2298,#2300,#2301));
#2303=FACE_OUTER_BOUND('',#2302,.F.);
#2304=ADVANCED_FACE('',(#2303),#2295,.T.);
#2305=CARTESIAN_POINT('',(1.501E0,0.E0,1.05E0));
#2306=DIRECTION('',(0.E0,0.E0,1.E0));
#2307=DIRECTION('',(1.E0,0.E0,0.E0));
#2308=AXIS2_PLACEMENT_3D('',#2305,#2306,#2307);
#2309=PLANE('',#2308);
#2310=ORIENTED_EDGE('',*,*,#2237,.T.);
#2312=ORIENTED_EDGE('',*,*,#2311,.F.);
#2313=ORIENTED_EDGE('',*,*,#2297,.F.);
#2314=ORIENTED_EDGE('',*,*,#2214,.T.);
#2315=EDGE_LOOP('',(#2310,#2312,#2313,#2314));
#2316=FACE_OUTER_BOUND('',#2315,.F.);
#2317=ADVANCED_FACE('',(#2316),#2309,.F.);
#2318=CARTESIAN_POINT('',(0.E0,2.E-1,0.E0));
#2319=DIRECTION('',(0.E0,-1.E0,0.E0));
#2320=DIRECTION('',(-1.E0,0.E0,0.E0));
#2321=AXIS2_PLACEMENT_3D('',#2318,#2319,#2320);
#2322=PLANE('',#2321);
#2323=ORIENTED_EDGE('',*,*,#2235,.F.);
#2324=ORIENTED_EDGE('',*,*,#2258,.T.);
#2325=ORIENTED_EDGE('',*,*,#2271,.T.);
#2326=ORIENTED_EDGE('',*,*,#2285,.T.);
#2327=ORIENTED_EDGE('',*,*,#2299,.T.);
#2328=ORIENTED_EDGE('',*,*,#2311,.T.);
#2329=EDGE_LOOP('',(#2323,#2324,#2325,#2326,#2327,#2328));
#2330=FACE_OUTER_BOUND('',#2329,.F.);
#2331=ADVANCED_FACE('',(#2330),#2322,.F.);
#2332=CLOSED_SHELL('',(#2226,#2241,#2262,#2276,#2290,#2304,#2317,#2331));
#2333=MANIFOLD_SOLID_BREP('',#2332);
#2334=FILL_AREA_STYLE_COLOUR('',#28);
#2335=FILL_AREA_STYLE('',(#2334));
#2336=SURFACE_STYLE_FILL_AREA(#2335);
#2337=SURFACE_SIDE_STYLE('',(#2336));
#2338=SURFACE_STYLE_USAGE(.POSITIVE.,#2337);
#2339=PRESENTATION_STYLE_ASSIGNMENT((#2338));
#2052=STYLED_ITEM('',(#2339),#2333);
#2341=DIRECTION('',(7.071067811865E-1,0.E0,-7.071067811865E-1));
#2342=VECTOR('',#2341,4.242640687119E-1);
#2343=CARTESIAN_POINT('',(-1.1E0,0.E0,-1.2E0));
#2344=LINE('',#2343,#2342);
#2345=CURVE_STYLE('',#35,POSITIVE_LENGTH_MEASURE(2.E-2),#28);
#2346=PRESENTATION_STYLE_ASSIGNMENT((#2345));
#2347=STYLED_ITEM('',(#2346),#2344);
#2348=DIRECTION('',(0.E0,0.E0,1.E0));
#2349=VECTOR('',#2348,2.7E0);
#2350=CARTESIAN_POINT('',(-1.1E0,0.E0,-1.2E0));
#2351=LINE('',#2350,#2349);
#2352=CURVE_STYLE('',#35,POSITIVE_LENGTH_MEASURE(2.E-2),#28);
#2353=PRESENTATION_STYLE_ASSIGNMENT((#2352));
#2354=STYLED_ITEM('',(#2353),#2351);
#2355=DIRECTION('',(1.E0,0.E0,0.E0));
#2356=VECTOR('',#2355,2.2E0);
#2357=CARTESIAN_POINT('',(-1.1E0,0.E0,1.5E0));
#2358=LINE('',#2357,#2356);
#2359=CURVE_STYLE('',#35,POSITIVE_LENGTH_MEASURE(2.E-2),#28);
#2360=PRESENTATION_STYLE_ASSIGNMENT((#2359));
#2361=STYLED_ITEM('',(#2360),#2358);
#2362=DIRECTION('',(0.E0,0.E0,-1.E0));
#2363=VECTOR('',#2362,3.E0);
#2364=CARTESIAN_POINT('',(1.1E0,0.E0,1.5E0));
#2365=LINE('',#2364,#2363);
#2366=CURVE_STYLE('',#35,POSITIVE_LENGTH_MEASURE(2.E-2),#28);
#2367=PRESENTATION_STYLE_ASSIGNMENT((#2366));
#2368=STYLED_ITEM('',(#2367),#2365);
#2369=DIRECTION('',(-1.E0,0.E0,0.E0));
#2370=VECTOR('',#2369,1.9E0);
#2371=CARTESIAN_POINT('',(1.1E0,0.E0,-1.5E0));
#2372=LINE('',#2371,#2370);
#2373=CURVE_STYLE('',#35,POSITIVE_LENGTH_MEASURE(2.E-2),#28);
#2374=PRESENTATION_STYLE_ASSIGNMENT((#2373));
#2375=STYLED_ITEM('',(#2374),#2372);
#2376=DIRECTION('',(0.E0,-1.E0,0.E0));
#2377=VECTOR('',#2376,2.E-1);
#2378=CARTESIAN_POINT('',(-8.E-1,2.E-1,-1.5E0));
#2379=LINE('',#2378,#2377);
#2380=CURVE_STYLE('',#35,POSITIVE_LENGTH_MEASURE(2.E-2),#28);
#2381=PRESENTATION_STYLE_ASSIGNMENT((#2380));
#2382=STYLED_ITEM('',(#2381),#2379);
#2383=DIRECTION('',(0.E0,1.E0,0.E0));
#2384=VECTOR('',#2383,2.E-1);
#2385=CARTESIAN_POINT('',(1.1E0,0.E0,-1.5E0));
#2386=LINE('',#2385,#2384);
#2387=CURVE_STYLE('',#35,POSITIVE_LENGTH_MEASURE(2.E-2),#28);
#2388=PRESENTATION_STYLE_ASSIGNMENT((#2387));
#2389=STYLED_ITEM('',(#2388),#2386);
#2390=DIRECTION('',(0.E0,1.E0,0.E0));
#2391=VECTOR('',#2390,2.E-1);
#2392=CARTESIAN_POINT('',(1.1E0,0.E0,1.5E0));
#2393=LINE('',#2392,#2391);
#2394=CURVE_STYLE('',#35,POSITIVE_LENGTH_MEASURE(2.E-2),#28);
#2395=PRESENTATION_STYLE_ASSIGNMENT((#2394));
#2396=STYLED_ITEM('',(#2395),#2393);
#2397=DIRECTION('',(0.E0,1.E0,0.E0));
#2398=VECTOR('',#2397,2.E-1);
#2399=CARTESIAN_POINT('',(-1.1E0,0.E0,1.5E0));
#2400=LINE('',#2399,#2398);
#2401=CURVE_STYLE('',#35,POSITIVE_LENGTH_MEASURE(2.E-2),#28);
#2402=PRESENTATION_STYLE_ASSIGNMENT((#2401));
#2403=STYLED_ITEM('',(#2402),#2400);
#2404=DIRECTION('',(0.E0,-1.E0,0.E0));
#2405=VECTOR('',#2404,2.E-1);
#2406=CARTESIAN_POINT('',(-1.1E0,2.E-1,-1.2E0));
#2407=LINE('',#2406,#2405);
#2408=CURVE_STYLE('',#35,POSITIVE_LENGTH_MEASURE(2.E-2),#28);
#2409=PRESENTATION_STYLE_ASSIGNMENT((#2408));
#2410=STYLED_ITEM('',(#2409),#2407);
#2411=DIRECTION('',(-7.071067811865E-1,0.E0,7.071067811865E-1));
#2412=VECTOR('',#2411,4.242640687119E-1);
#2413=CARTESIAN_POINT('',(-8.E-1,2.E-1,-1.5E0));
#2414=LINE('',#2413,#2412);
#2415=CURVE_STYLE('',#35,POSITIVE_LENGTH_MEASURE(2.E-2),#28);
#2416=PRESENTATION_STYLE_ASSIGNMENT((#2415));
#2417=STYLED_ITEM('',(#2416),#2414);
#2418=DIRECTION('',(-1.E0,0.E0,0.E0));
#2419=VECTOR('',#2418,1.9E0);
#2420=CARTESIAN_POINT('',(1.1E0,2.E-1,-1.5E0));
#2421=LINE('',#2420,#2419);
#2422=CURVE_STYLE('',#35,POSITIVE_LENGTH_MEASURE(2.E-2),#28);
#2423=PRESENTATION_STYLE_ASSIGNMENT((#2422));
#2424=STYLED_ITEM('',(#2423),#2421);
#2425=DIRECTION('',(0.E0,0.E0,-1.E0));
#2426=VECTOR('',#2425,3.E0);
#2427=CARTESIAN_POINT('',(1.1E0,2.E-1,1.5E0));
#2428=LINE('',#2427,#2426);
#2429=CURVE_STYLE('',#35,POSITIVE_LENGTH_MEASURE(2.E-2),#28);
#2430=PRESENTATION_STYLE_ASSIGNMENT((#2429));
#2431=STYLED_ITEM('',(#2430),#2428);
#2432=DIRECTION('',(1.E0,0.E0,0.E0));
#2433=VECTOR('',#2432,2.2E0);
#2434=CARTESIAN_POINT('',(-1.1E0,2.E-1,1.5E0));
#2435=LINE('',#2434,#2433);
#2436=CURVE_STYLE('',#35,POSITIVE_LENGTH_MEASURE(2.E-2),#28);
#2437=PRESENTATION_STYLE_ASSIGNMENT((#2436));
#2438=STYLED_ITEM('',(#2437),#2435);
#2439=DIRECTION('',(0.E0,0.E0,1.E0));
#2440=VECTOR('',#2439,2.7E0);
#2441=CARTESIAN_POINT('',(-1.1E0,2.E-1,-1.2E0));
#2442=LINE('',#2441,#2440);
#2443=CURVE_STYLE('',#35,POSITIVE_LENGTH_MEASURE(2.E-2),#28);
#2444=PRESENTATION_STYLE_ASSIGNMENT((#2443));
#2445=STYLED_ITEM('',(#2444),#2442);
#2446=CARTESIAN_POINT('',(-1.1E0,0.E0,1.5E0));
#2447=CARTESIAN_POINT('',(1.1E0,0.E0,1.5E0));
#2448=VERTEX_POINT('',#2446);
#2449=VERTEX_POINT('',#2447);
#2450=CARTESIAN_POINT('',(1.1E0,0.E0,-1.5E0));
#2451=VERTEX_POINT('',#2450);
#2452=CARTESIAN_POINT('',(-1.1E0,2.E-1,1.5E0));
#2453=CARTESIAN_POINT('',(1.1E0,2.E-1,1.5E0));
#2454=VERTEX_POINT('',#2452);
#2455=VERTEX_POINT('',#2453);
#2456=CARTESIAN_POINT('',(1.1E0,2.E-1,-1.5E0));
#2457=VERTEX_POINT('',#2456);
#2458=CARTESIAN_POINT('',(-1.1E0,0.E0,-1.2E0));
#2459=CARTESIAN_POINT('',(-8.E-1,0.E0,-1.5E0));
#2460=VERTEX_POINT('',#2458);
#2461=VERTEX_POINT('',#2459);
#2462=CARTESIAN_POINT('',(-8.E-1,2.E-1,-1.5E0));
#2463=VERTEX_POINT('',#2462);
#2464=CARTESIAN_POINT('',(-1.1E0,2.E-1,-1.2E0));
#2465=VERTEX_POINT('',#2464);
#2466=CARTESIAN_POINT('',(0.E0,0.E0,0.E0));
#2467=DIRECTION('',(0.E0,1.E0,0.E0));
#2468=DIRECTION('',(1.E0,0.E0,0.E0));
#2469=AXIS2_PLACEMENT_3D('',#2466,#2467,#2468);
#2470=PLANE('',#2469);
#2472=ORIENTED_EDGE('',*,*,#2471,.F.);
#2474=ORIENTED_EDGE('',*,*,#2473,.T.);
#2476=ORIENTED_EDGE('',*,*,#2475,.T.);
#2478=ORIENTED_EDGE('',*,*,#2477,.T.);
#2480=ORIENTED_EDGE('',*,*,#2479,.T.);
#2481=EDGE_LOOP('',(#2472,#2474,#2476,#2478,#2480));
#2482=FACE_OUTER_BOUND('',#2481,.F.);
#2483=ADVANCED_FACE('',(#2482),#2470,.F.);
#2484=CARTESIAN_POINT('',(-9.5E-1,1.E-1,-1.35E0));
#2485=DIRECTION('',(-7.071067811865E-1,0.E0,-7.071067811865E-1));
#2486=DIRECTION('',(7.071067811865E-1,0.E0,-7.071067811865E-1));
#2487=AXIS2_PLACEMENT_3D('',#2484,#2485,#2486);
#2488=PLANE('',#2487);
#2489=ORIENTED_EDGE('',*,*,#2471,.T.);
#2491=ORIENTED_EDGE('',*,*,#2490,.F.);
#2493=ORIENTED_EDGE('',*,*,#2492,.T.);
#2495=ORIENTED_EDGE('',*,*,#2494,.T.);
#2496=EDGE_LOOP('',(#2489,#2491,#2493,#2495));
#2497=FACE_OUTER_BOUND('',#2496,.F.);
#2498=ADVANCED_FACE('',(#2497),#2488,.T.);
#2499=CARTESIAN_POINT('',(1.1E0,0.E0,-1.5E0));
#2500=DIRECTION('',(0.E0,0.E0,-1.E0));
#2501=DIRECTION('',(-1.E0,0.E0,0.E0));
#2502=AXIS2_PLACEMENT_3D('',#2499,#2500,#2501);
#2503=PLANE('',#2502);
#2504=ORIENTED_EDGE('',*,*,#2490,.T.);
#2505=ORIENTED_EDGE('',*,*,#2479,.F.);
#2507=ORIENTED_EDGE('',*,*,#2506,.T.);
#2509=ORIENTED_EDGE('',*,*,#2508,.T.);
#2510=EDGE_LOOP('',(#2504,#2505,#2507,#2509));
#2511=FACE_OUTER_BOUND('',#2510,.F.);
#2512=ADVANCED_FACE('',(#2511),#2503,.T.);
#2513=CARTESIAN_POINT('',(1.1E0,0.E0,1.5E0));
#2514=DIRECTION('',(1.E0,0.E0,0.E0));
#2515=DIRECTION('',(0.E0,0.E0,-1.E0));
#2516=AXIS2_PLACEMENT_3D('',#2513,#2514,#2515);
#2517=PLANE('',#2516);
#2518=ORIENTED_EDGE('',*,*,#2477,.F.);
#2520=ORIENTED_EDGE('',*,*,#2519,.T.);
#2522=ORIENTED_EDGE('',*,*,#2521,.T.);
#2523=ORIENTED_EDGE('',*,*,#2506,.F.);
#2524=EDGE_LOOP('',(#2518,#2520,#2522,#2523));
#2525=FACE_OUTER_BOUND('',#2524,.F.);
#2526=ADVANCED_FACE('',(#2525),#2517,.T.);
#2527=CARTESIAN_POINT('',(-1.1E0,0.E0,1.5E0));
#2528=DIRECTION('',(0.E0,0.E0,1.E0));
#2529=DIRECTION('',(1.E0,0.E0,0.E0));
#2530=AXIS2_PLACEMENT_3D('',#2527,#2528,#2529);
#2531=PLANE('',#2530);
#2532=ORIENTED_EDGE('',*,*,#2475,.F.);
#2534=ORIENTED_EDGE('',*,*,#2533,.T.);
#2536=ORIENTED_EDGE('',*,*,#2535,.T.);
#2537=ORIENTED_EDGE('',*,*,#2519,.F.);
#2538=EDGE_LOOP('',(#2532,#2534,#2536,#2537));
#2539=FACE_OUTER_BOUND('',#2538,.F.);
#2540=ADVANCED_FACE('',(#2539),#2531,.T.);
#2541=CARTESIAN_POINT('',(-1.1E0,0.E0,-1.5E0));
#2542=DIRECTION('',(-1.E0,0.E0,0.E0));
#2543=DIRECTION('',(0.E0,0.E0,1.E0));
#2544=AXIS2_PLACEMENT_3D('',#2541,#2542,#2543);
#2545=PLANE('',#2544);
#2546=ORIENTED_EDGE('',*,*,#2494,.F.);
#2548=ORIENTED_EDGE('',*,*,#2547,.T.);
#2549=ORIENTED_EDGE('',*,*,#2533,.F.);
#2550=ORIENTED_EDGE('',*,*,#2473,.F.);
#2551=EDGE_LOOP('',(#2546,#2548,#2549,#2550));
#2552=FACE_OUTER_BOUND('',#2551,.F.);
#2553=ADVANCED_FACE('',(#2552),#2545,.T.);
#2554=CARTESIAN_POINT('',(0.E0,2.E-1,0.E0));
#2555=DIRECTION('',(0.E0,1.E0,0.E0));
#2556=DIRECTION('',(1.E0,0.E0,0.E0));
#2557=AXIS2_PLACEMENT_3D('',#2554,#2555,#2556);
#2558=PLANE('',#2557);
#2559=ORIENTED_EDGE('',*,*,#2492,.F.);
#2560=ORIENTED_EDGE('',*,*,#2508,.F.);
#2561=ORIENTED_EDGE('',*,*,#2521,.F.);
#2562=ORIENTED_EDGE('',*,*,#2535,.F.);
#2563=ORIENTED_EDGE('',*,*,#2547,.F.);
#2564=EDGE_LOOP('',(#2559,#2560,#2561,#2562,#2563));
#2565=FACE_OUTER_BOUND('',#2564,.F.);
#2566=ADVANCED_FACE('',(#2565),#2558,.T.);
#2567=CLOSED_SHELL('',(#2483,#2498,#2512,#2526,#2540,#2553,#2566));
#2568=MANIFOLD_SOLID_BREP('',#2567);
#2569=FILL_AREA_STYLE_COLOUR('',#28);
#2570=FILL_AREA_STYLE('',(#2569));
#2571=SURFACE_STYLE_FILL_AREA(#2570);
#2572=SURFACE_SIDE_STYLE('',(#2571));
#2573=SURFACE_STYLE_USAGE(.POSITIVE.,#2572);
#2574=PRESENTATION_STYLE_ASSIGNMENT((#2573));
#2340=STYLED_ITEM('',(#2574),#2568);
#2576=DIRECTION('',(-1.E0,0.E0,0.E0));
#2577=VECTOR('',#2576,3.25E-1);
#2578=CARTESIAN_POINT('',(-9.75E-1,1.E-1,2.E0));
#2579=LINE('',#2578,#2577);
#2580=CURVE_STYLE('',#35,POSITIVE_LENGTH_MEASURE(2.E-2),#28);
#2581=PRESENTATION_STYLE_ASSIGNMENT((#2580));
#2582=STYLED_ITEM('',(#2581),#2579);
#2583=DIRECTION('',(0.E0,0.E0,-1.E0));
#2584=VECTOR('',#2583,1.E-1);
#2585=CARTESIAN_POINT('',(-9.75E-1,1.E-1,2.E0));
#2586=LINE('',#2585,#2584);
#2587=CURVE_STYLE('',#35,POSITIVE_LENGTH_MEASURE(2.E-2),#28);
#2588=PRESENTATION_STYLE_ASSIGNMENT((#2587));
#2589=STYLED_ITEM('',(#2588),#2586);
#2590=DIRECTION('',(-1.E0,0.E0,0.E0));
#2591=VECTOR('',#2590,3.25E-1);
#2592=CARTESIAN_POINT('',(-9.75E-1,1.E-1,1.9E0));
#2593=LINE('',#2592,#2591);
#2594=CURVE_STYLE('',#35,POSITIVE_LENGTH_MEASURE(2.E-2),#28);
#2595=PRESENTATION_STYLE_ASSIGNMENT((#2594));
#2596=STYLED_ITEM('',(#2595),#2593);
#2597=DIRECTION('',(0.E0,0.E0,1.E0));
#2598=VECTOR('',#2597,1.E-1);
#2599=CARTESIAN_POINT('',(-1.3E0,1.E-1,1.9E0));
#2600=LINE('',#2599,#2598);
#2601=CURVE_STYLE('',#35,POSITIVE_LENGTH_MEASURE(2.E-2),#28);
#2602=PRESENTATION_STYLE_ASSIGNMENT((#2601));
#2603=STYLED_ITEM('',(#2602),#2600);
#2604=DIRECTION('',(0.E0,1.E0,0.E0));
#2605=VECTOR('',#2604,1.E-1);
#2606=CARTESIAN_POINT('',(-1.3E0,1.E-1,2.E0));
#2607=LINE('',#2606,#2605);
#2608=CURVE_STYLE('',#35,POSITIVE_LENGTH_MEASURE(2.E-2),#28);
#2609=PRESENTATION_STYLE_ASSIGNMENT((#2608));
#2610=STYLED_ITEM('',(#2609),#2607);
#2611=DIRECTION('',(0.E0,1.E0,0.E0));
#2612=VECTOR('',#2611,1.E-1);
#2613=CARTESIAN_POINT('',(-1.3E0,1.E-1,1.9E0));
#2614=LINE('',#2613,#2612);
#2615=CURVE_STYLE('',#35,POSITIVE_LENGTH_MEASURE(2.E-2),#28);
#2616=PRESENTATION_STYLE_ASSIGNMENT((#2615));
#2617=STYLED_ITEM('',(#2616),#2614);
#2618=DIRECTION('',(0.E0,1.E0,0.E0));
#2619=VECTOR('',#2618,1.E-1);
#2620=CARTESIAN_POINT('',(-9.75E-1,1.E-1,1.9E0));
#2621=LINE('',#2620,#2619);
#2622=CURVE_STYLE('',#35,POSITIVE_LENGTH_MEASURE(2.E-2),#28);
#2623=PRESENTATION_STYLE_ASSIGNMENT((#2622));
#2624=STYLED_ITEM('',(#2623),#2621);
#2625=DIRECTION('',(0.E0,1.E0,0.E0));
#2626=VECTOR('',#2625,1.E-1);
#2627=CARTESIAN_POINT('',(-9.75E-1,1.E-1,2.E0));
#2628=LINE('',#2627,#2626);
#2629=CURVE_STYLE('',#35,POSITIVE_LENGTH_MEASURE(2.E-2),#28);
#2630=PRESENTATION_STYLE_ASSIGNMENT((#2629));
#2631=STYLED_ITEM('',(#2630),#2628);
#2632=DIRECTION('',(-1.E0,0.E0,0.E0));
#2633=VECTOR('',#2632,3.25E-1);
#2634=CARTESIAN_POINT('',(-9.75E-1,2.E-1,2.E0));
#2635=LINE('',#2634,#2633);
#2636=CURVE_STYLE('',#35,POSITIVE_LENGTH_MEASURE(2.E-2),#28);
#2637=PRESENTATION_STYLE_ASSIGNMENT((#2636));
#2638=STYLED_ITEM('',(#2637),#2635);
#2639=DIRECTION('',(0.E0,0.E0,1.E0));
#2640=VECTOR('',#2639,1.E-1);
#2641=CARTESIAN_POINT('',(-1.3E0,2.E-1,1.9E0));
#2642=LINE('',#2641,#2640);
#2643=CURVE_STYLE('',#35,POSITIVE_LENGTH_MEASURE(2.E-2),#28);
#2644=PRESENTATION_STYLE_ASSIGNMENT((#2643));
#2645=STYLED_ITEM('',(#2644),#2642);
#2646=DIRECTION('',(-1.E0,0.E0,0.E0));
#2647=VECTOR('',#2646,3.25E-1);
#2648=CARTESIAN_POINT('',(-9.75E-1,2.E-1,1.9E0));
#2649=LINE('',#2648,#2647);
#2650=CURVE_STYLE('',#35,POSITIVE_LENGTH_MEASURE(2.E-2),#28);
#2651=PRESENTATION_STYLE_ASSIGNMENT((#2650));
#2652=STYLED_ITEM('',(#2651),#2649);
#2653=DIRECTION('',(0.E0,0.E0,-1.E0));
#2654=VECTOR('',#2653,1.E-1);
#2655=CARTESIAN_POINT('',(-9.75E-1,2.E-1,2.E0));
#2656=LINE('',#2655,#2654);
#2657=CURVE_STYLE('',#35,POSITIVE_LENGTH_MEASURE(2.E-2),#28);
#2658=PRESENTATION_STYLE_ASSIGNMENT((#2657));
#2659=STYLED_ITEM('',(#2658),#2656);
#2660=CARTESIAN_POINT('',(-9.75E-1,1.E-1,1.9E0));
#2661=CARTESIAN_POINT('',(-1.3E0,1.E-1,1.9E0));
#2662=VERTEX_POINT('',#2660);
#2663=VERTEX_POINT('',#2661);
#2664=CARTESIAN_POINT('',(-9.75E-1,2.E-1,1.9E0));
#2665=CARTESIAN_POINT('',(-1.3E0,2.E-1,1.9E0));
#2666=VERTEX_POINT('',#2664);
#2667=VERTEX_POINT('',#2665);
#2668=CARTESIAN_POINT('',(-9.75E-1,1.E-1,2.E0));
#2669=CARTESIAN_POINT('',(-1.3E0,1.E-1,2.E0));
#2670=VERTEX_POINT('',#2668);
#2671=VERTEX_POINT('',#2669);
#2672=CARTESIAN_POINT('',(-9.75E-1,2.E-1,2.E0));
#2673=CARTESIAN_POINT('',(-1.3E0,2.E-1,2.E0));
#2674=VERTEX_POINT('',#2672);
#2675=VERTEX_POINT('',#2673);
#2676=CARTESIAN_POINT('',(0.E0,1.E-1,0.E0));
#2677=DIRECTION('',(0.E0,1.E0,0.E0));
#2678=DIRECTION('',(1.E0,0.E0,0.E0));
#2679=AXIS2_PLACEMENT_3D('',#2676,#2677,#2678);
#2680=PLANE('',#2679);
#2682=ORIENTED_EDGE('',*,*,#2681,.F.);
#2684=ORIENTED_EDGE('',*,*,#2683,.T.);
#2686=ORIENTED_EDGE('',*,*,#2685,.T.);
#2688=ORIENTED_EDGE('',*,*,#2687,.T.);
#2689=EDGE_LOOP('',(#2682,#2684,#2686,#2688));
#2690=FACE_OUTER_BOUND('',#2689,.F.);
#2691=ADVANCED_FACE('',(#2690),#2680,.F.);
#2692=CARTESIAN_POINT('',(2.E0,0.E0,2.E0));
#2693=DIRECTION('',(0.E0,0.E0,-1.E0));
#2694=DIRECTION('',(-1.E0,0.E0,0.E0));
#2695=AXIS2_PLACEMENT_3D('',#2692,#2693,#2694);
#2696=PLANE('',#2695);
#2697=ORIENTED_EDGE('',*,*,#2681,.T.);
#2699=ORIENTED_EDGE('',*,*,#2698,.T.);
#2701=ORIENTED_EDGE('',*,*,#2700,.F.);
#2703=ORIENTED_EDGE('',*,*,#2702,.F.);
#2704=EDGE_LOOP('',(#2697,#2699,#2701,#2703));
#2705=FACE_OUTER_BOUND('',#2704,.F.);
#2706=ADVANCED_FACE('',(#2705),#2696,.F.);
#2707=FILL_AREA_STYLE_COLOUR('',#29);
#2708=FILL_AREA_STYLE('',(#2707));
#2709=SURFACE_STYLE_FILL_AREA(#2708);
#2710=SURFACE_SIDE_STYLE('',(#2709));
#2711=SURFACE_STYLE_USAGE(.POSITIVE.,#2710);
#2712=PRESENTATION_STYLE_ASSIGNMENT((#2711));
#2713=OVER_RIDING_STYLED_ITEM('',(#2712),#2706,#2575);
#2714=CARTESIAN_POINT('',(-1.3E0,1.E-1,1.9E0));
#2715=DIRECTION('',(-1.E0,0.E0,0.E0));
#2716=DIRECTION('',(0.E0,0.E0,1.E0));
#2717=AXIS2_PLACEMENT_3D('',#2714,#2715,#2716);
#2718=PLANE('',#2717);
#2719=ORIENTED_EDGE('',*,*,#2698,.F.);
#2720=ORIENTED_EDGE('',*,*,#2687,.F.);
#2722=ORIENTED_EDGE('',*,*,#2721,.T.);
#2724=ORIENTED_EDGE('',*,*,#2723,.T.);
#2725=EDGE_LOOP('',(#2719,#2720,#2722,#2724));
#2726=FACE_OUTER_BOUND('',#2725,.F.);
#2727=ADVANCED_FACE('',(#2726),#2718,.T.);
#2728=CARTESIAN_POINT('',(-9.75E-1,1.E-1,1.9E0));
#2729=DIRECTION('',(0.E0,0.E0,-1.E0));
#2730=DIRECTION('',(-1.E0,0.E0,0.E0));
#2731=AXIS2_PLACEMENT_3D('',#2728,#2729,#2730);
#2732=PLANE('',#2731);
#2733=ORIENTED_EDGE('',*,*,#2685,.F.);
#2735=ORIENTED_EDGE('',*,*,#2734,.T.);
#2737=ORIENTED_EDGE('',*,*,#2736,.T.);
#2738=ORIENTED_EDGE('',*,*,#2721,.F.);
#2739=EDGE_LOOP('',(#2733,#2735,#2737,#2738));
#2740=FACE_OUTER_BOUND('',#2739,.F.);
#2741=ADVANCED_FACE('',(#2740),#2732,.T.);
#2742=CARTESIAN_POINT('',(-9.75E-1,1.E-1,2.1E0));
#2743=DIRECTION('',(1.E0,0.E0,0.E0));
#2744=DIRECTION('',(0.E0,0.E0,-1.E0));
#2745=AXIS2_PLACEMENT_3D('',#2742,#2743,#2744);
#2746=PLANE('',#2745);
#2747=ORIENTED_EDGE('',*,*,#2702,.T.);
#2749=ORIENTED_EDGE('',*,*,#2748,.T.);
#2750=ORIENTED_EDGE('',*,*,#2734,.F.);
#2751=ORIENTED_EDGE('',*,*,#2683,.F.);
#2752=EDGE_LOOP('',(#2747,#2749,#2750,#2751));
#2753=FACE_OUTER_BOUND('',#2752,.F.);
#2754=ADVANCED_FACE('',(#2753),#2746,.T.);
#2755=CARTESIAN_POINT('',(0.E0,2.E-1,0.E0));
#2756=DIRECTION('',(0.E0,1.E0,0.E0));
#2757=DIRECTION('',(1.E0,0.E0,0.E0));
#2758=AXIS2_PLACEMENT_3D('',#2755,#2756,#2757);
#2759=PLANE('',#2758);
#2760=ORIENTED_EDGE('',*,*,#2700,.T.);
#2761=ORIENTED_EDGE('',*,*,#2723,.F.);
#2762=ORIENTED_EDGE('',*,*,#2736,.F.);
#2763=ORIENTED_EDGE('',*,*,#2748,.F.);
#2764=EDGE_LOOP('',(#2760,#2761,#2762,#2763));
#2765=FACE_OUTER_BOUND('',#2764,.F.);
#2766=ADVANCED_FACE('',(#2765),#2759,.T.);
#2767=CLOSED_SHELL('',(#2691,#2706,#2727,#2741,#2754,#2766));
#2768=MANIFOLD_SOLID_BREP('',#2767);
#2769=FILL_AREA_STYLE_COLOUR('',#28);
#2770=FILL_AREA_STYLE('',(#2769));
#2771=SURFACE_STYLE_FILL_AREA(#2770);
#2772=SURFACE_SIDE_STYLE('',(#2771));
#2773=SURFACE_STYLE_USAGE(.POSITIVE.,#2772);
#2774=PRESENTATION_STYLE_ASSIGNMENT((#2773));
#2575=STYLED_ITEM('',(#2774),#2768);
#2776=DIRECTION('',(1.E0,0.E0,0.E0));
#2777=VECTOR('',#2776,3.25E-1);
#2778=CARTESIAN_POINT('',(-1.3E0,1.E-1,-2.E0));
#2779=LINE('',#2778,#2777);
#2780=CURVE_STYLE('',#35,POSITIVE_LENGTH_MEASURE(2.E-2),#28);
#2781=PRESENTATION_STYLE_ASSIGNMENT((#2780));
#2782=STYLED_ITEM('',(#2781),#2779);
#2783=DIRECTION('',(0.E0,0.E0,1.E0));
#2784=VECTOR('',#2783,1.E-1);
#2785=CARTESIAN_POINT('',(-1.3E0,1.E-1,-2.E0));
#2786=LINE('',#2785,#2784);
#2787=CURVE_STYLE('',#35,POSITIVE_LENGTH_MEASURE(2.E-2),#28);
#2788=PRESENTATION_STYLE_ASSIGNMENT((#2787));
#2789=STYLED_ITEM('',(#2788),#2786);
#2790=DIRECTION('',(1.E0,0.E0,0.E0));
#2791=VECTOR('',#2790,3.25E-1);
#2792=CARTESIAN_POINT('',(-1.3E0,1.E-1,-1.9E0));
#2793=LINE('',#2792,#2791);
#2794=CURVE_STYLE('',#35,POSITIVE_LENGTH_MEASURE(2.E-2),#28);
#2795=PRESENTATION_STYLE_ASSIGNMENT((#2794));
#2796=STYLED_ITEM('',(#2795),#2793);
#2797=DIRECTION('',(0.E0,0.E0,-1.E0));
#2798=VECTOR('',#2797,1.E-1);
#2799=CARTESIAN_POINT('',(-9.75E-1,1.E-1,-1.9E0));
#2800=LINE('',#2799,#2798);
#2801=CURVE_STYLE('',#35,POSITIVE_LENGTH_MEASURE(2.E-2),#28);
#2802=PRESENTATION_STYLE_ASSIGNMENT((#2801));
#2803=STYLED_ITEM('',(#2802),#2800);
#2804=DIRECTION('',(0.E0,1.E0,0.E0));
#2805=VECTOR('',#2804,1.E-1);
#2806=CARTESIAN_POINT('',(-9.75E-1,1.E-1,-2.E0));
#2807=LINE('',#2806,#2805);
#2808=CURVE_STYLE('',#35,POSITIVE_LENGTH_MEASURE(2.E-2),#28);
#2809=PRESENTATION_STYLE_ASSIGNMENT((#2808));
#2810=STYLED_ITEM('',(#2809),#2807);
#2811=DIRECTION('',(0.E0,1.E0,0.E0));
#2812=VECTOR('',#2811,1.E-1);
#2813=CARTESIAN_POINT('',(-9.75E-1,1.E-1,-1.9E0));
#2814=LINE('',#2813,#2812);
#2815=CURVE_STYLE('',#35,POSITIVE_LENGTH_MEASURE(2.E-2),#28);
#2816=PRESENTATION_STYLE_ASSIGNMENT((#2815));
#2817=STYLED_ITEM('',(#2816),#2814);
#2818=DIRECTION('',(0.E0,1.E0,0.E0));
#2819=VECTOR('',#2818,1.E-1);
#2820=CARTESIAN_POINT('',(-1.3E0,1.E-1,-1.9E0));
#2821=LINE('',#2820,#2819);
#2822=CURVE_STYLE('',#35,POSITIVE_LENGTH_MEASURE(2.E-2),#28);
#2823=PRESENTATION_STYLE_ASSIGNMENT((#2822));
#2824=STYLED_ITEM('',(#2823),#2821);
#2825=DIRECTION('',(0.E0,1.E0,0.E0));
#2826=VECTOR('',#2825,1.E-1);
#2827=CARTESIAN_POINT('',(-1.3E0,1.E-1,-2.E0));
#2828=LINE('',#2827,#2826);
#2829=CURVE_STYLE('',#35,POSITIVE_LENGTH_MEASURE(2.E-2),#28);
#2830=PRESENTATION_STYLE_ASSIGNMENT((#2829));
#2831=STYLED_ITEM('',(#2830),#2828);
#2832=DIRECTION('',(1.E0,0.E0,0.E0));
#2833=VECTOR('',#2832,3.25E-1);
#2834=CARTESIAN_POINT('',(-1.3E0,2.E-1,-2.E0));
#2835=LINE('',#2834,#2833);
#2836=CURVE_STYLE('',#35,POSITIVE_LENGTH_MEASURE(2.E-2),#28);
#2837=PRESENTATION_STYLE_ASSIGNMENT((#2836));
#2838=STYLED_ITEM('',(#2837),#2835);
#2839=DIRECTION('',(0.E0,0.E0,-1.E0));
#2840=VECTOR('',#2839,1.E-1);
#2841=CARTESIAN_POINT('',(-9.75E-1,2.E-1,-1.9E0));
#2842=LINE('',#2841,#2840);
#2843=CURVE_STYLE('',#35,POSITIVE_LENGTH_MEASURE(2.E-2),#28);
#2844=PRESENTATION_STYLE_ASSIGNMENT((#2843));
#2845=STYLED_ITEM('',(#2844),#2842);
#2846=DIRECTION('',(1.E0,0.E0,0.E0));
#2847=VECTOR('',#2846,3.25E-1);
#2848=CARTESIAN_POINT('',(-1.3E0,2.E-1,-1.9E0));
#2849=LINE('',#2848,#2847);
#2850=CURVE_STYLE('',#35,POSITIVE_LENGTH_MEASURE(2.E-2),#28);
#2851=PRESENTATION_STYLE_ASSIGNMENT((#2850));
#2852=STYLED_ITEM('',(#2851),#2849);
#2853=DIRECTION('',(0.E0,0.E0,1.E0));
#2854=VECTOR('',#2853,1.E-1);
#2855=CARTESIAN_POINT('',(-1.3E0,2.E-1,-2.E0));
#2856=LINE('',#2855,#2854);
#2857=CURVE_STYLE('',#35,POSITIVE_LENGTH_MEASURE(2.E-2),#28);
#2858=PRESENTATION_STYLE_ASSIGNMENT((#2857));
#2859=STYLED_ITEM('',(#2858),#2856);
#2860=CARTESIAN_POINT('',(-1.3E0,1.E-1,-2.E0));
#2861=CARTESIAN_POINT('',(-9.75E-1,1.E-1,-2.E0));
#2862=VERTEX_POINT('',#2860);
#2863=VERTEX_POINT('',#2861);
#2864=CARTESIAN_POINT('',(-1.3E0,2.E-1,-2.E0));
#2865=CARTESIAN_POINT('',(-9.75E-1,2.E-1,-2.E0));
#2866=VERTEX_POINT('',#2864);
#2867=VERTEX_POINT('',#2865);
#2868=CARTESIAN_POINT('',(-1.3E0,1.E-1,-1.9E0));
#2869=CARTESIAN_POINT('',(-9.75E-1,1.E-1,-1.9E0));
#2870=VERTEX_POINT('',#2868);
#2871=VERTEX_POINT('',#2869);
#2872=CARTESIAN_POINT('',(-1.3E0,2.E-1,-1.9E0));
#2873=CARTESIAN_POINT('',(-9.75E-1,2.E-1,-1.9E0));
#2874=VERTEX_POINT('',#2872);
#2875=VERTEX_POINT('',#2873);
#2876=CARTESIAN_POINT('',(0.E0,1.E-1,0.E0));
#2877=DIRECTION('',(0.E0,1.E0,0.E0));
#2878=DIRECTION('',(1.E0,0.E0,0.E0));
#2879=AXIS2_PLACEMENT_3D('',#2876,#2877,#2878);
#2880=PLANE('',#2879);
#2882=ORIENTED_EDGE('',*,*,#2881,.F.);
#2884=ORIENTED_EDGE('',*,*,#2883,.T.);
#2886=ORIENTED_EDGE('',*,*,#2885,.T.);
#2888=ORIENTED_EDGE('',*,*,#2887,.T.);
#2889=EDGE_LOOP('',(#2882,#2884,#2886,#2888));
#2890=FACE_OUTER_BOUND('',#2889,.F.);
#2891=ADVANCED_FACE('',(#2890),#2880,.F.);
#2892=CARTESIAN_POINT('',(-2.E0,0.E0,-2.E0));
#2893=DIRECTION('',(0.E0,0.E0,1.E0));
#2894=DIRECTION('',(1.E0,0.E0,0.E0));
#2895=AXIS2_PLACEMENT_3D('',#2892,#2893,#2894);
#2896=PLANE('',#2895);
#2897=ORIENTED_EDGE('',*,*,#2881,.T.);
#2899=ORIENTED_EDGE('',*,*,#2898,.T.);
#2901=ORIENTED_EDGE('',*,*,#2900,.F.);
#2903=ORIENTED_EDGE('',*,*,#2902,.F.);
#2904=EDGE_LOOP('',(#2897,#2899,#2901,#2903));
#2905=FACE_OUTER_BOUND('',#2904,.F.);
#2906=ADVANCED_FACE('',(#2905),#2896,.F.);
#2907=FILL_AREA_STYLE_COLOUR('',#29);
#2908=FILL_AREA_STYLE('',(#2907));
#2909=SURFACE_STYLE_FILL_AREA(#2908);
#2910=SURFACE_SIDE_STYLE('',(#2909));
#2911=SURFACE_STYLE_USAGE(.POSITIVE.,#2910);
#2912=PRESENTATION_STYLE_ASSIGNMENT((#2911));
#2913=OVER_RIDING_STYLED_ITEM('',(#2912),#2906,#2775);
#2914=CARTESIAN_POINT('',(-9.75E-1,1.E-1,-1.9E0));
#2915=DIRECTION('',(1.E0,0.E0,0.E0));
#2916=DIRECTION('',(0.E0,0.E0,-1.E0));
#2917=AXIS2_PLACEMENT_3D('',#2914,#2915,#2916);
#2918=PLANE('',#2917);
#2919=ORIENTED_EDGE('',*,*,#2898,.F.);
#2920=ORIENTED_EDGE('',*,*,#2887,.F.);
#2922=ORIENTED_EDGE('',*,*,#2921,.T.);
#2924=ORIENTED_EDGE('',*,*,#2923,.T.);
#2925=EDGE_LOOP('',(#2919,#2920,#2922,#2924));
#2926=FACE_OUTER_BOUND('',#2925,.F.);
#2927=ADVANCED_FACE('',(#2926),#2918,.T.);
#2928=CARTESIAN_POINT('',(-1.3E0,1.E-1,-1.9E0));
#2929=DIRECTION('',(0.E0,0.E0,1.E0));
#2930=DIRECTION('',(1.E0,0.E0,0.E0));
#2931=AXIS2_PLACEMENT_3D('',#2928,#2929,#2930);
#2932=PLANE('',#2931);
#2933=ORIENTED_EDGE('',*,*,#2885,.F.);
#2935=ORIENTED_EDGE('',*,*,#2934,.T.);
#2937=ORIENTED_EDGE('',*,*,#2936,.T.);
#2938=ORIENTED_EDGE('',*,*,#2921,.F.);
#2939=EDGE_LOOP('',(#2933,#2935,#2937,#2938));
#2940=FACE_OUTER_BOUND('',#2939,.F.);
#2941=ADVANCED_FACE('',(#2940),#2932,.T.);
#2942=CARTESIAN_POINT('',(-1.3E0,1.E-1,-2.1E0));
#2943=DIRECTION('',(-1.E0,0.E0,0.E0));
#2944=DIRECTION('',(0.E0,0.E0,1.E0));
#2945=AXIS2_PLACEMENT_3D('',#2942,#2943,#2944);
#2946=PLANE('',#2945);
#2947=ORIENTED_EDGE('',*,*,#2902,.T.);
#2949=ORIENTED_EDGE('',*,*,#2948,.T.);
#2950=ORIENTED_EDGE('',*,*,#2934,.F.);
#2951=ORIENTED_EDGE('',*,*,#2883,.F.);
#2952=EDGE_LOOP('',(#2947,#2949,#2950,#2951));
#2953=FACE_OUTER_BOUND('',#2952,.F.);
#2954=ADVANCED_FACE('',(#2953),#2946,.T.);
#2955=CARTESIAN_POINT('',(0.E0,2.E-1,0.E0));
#2956=DIRECTION('',(0.E0,1.E0,0.E0));
#2957=DIRECTION('',(1.E0,0.E0,0.E0));
#2958=AXIS2_PLACEMENT_3D('',#2955,#2956,#2957);
#2959=PLANE('',#2958);
#2960=ORIENTED_EDGE('',*,*,#2900,.T.);
#2961=ORIENTED_EDGE('',*,*,#2923,.F.);
#2962=ORIENTED_EDGE('',*,*,#2936,.F.);
#2963=ORIENTED_EDGE('',*,*,#2948,.F.);
#2964=EDGE_LOOP('',(#2960,#2961,#2962,#2963));
#2965=FACE_OUTER_BOUND('',#2964,.F.);
#2966=ADVANCED_FACE('',(#2965),#2959,.T.);
#2967=CLOSED_SHELL('',(#2891,#2906,#2927,#2941,#2954,#2966));
#2968=MANIFOLD_SOLID_BREP('',#2967);
#2969=FILL_AREA_STYLE_COLOUR('',#28);
#2970=FILL_AREA_STYLE('',(#2969));
#2971=SURFACE_STYLE_FILL_AREA(#2970);
#2972=SURFACE_SIDE_STYLE('',(#2971));
#2973=SURFACE_STYLE_USAGE(.POSITIVE.,#2972);
#2974=PRESENTATION_STYLE_ASSIGNMENT((#2973));
#2775=STYLED_ITEM('',(#2974),#2968);
#2976=DIRECTION('',(1.E0,0.E0,0.E0));
#2977=VECTOR('',#2976,3.25E-1);
#2978=CARTESIAN_POINT('',(9.75E-1,1.E-1,-2.E0));
#2979=LINE('',#2978,#2977);
#2980=CURVE_STYLE('',#35,POSITIVE_LENGTH_MEASURE(2.E-2),#28);
#2981=PRESENTATION_STYLE_ASSIGNMENT((#2980));
#2982=STYLED_ITEM('',(#2981),#2979);
#2983=DIRECTION('',(0.E0,0.E0,1.E0));
#2984=VECTOR('',#2983,1.E-1);
#2985=CARTESIAN_POINT('',(9.75E-1,1.E-1,-2.E0));
#2986=LINE('',#2985,#2984);
#2987=CURVE_STYLE('',#35,POSITIVE_LENGTH_MEASURE(2.E-2),#28);
#2988=PRESENTATION_STYLE_ASSIGNMENT((#2987));
#2989=STYLED_ITEM('',(#2988),#2986);
#2990=DIRECTION('',(1.E0,0.E0,0.E0));
#2991=VECTOR('',#2990,3.25E-1);
#2992=CARTESIAN_POINT('',(9.75E-1,1.E-1,-1.9E0));
#2993=LINE('',#2992,#2991);
#2994=CURVE_STYLE('',#35,POSITIVE_LENGTH_MEASURE(2.E-2),#28);
#2995=PRESENTATION_STYLE_ASSIGNMENT((#2994));
#2996=STYLED_ITEM('',(#2995),#2993);
#2997=DIRECTION('',(0.E0,0.E0,-1.E0));
#2998=VECTOR('',#2997,1.E-1);
#2999=CARTESIAN_POINT('',(1.3E0,1.E-1,-1.9E0));
#3000=LINE('',#2999,#2998);
#3001=CURVE_STYLE('',#35,POSITIVE_LENGTH_MEASURE(2.E-2),#28);
#3002=PRESENTATION_STYLE_ASSIGNMENT((#3001));
#3003=STYLED_ITEM('',(#3002),#3000);
#3004=DIRECTION('',(0.E0,1.E0,0.E0));
#3005=VECTOR('',#3004,1.E-1);
#3006=CARTESIAN_POINT('',(1.3E0,1.E-1,-2.E0));
#3007=LINE('',#3006,#3005);
#3008=CURVE_STYLE('',#35,POSITIVE_LENGTH_MEASURE(2.E-2),#28);
#3009=PRESENTATION_STYLE_ASSIGNMENT((#3008));
#3010=STYLED_ITEM('',(#3009),#3007);
#3011=DIRECTION('',(0.E0,1.E0,0.E0));
#3012=VECTOR('',#3011,1.E-1);
#3013=CARTESIAN_POINT('',(1.3E0,1.E-1,-1.9E0));
#3014=LINE('',#3013,#3012);
#3015=CURVE_STYLE('',#35,POSITIVE_LENGTH_MEASURE(2.E-2),#28);
#3016=PRESENTATION_STYLE_ASSIGNMENT((#3015));
#3017=STYLED_ITEM('',(#3016),#3014);
#3018=DIRECTION('',(0.E0,1.E0,0.E0));
#3019=VECTOR('',#3018,1.E-1);
#3020=CARTESIAN_POINT('',(9.75E-1,1.E-1,-1.9E0));
#3021=LINE('',#3020,#3019);
#3022=CURVE_STYLE('',#35,POSITIVE_LENGTH_MEASURE(2.E-2),#28);
#3023=PRESENTATION_STYLE_ASSIGNMENT((#3022));
#3024=STYLED_ITEM('',(#3023),#3021);
#3025=DIRECTION('',(0.E0,1.E0,0.E0));
#3026=VECTOR('',#3025,1.E-1);
#3027=CARTESIAN_POINT('',(9.75E-1,1.E-1,-2.E0));
#3028=LINE('',#3027,#3026);
#3029=CURVE_STYLE('',#35,POSITIVE_LENGTH_MEASURE(2.E-2),#28);
#3030=PRESENTATION_STYLE_ASSIGNMENT((#3029));
#3031=STYLED_ITEM('',(#3030),#3028);
#3032=DIRECTION('',(1.E0,0.E0,0.E0));
#3033=VECTOR('',#3032,3.25E-1);
#3034=CARTESIAN_POINT('',(9.75E-1,2.E-1,-2.E0));
#3035=LINE('',#3034,#3033);
#3036=CURVE_STYLE('',#35,POSITIVE_LENGTH_MEASURE(2.E-2),#28);
#3037=PRESENTATION_STYLE_ASSIGNMENT((#3036));
#3038=STYLED_ITEM('',(#3037),#3035);
#3039=DIRECTION('',(0.E0,0.E0,-1.E0));
#3040=VECTOR('',#3039,1.E-1);
#3041=CARTESIAN_POINT('',(1.3E0,2.E-1,-1.9E0));
#3042=LINE('',#3041,#3040);
#3043=CURVE_STYLE('',#35,POSITIVE_LENGTH_MEASURE(2.E-2),#28);
#3044=PRESENTATION_STYLE_ASSIGNMENT((#3043));
#3045=STYLED_ITEM('',(#3044),#3042);
#3046=DIRECTION('',(1.E0,0.E0,0.E0));
#3047=VECTOR('',#3046,3.25E-1);
#3048=CARTESIAN_POINT('',(9.75E-1,2.E-1,-1.9E0));
#3049=LINE('',#3048,#3047);
#3050=CURVE_STYLE('',#35,POSITIVE_LENGTH_MEASURE(2.E-2),#28);
#3051=PRESENTATION_STYLE_ASSIGNMENT((#3050));
#3052=STYLED_ITEM('',(#3051),#3049);
#3053=DIRECTION('',(0.E0,0.E0,1.E0));
#3054=VECTOR('',#3053,1.E-1);
#3055=CARTESIAN_POINT('',(9.75E-1,2.E-1,-2.E0));
#3056=LINE('',#3055,#3054);
#3057=CURVE_STYLE('',#35,POSITIVE_LENGTH_MEASURE(2.E-2),#28);
#3058=PRESENTATION_STYLE_ASSIGNMENT((#3057));
#3059=STYLED_ITEM('',(#3058),#3056);
#3060=CARTESIAN_POINT('',(9.75E-1,1.E-1,-2.E0));
#3061=CARTESIAN_POINT('',(1.3E0,1.E-1,-2.E0));
#3062=VERTEX_POINT('',#3060);
#3063=VERTEX_POINT('',#3061);
#3064=CARTESIAN_POINT('',(9.75E-1,2.E-1,-2.E0));
#3065=CARTESIAN_POINT('',(1.3E0,2.E-1,-2.E0));
#3066=VERTEX_POINT('',#3064);
#3067=VERTEX_POINT('',#3065);
#3068=CARTESIAN_POINT('',(9.75E-1,1.E-1,-1.9E0));
#3069=CARTESIAN_POINT('',(1.3E0,1.E-1,-1.9E0));
#3070=VERTEX_POINT('',#3068);
#3071=VERTEX_POINT('',#3069);
#3072=CARTESIAN_POINT('',(9.75E-1,2.E-1,-1.9E0));
#3073=CARTESIAN_POINT('',(1.3E0,2.E-1,-1.9E0));
#3074=VERTEX_POINT('',#3072);
#3075=VERTEX_POINT('',#3073);
#3076=CARTESIAN_POINT('',(0.E0,1.E-1,0.E0));
#3077=DIRECTION('',(0.E0,1.E0,0.E0));
#3078=DIRECTION('',(1.E0,0.E0,0.E0));
#3079=AXIS2_PLACEMENT_3D('',#3076,#3077,#3078);
#3080=PLANE('',#3079);
#3082=ORIENTED_EDGE('',*,*,#3081,.F.);
#3084=ORIENTED_EDGE('',*,*,#3083,.T.);
#3086=ORIENTED_EDGE('',*,*,#3085,.T.);
#3088=ORIENTED_EDGE('',*,*,#3087,.T.);
#3089=EDGE_LOOP('',(#3082,#3084,#3086,#3088));
#3090=FACE_OUTER_BOUND('',#3089,.F.);
#3091=ADVANCED_FACE('',(#3090),#3080,.F.);
#3092=CARTESIAN_POINT('',(-2.E0,0.E0,-2.E0));
#3093=DIRECTION('',(0.E0,0.E0,1.E0));
#3094=DIRECTION('',(1.E0,0.E0,0.E0));
#3095=AXIS2_PLACEMENT_3D('',#3092,#3093,#3094);
#3096=PLANE('',#3095);
#3097=ORIENTED_EDGE('',*,*,#3081,.T.);
#3099=ORIENTED_EDGE('',*,*,#3098,.T.);
#3101=ORIENTED_EDGE('',*,*,#3100,.F.);
#3103=ORIENTED_EDGE('',*,*,#3102,.F.);
#3104=EDGE_LOOP('',(#3097,#3099,#3101,#3103));
#3105=FACE_OUTER_BOUND('',#3104,.F.);
#3106=ADVANCED_FACE('',(#3105),#3096,.F.);
#3107=FILL_AREA_STYLE_COLOUR('',#29);
#3108=FILL_AREA_STYLE('',(#3107));
#3109=SURFACE_STYLE_FILL_AREA(#3108);
#3110=SURFACE_SIDE_STYLE('',(#3109));
#3111=SURFACE_STYLE_USAGE(.POSITIVE.,#3110);
#3112=PRESENTATION_STYLE_ASSIGNMENT((#3111));
#3113=OVER_RIDING_STYLED_ITEM('',(#3112),#3106,#2975);
#3114=CARTESIAN_POINT('',(1.3E0,1.E-1,-1.9E0));
#3115=DIRECTION('',(1.E0,0.E0,0.E0));
#3116=DIRECTION('',(0.E0,0.E0,-1.E0));
#3117=AXIS2_PLACEMENT_3D('',#3114,#3115,#3116);
#3118=PLANE('',#3117);
#3119=ORIENTED_EDGE('',*,*,#3098,.F.);
#3120=ORIENTED_EDGE('',*,*,#3087,.F.);
#3122=ORIENTED_EDGE('',*,*,#3121,.T.);
#3124=ORIENTED_EDGE('',*,*,#3123,.T.);
#3125=EDGE_LOOP('',(#3119,#3120,#3122,#3124));
#3126=FACE_OUTER_BOUND('',#3125,.F.);
#3127=ADVANCED_FACE('',(#3126),#3118,.T.);
#3128=CARTESIAN_POINT('',(9.75E-1,1.E-1,-1.9E0));
#3129=DIRECTION('',(0.E0,0.E0,1.E0));
#3130=DIRECTION('',(1.E0,0.E0,0.E0));
#3131=AXIS2_PLACEMENT_3D('',#3128,#3129,#3130);
#3132=PLANE('',#3131);
#3133=ORIENTED_EDGE('',*,*,#3085,.F.);
#3135=ORIENTED_EDGE('',*,*,#3134,.T.);
#3137=ORIENTED_EDGE('',*,*,#3136,.T.);
#3138=ORIENTED_EDGE('',*,*,#3121,.F.);
#3139=EDGE_LOOP('',(#3133,#3135,#3137,#3138));
#3140=FACE_OUTER_BOUND('',#3139,.F.);
#3141=ADVANCED_FACE('',(#3140),#3132,.T.);
#3142=CARTESIAN_POINT('',(9.75E-1,1.E-1,-2.1E0));
#3143=DIRECTION('',(-1.E0,0.E0,0.E0));
#3144=DIRECTION('',(0.E0,0.E0,1.E0));
#3145=AXIS2_PLACEMENT_3D('',#3142,#3143,#3144);
#3146=PLANE('',#3145);
#3147=ORIENTED_EDGE('',*,*,#3102,.T.);
#3149=ORIENTED_EDGE('',*,*,#3148,.T.);
#3150=ORIENTED_EDGE('',*,*,#3134,.F.);
#3151=ORIENTED_EDGE('',*,*,#3083,.F.);
#3152=EDGE_LOOP('',(#3147,#3149,#3150,#3151));
#3153=FACE_OUTER_BOUND('',#3152,.F.);
#3154=ADVANCED_FACE('',(#3153),#3146,.T.);
#3155=CARTESIAN_POINT('',(0.E0,2.E-1,0.E0));
#3156=DIRECTION('',(0.E0,1.E0,0.E0));
#3157=DIRECTION('',(1.E0,0.E0,0.E0));
#3158=AXIS2_PLACEMENT_3D('',#3155,#3156,#3157);
#3159=PLANE('',#3158);
#3160=ORIENTED_EDGE('',*,*,#3100,.T.);
#3161=ORIENTED_EDGE('',*,*,#3123,.F.);
#3162=ORIENTED_EDGE('',*,*,#3136,.F.);
#3163=ORIENTED_EDGE('',*,*,#3148,.F.);
#3164=EDGE_LOOP('',(#3160,#3161,#3162,#3163));
#3165=FACE_OUTER_BOUND('',#3164,.F.);
#3166=ADVANCED_FACE('',(#3165),#3159,.T.);
#3167=CLOSED_SHELL('',(#3091,#3106,#3127,#3141,#3154,#3166));
#3168=MANIFOLD_SOLID_BREP('',#3167);
#3169=FILL_AREA_STYLE_COLOUR('',#28);
#3170=FILL_AREA_STYLE('',(#3169));
#3171=SURFACE_STYLE_FILL_AREA(#3170);
#3172=SURFACE_SIDE_STYLE('',(#3171));
#3173=SURFACE_STYLE_USAGE(.POSITIVE.,#3172);
#3174=PRESENTATION_STYLE_ASSIGNMENT((#3173));
#2975=STYLED_ITEM('',(#3174),#3168);
#3176=DIRECTION('',(-1.E0,0.E0,0.E0));
#3177=VECTOR('',#3176,3.25E-1);
#3178=CARTESIAN_POINT('',(1.3E0,1.E-1,2.E0));
#3179=LINE('',#3178,#3177);
#3180=CURVE_STYLE('',#35,POSITIVE_LENGTH_MEASURE(2.E-2),#28);
#3181=PRESENTATION_STYLE_ASSIGNMENT((#3180));
#3182=STYLED_ITEM('',(#3181),#3179);
#3183=DIRECTION('',(0.E0,0.E0,-1.E0));
#3184=VECTOR('',#3183,1.E-1);
#3185=CARTESIAN_POINT('',(1.3E0,1.E-1,2.E0));
#3186=LINE('',#3185,#3184);
#3187=CURVE_STYLE('',#35,POSITIVE_LENGTH_MEASURE(2.E-2),#28);
#3188=PRESENTATION_STYLE_ASSIGNMENT((#3187));
#3189=STYLED_ITEM('',(#3188),#3186);
#3190=DIRECTION('',(-1.E0,0.E0,0.E0));
#3191=VECTOR('',#3190,3.25E-1);
#3192=CARTESIAN_POINT('',(1.3E0,1.E-1,1.9E0));
#3193=LINE('',#3192,#3191);
#3194=CURVE_STYLE('',#35,POSITIVE_LENGTH_MEASURE(2.E-2),#28);
#3195=PRESENTATION_STYLE_ASSIGNMENT((#3194));
#3196=STYLED_ITEM('',(#3195),#3193);
#3197=DIRECTION('',(0.E0,0.E0,1.E0));
#3198=VECTOR('',#3197,1.E-1);
#3199=CARTESIAN_POINT('',(9.75E-1,1.E-1,1.9E0));
#3200=LINE('',#3199,#3198);
#3201=CURVE_STYLE('',#35,POSITIVE_LENGTH_MEASURE(2.E-2),#28);
#3202=PRESENTATION_STYLE_ASSIGNMENT((#3201));
#3203=STYLED_ITEM('',(#3202),#3200);
#3204=DIRECTION('',(0.E0,1.E0,0.E0));
#3205=VECTOR('',#3204,1.E-1);
#3206=CARTESIAN_POINT('',(9.75E-1,1.E-1,2.E0));
#3207=LINE('',#3206,#3205);
#3208=CURVE_STYLE('',#35,POSITIVE_LENGTH_MEASURE(2.E-2),#28);
#3209=PRESENTATION_STYLE_ASSIGNMENT((#3208));
#3210=STYLED_ITEM('',(#3209),#3207);
#3211=DIRECTION('',(0.E0,1.E0,0.E0));
#3212=VECTOR('',#3211,1.E-1);
#3213=CARTESIAN_POINT('',(9.75E-1,1.E-1,1.9E0));
#3214=LINE('',#3213,#3212);
#3215=CURVE_STYLE('',#35,POSITIVE_LENGTH_MEASURE(2.E-2),#28);
#3216=PRESENTATION_STYLE_ASSIGNMENT((#3215));
#3217=STYLED_ITEM('',(#3216),#3214);
#3218=DIRECTION('',(0.E0,1.E0,0.E0));
#3219=VECTOR('',#3218,1.E-1);
#3220=CARTESIAN_POINT('',(1.3E0,1.E-1,1.9E0));
#3221=LINE('',#3220,#3219);
#3222=CURVE_STYLE('',#35,POSITIVE_LENGTH_MEASURE(2.E-2),#28);
#3223=PRESENTATION_STYLE_ASSIGNMENT((#3222));
#3224=STYLED_ITEM('',(#3223),#3221);
#3225=DIRECTION('',(0.E0,1.E0,0.E0));
#3226=VECTOR('',#3225,1.E-1);
#3227=CARTESIAN_POINT('',(1.3E0,1.E-1,2.E0));
#3228=LINE('',#3227,#3226);
#3229=CURVE_STYLE('',#35,POSITIVE_LENGTH_MEASURE(2.E-2),#28);
#3230=PRESENTATION_STYLE_ASSIGNMENT((#3229));
#3231=STYLED_ITEM('',(#3230),#3228);
#3232=DIRECTION('',(-1.E0,0.E0,0.E0));
#3233=VECTOR('',#3232,3.25E-1);
#3234=CARTESIAN_POINT('',(1.3E0,2.E-1,2.E0));
#3235=LINE('',#3234,#3233);
#3236=CURVE_STYLE('',#35,POSITIVE_LENGTH_MEASURE(2.E-2),#28);
#3237=PRESENTATION_STYLE_ASSIGNMENT((#3236));
#3238=STYLED_ITEM('',(#3237),#3235);
#3239=DIRECTION('',(0.E0,0.E0,1.E0));
#3240=VECTOR('',#3239,1.E-1);
#3241=CARTESIAN_POINT('',(9.75E-1,2.E-1,1.9E0));
#3242=LINE('',#3241,#3240);
#3243=CURVE_STYLE('',#35,POSITIVE_LENGTH_MEASURE(2.E-2),#28);
#3244=PRESENTATION_STYLE_ASSIGNMENT((#3243));
#3245=STYLED_ITEM('',(#3244),#3242);
#3246=DIRECTION('',(-1.E0,0.E0,0.E0));
#3247=VECTOR('',#3246,3.25E-1);
#3248=CARTESIAN_POINT('',(1.3E0,2.E-1,1.9E0));
#3249=LINE('',#3248,#3247);
#3250=CURVE_STYLE('',#35,POSITIVE_LENGTH_MEASURE(2.E-2),#28);
#3251=PRESENTATION_STYLE_ASSIGNMENT((#3250));
#3252=STYLED_ITEM('',(#3251),#3249);
#3253=DIRECTION('',(0.E0,0.E0,-1.E0));
#3254=VECTOR('',#3253,1.E-1);
#3255=CARTESIAN_POINT('',(1.3E0,2.E-1,2.E0));
#3256=LINE('',#3255,#3254);
#3257=CURVE_STYLE('',#35,POSITIVE_LENGTH_MEASURE(2.E-2),#28);
#3258=PRESENTATION_STYLE_ASSIGNMENT((#3257));
#3259=STYLED_ITEM('',(#3258),#3256);
#3260=CARTESIAN_POINT('',(1.3E0,1.E-1,2.E0));
#3261=CARTESIAN_POINT('',(9.75E-1,1.E-1,2.E0));
#3262=VERTEX_POINT('',#3260);
#3263=VERTEX_POINT('',#3261);
#3264=CARTESIAN_POINT('',(1.3E0,2.E-1,2.E0));
#3265=CARTESIAN_POINT('',(9.75E-1,2.E-1,2.E0));
#3266=VERTEX_POINT('',#3264);
#3267=VERTEX_POINT('',#3265);
#3268=CARTESIAN_POINT('',(1.3E0,1.E-1,1.9E0));
#3269=CARTESIAN_POINT('',(9.75E-1,1.E-1,1.9E0));
#3270=VERTEX_POINT('',#3268);
#3271=VERTEX_POINT('',#3269);
#3272=CARTESIAN_POINT('',(1.3E0,2.E-1,1.9E0));
#3273=CARTESIAN_POINT('',(9.75E-1,2.E-1,1.9E0));
#3274=VERTEX_POINT('',#3272);
#3275=VERTEX_POINT('',#3273);
#3276=CARTESIAN_POINT('',(0.E0,1.E-1,0.E0));
#3277=DIRECTION('',(0.E0,1.E0,0.E0));
#3278=DIRECTION('',(1.E0,0.E0,0.E0));
#3279=AXIS2_PLACEMENT_3D('',#3276,#3277,#3278);
#3280=PLANE('',#3279);
#3282=ORIENTED_EDGE('',*,*,#3281,.F.);
#3284=ORIENTED_EDGE('',*,*,#3283,.T.);
#3286=ORIENTED_EDGE('',*,*,#3285,.T.);
#3288=ORIENTED_EDGE('',*,*,#3287,.T.);
#3289=EDGE_LOOP('',(#3282,#3284,#3286,#3288));
#3290=FACE_OUTER_BOUND('',#3289,.F.);
#3291=ADVANCED_FACE('',(#3290),#3280,.F.);
#3292=CARTESIAN_POINT('',(2.E0,0.E0,2.E0));
#3293=DIRECTION('',(0.E0,0.E0,-1.E0));
#3294=DIRECTION('',(-1.E0,0.E0,0.E0));
#3295=AXIS2_PLACEMENT_3D('',#3292,#3293,#3294);
#3296=PLANE('',#3295);
#3297=ORIENTED_EDGE('',*,*,#3281,.T.);
#3299=ORIENTED_EDGE('',*,*,#3298,.T.);
#3301=ORIENTED_EDGE('',*,*,#3300,.F.);
#3303=ORIENTED_EDGE('',*,*,#3302,.F.);
#3304=EDGE_LOOP('',(#3297,#3299,#3301,#3303));
#3305=FACE_OUTER_BOUND('',#3304,.F.);
#3306=ADVANCED_FACE('',(#3305),#3296,.F.);
#3307=FILL_AREA_STYLE_COLOUR('',#29);
#3308=FILL_AREA_STYLE('',(#3307));
#3309=SURFACE_STYLE_FILL_AREA(#3308);
#3310=SURFACE_SIDE_STYLE('',(#3309));
#3311=SURFACE_STYLE_USAGE(.POSITIVE.,#3310);
#3312=PRESENTATION_STYLE_ASSIGNMENT((#3311));
#3313=OVER_RIDING_STYLED_ITEM('',(#3312),#3306,#3175);
#3314=CARTESIAN_POINT('',(9.75E-1,1.E-1,1.9E0));
#3315=DIRECTION('',(-1.E0,0.E0,0.E0));
#3316=DIRECTION('',(0.E0,0.E0,1.E0));
#3317=AXIS2_PLACEMENT_3D('',#3314,#3315,#3316);
#3318=PLANE('',#3317);
#3319=ORIENTED_EDGE('',*,*,#3298,.F.);
#3320=ORIENTED_EDGE('',*,*,#3287,.F.);
#3322=ORIENTED_EDGE('',*,*,#3321,.T.);
#3324=ORIENTED_EDGE('',*,*,#3323,.T.);
#3325=EDGE_LOOP('',(#3319,#3320,#3322,#3324));
#3326=FACE_OUTER_BOUND('',#3325,.F.);
#3327=ADVANCED_FACE('',(#3326),#3318,.T.);
#3328=CARTESIAN_POINT('',(1.3E0,1.E-1,1.9E0));
#3329=DIRECTION('',(0.E0,0.E0,-1.E0));
#3330=DIRECTION('',(-1.E0,0.E0,0.E0));
#3331=AXIS2_PLACEMENT_3D('',#3328,#3329,#3330);
#3332=PLANE('',#3331);
#3333=ORIENTED_EDGE('',*,*,#3285,.F.);
#3335=ORIENTED_EDGE('',*,*,#3334,.T.);
#3337=ORIENTED_EDGE('',*,*,#3336,.T.);
#3338=ORIENTED_EDGE('',*,*,#3321,.F.);
#3339=EDGE_LOOP('',(#3333,#3335,#3337,#3338));
#3340=FACE_OUTER_BOUND('',#3339,.F.);
#3341=ADVANCED_FACE('',(#3340),#3332,.T.);
#3342=CARTESIAN_POINT('',(1.3E0,1.E-1,2.1E0));
#3343=DIRECTION('',(1.E0,0.E0,0.E0));
#3344=DIRECTION('',(0.E0,0.E0,-1.E0));
#3345=AXIS2_PLACEMENT_3D('',#3342,#3343,#3344);
#3346=PLANE('',#3345);
#3347=ORIENTED_EDGE('',*,*,#3302,.T.);
#3349=ORIENTED_EDGE('',*,*,#3348,.T.);
#3350=ORIENTED_EDGE('',*,*,#3334,.F.);
#3351=ORIENTED_EDGE('',*,*,#3283,.F.);
#3352=EDGE_LOOP('',(#3347,#3349,#3350,#3351));
#3353=FACE_OUTER_BOUND('',#3352,.F.);
#3354=ADVANCED_FACE('',(#3353),#3346,.T.);
#3355=CARTESIAN_POINT('',(0.E0,2.E-1,0.E0));
#3356=DIRECTION('',(0.E0,1.E0,0.E0));
#3357=DIRECTION('',(1.E0,0.E0,0.E0));
#3358=AXIS2_PLACEMENT_3D('',#3355,#3356,#3357);
#3359=PLANE('',#3358);
#3360=ORIENTED_EDGE('',*,*,#3300,.T.);
#3361=ORIENTED_EDGE('',*,*,#3323,.F.);
#3362=ORIENTED_EDGE('',*,*,#3336,.F.);
#3363=ORIENTED_EDGE('',*,*,#3348,.F.);
#3364=EDGE_LOOP('',(#3360,#3361,#3362,#3363));
#3365=FACE_OUTER_BOUND('',#3364,.F.);
#3366=ADVANCED_FACE('',(#3365),#3359,.T.);
#3367=CLOSED_SHELL('',(#3291,#3306,#3327,#3341,#3354,#3366));
#3368=MANIFOLD_SOLID_BREP('',#3367);
#3369=FILL_AREA_STYLE_COLOUR('',#28);
#3370=FILL_AREA_STYLE('',(#3369));
#3371=SURFACE_STYLE_FILL_AREA(#3370);
#3372=SURFACE_SIDE_STYLE('',(#3371));
#3373=SURFACE_STYLE_USAGE(.POSITIVE.,#3372);
#3374=PRESENTATION_STYLE_ASSIGNMENT((#3373));
#3175=STYLED_ITEM('',(#3374),#3368);
#3376=DIMENSIONAL_EXPONENTS(0.E0,0.E0,0.E0,0.E0,0.E0,0.E0,0.E0);
#3378=PLANE_ANGLE_MEASURE_WITH_UNIT(PLANE_ANGLE_MEASURE(1.745329251994E-2),
#3377);
#3379=(CONVERSION_BASED_UNIT('DEGREE',#3378)NAMED_UNIT(*)PLANE_ANGLE_UNIT());
#3381=UNCERTAINTY_MEASURE_WITH_UNIT(LENGTH_MEASURE(2.476177275298E-4),#3375,
'closure',
'Maximum model space distance between geometric entities at asserted connectivities');
#3382=(GEOMETRIC_REPRESENTATION_CONTEXT(3)GLOBAL_UNCERTAINTY_ASSIGNED_CONTEXT((
#3381))GLOBAL_UNIT_ASSIGNED_CONTEXT((#3375,#3379,#3380))REPRESENTATION_CONTEXT(
'ID1','3'));
#3383=CARTESIAN_POINT('',(0.E0,0.E0,0.E0));
#3384=DIRECTION('',(0.E0,0.E0,1.E0));
#3385=DIRECTION('',(1.E0,0.E0,0.E0));
#3388=APPLICATION_CONTEXT(
'CONFIGURATION CONTROLLED 3D DESIGNS OF MECHANICAL PARTS AND ASSEMBLIES');
#3389=APPLICATION_PROTOCOL_DEFINITION('international standard',
'config_control_design',1994,#3388);
#3390=DESIGN_CONTEXT('',#3388,'design');
#3391=MECHANICAL_CONTEXT('',#3388,'mechanical');
#3392=PRODUCT('FRAME','FRAME','NOT SPECIFIED',(#3391));
#3393=PRODUCT_DEFINITION_FORMATION_WITH_SPECIFIED_SOURCE('35','LAST_VERSION',
#3392,.MADE.);
#3402=CARTESIAN_POINT('',(0.E0,0.E0,0.E0));
#3403=DIRECTION('',(0.E0,-1.E0,0.E0));
#3404=DIRECTION('',(1.E0,0.E0,0.E0));
#3405=AXIS2_PLACEMENT_3D('',#3402,#3403,#3404);
#3406=ITEM_DEFINED_TRANSFORMATION('','',#3386,#3405);
#3407=(REPRESENTATION_RELATIONSHIP('','',#3387,#3399)REPRESENTATION_RELATIONSHIP_WITH_TRANSFORMATION(#3406)SHAPE_REPRESENTATION_RELATIONSHIP());
#3408=CONTEXT_DEPENDENT_SHAPE_REPRESENTATION(#3407,#3401);
#3411=DIRECTION('',(1.E0,0.E0,0.E0));
#3412=VECTOR('',#3411,4.99E-1);
#3413=CARTESIAN_POINT('',(-2.E0,0.E0,-1.05E0));
#3414=LINE('',#3413,#3412);
#3415=CURVE_STYLE('',#35,POSITIVE_LENGTH_MEASURE(2.E-2),#3);
#3416=PRESENTATION_STYLE_ASSIGNMENT((#3415));
#3417=STYLED_ITEM('',(#3416),#3414);
#3418=DIRECTION('',(0.E0,0.E0,1.E0));
#3419=VECTOR('',#3418,5.E-1);
#3420=CARTESIAN_POINT('',(-2.E0,0.E0,-1.05E0));
#3421=LINE('',#3420,#3419);
#3422=CURVE_STYLE('',#35,POSITIVE_LENGTH_MEASURE(2.E-2),#3);
#3423=PRESENTATION_STYLE_ASSIGNMENT((#3422));
#3424=STYLED_ITEM('',(#3423),#3421);
#3425=DIRECTION('',(1.E0,0.E0,0.E0));
#3426=VECTOR('',#3425,4.99E-1);
#3427=CARTESIAN_POINT('',(-2.E0,0.E0,-5.5E-1));
#3428=LINE('',#3427,#3426);
#3429=CURVE_STYLE('',#35,POSITIVE_LENGTH_MEASURE(2.E-2),#3);
#3430=PRESENTATION_STYLE_ASSIGNMENT((#3429));
#3431=STYLED_ITEM('',(#3430),#3428);
#3432=CARTESIAN_POINT('',(-1.501E0,0.E0,-5.49E-1));
#3433=DIRECTION('',(0.E0,1.E0,0.E0));
#3434=DIRECTION('',(1.E0,0.E0,0.E0));
#3435=AXIS2_PLACEMENT_3D('',#3432,#3433,#3434);
#3437=CURVE_STYLE('',#35,POSITIVE_LENGTH_MEASURE(2.E-2),#3);
#3438=PRESENTATION_STYLE_ASSIGNMENT((#3437));
#3439=STYLED_ITEM('',(#3438),#3436);
#3440=DIRECTION('',(0.E0,0.E0,-1.E0));
#3441=VECTOR('',#3440,2.98E-1);
#3442=CARTESIAN_POINT('',(-1.5E0,0.E0,-2.51E-1));
#3443=LINE('',#3442,#3441);
#3444=CURVE_STYLE('',#35,POSITIVE_LENGTH_MEASURE(2.E-2),#3);
#3445=PRESENTATION_STYLE_ASSIGNMENT((#3444));
#3446=STYLED_ITEM('',(#3445),#3443);
#3447=CARTESIAN_POINT('',(-1.501E0,0.E0,-2.51E-1));
#3448=DIRECTION('',(0.E0,1.E0,0.E0));
#3449=DIRECTION('',(2.220446049250E-13,0.E0,1.E0));
#3450=AXIS2_PLACEMENT_3D('',#3447,#3448,#3449);
#3452=CURVE_STYLE('',#35,POSITIVE_LENGTH_MEASURE(2.E-2),#3);
#3453=PRESENTATION_STYLE_ASSIGNMENT((#3452));
#3454=STYLED_ITEM('',(#3453),#3451);
#3455=DIRECTION('',(1.E0,0.E0,0.E0));
#3456=VECTOR('',#3455,4.99E-1);
#3457=CARTESIAN_POINT('',(-2.E0,0.E0,-2.5E-1));
#3458=LINE('',#3457,#3456);
#3459=CURVE_STYLE('',#35,POSITIVE_LENGTH_MEASURE(2.E-2),#3);
#3460=PRESENTATION_STYLE_ASSIGNMENT((#3459));
#3461=STYLED_ITEM('',(#3460),#3458);
#3462=DIRECTION('',(0.E0,0.E0,1.E0));
#3463=VECTOR('',#3462,5.E-1);
#3464=CARTESIAN_POINT('',(-2.E0,0.E0,-2.5E-1));
#3465=LINE('',#3464,#3463);
#3466=CURVE_STYLE('',#35,POSITIVE_LENGTH_MEASURE(2.E-2),#3);
#3467=PRESENTATION_STYLE_ASSIGNMENT((#3466));
#3468=STYLED_ITEM('',(#3467),#3465);
#3469=DIRECTION('',(1.E0,0.E0,0.E0));
#3470=VECTOR('',#3469,4.99E-1);
#3471=CARTESIAN_POINT('',(-2.E0,0.E0,2.5E-1));
#3472=LINE('',#3471,#3470);
#3473=CURVE_STYLE('',#35,POSITIVE_LENGTH_MEASURE(2.E-2),#3);
#3474=PRESENTATION_STYLE_ASSIGNMENT((#3473));
#3475=STYLED_ITEM('',(#3474),#3472);
#3476=CARTESIAN_POINT('',(-1.501E0,0.E0,2.51E-1));
#3477=DIRECTION('',(0.E0,1.E0,0.E0));
#3478=DIRECTION('',(1.E0,0.E0,0.E0));
#3479=AXIS2_PLACEMENT_3D('',#3476,#3477,#3478);
#3481=CURVE_STYLE('',#35,POSITIVE_LENGTH_MEASURE(2.E-2),#3);
#3482=PRESENTATION_STYLE_ASSIGNMENT((#3481));
#3483=STYLED_ITEM('',(#3482),#3480);
#3484=DIRECTION('',(0.E0,0.E0,-1.E0));
#3485=VECTOR('',#3484,2.98E-1);
#3486=CARTESIAN_POINT('',(-1.5E0,0.E0,5.49E-1));
#3487=LINE('',#3486,#3485);
#3488=CURVE_STYLE('',#35,POSITIVE_LENGTH_MEASURE(2.E-2),#3);
#3489=PRESENTATION_STYLE_ASSIGNMENT((#3488));
#3490=STYLED_ITEM('',(#3489),#3487);
#3491=CARTESIAN_POINT('',(-1.501E0,0.E0,5.49E-1));
#3492=DIRECTION('',(0.E0,1.E0,0.E0));
#3493=DIRECTION('',(4.440892098501E-13,0.E0,1.E0));
#3494=AXIS2_PLACEMENT_3D('',#3491,#3492,#3493);
#3496=CURVE_STYLE('',#35,POSITIVE_LENGTH_MEASURE(2.E-2),#3);
#3497=PRESENTATION_STYLE_ASSIGNMENT((#3496));
#3498=STYLED_ITEM('',(#3497),#3495);
#3499=DIRECTION('',(1.E0,0.E0,0.E0));
#3500=VECTOR('',#3499,4.99E-1);
#3501=CARTESIAN_POINT('',(-2.E0,0.E0,5.5E-1));
#3502=LINE('',#3501,#3500);
#3503=CURVE_STYLE('',#35,POSITIVE_LENGTH_MEASURE(2.E-2),#3);
#3504=PRESENTATION_STYLE_ASSIGNMENT((#3503));
#3505=STYLED_ITEM('',(#3504),#3502);
#3506=DIRECTION('',(0.E0,0.E0,1.E0));
#3507=VECTOR('',#3506,5.E-1);
#3508=CARTESIAN_POINT('',(-2.E0,0.E0,5.5E-1));
#3509=LINE('',#3508,#3507);
#3510=CURVE_STYLE('',#35,POSITIVE_LENGTH_MEASURE(2.E-2),#3);
#3511=PRESENTATION_STYLE_ASSIGNMENT((#3510));
#3512=STYLED_ITEM('',(#3511),#3509);
#3513=DIRECTION('',(1.E0,0.E0,0.E0));
#3514=VECTOR('',#3513,4.99E-1);
#3515=CARTESIAN_POINT('',(-2.E0,0.E0,1.05E0));
#3516=LINE('',#3515,#3514);
#3517=CURVE_STYLE('',#35,POSITIVE_LENGTH_MEASURE(2.E-2),#3);
#3518=PRESENTATION_STYLE_ASSIGNMENT((#3517));
#3519=STYLED_ITEM('',(#3518),#3516);
#3520=CARTESIAN_POINT('',(-1.501E0,0.E0,1.051E0));
#3521=DIRECTION('',(0.E0,1.E0,0.E0));
#3522=DIRECTION('',(1.E0,0.E0,0.E0));
#3523=AXIS2_PLACEMENT_3D('',#3520,#3521,#3522);
#3525=CURVE_STYLE('',#35,POSITIVE_LENGTH_MEASURE(2.E-2),#3);
#3526=PRESENTATION_STYLE_ASSIGNMENT((#3525));
#3527=STYLED_ITEM('',(#3526),#3524);
#3528=DIRECTION('',(0.E0,0.E0,-1.E0));
#3529=VECTOR('',#3528,2.98E-1);
#3530=CARTESIAN_POINT('',(-1.5E0,0.E0,1.349E0));
#3531=LINE('',#3530,#3529);
#3532=CURVE_STYLE('',#35,POSITIVE_LENGTH_MEASURE(2.E-2),#3);
#3533=PRESENTATION_STYLE_ASSIGNMENT((#3532));
#3534=STYLED_ITEM('',(#3533),#3531);
#3535=CARTESIAN_POINT('',(-1.501E0,0.E0,1.349E0));
#3536=DIRECTION('',(0.E0,1.E0,0.E0));
#3537=DIRECTION('',(0.E0,0.E0,1.E0));
#3538=AXIS2_PLACEMENT_3D('',#3535,#3536,#3537);
#3540=CURVE_STYLE('',#35,POSITIVE_LENGTH_MEASURE(2.E-2),#3);
#3541=PRESENTATION_STYLE_ASSIGNMENT((#3540));
#3542=STYLED_ITEM('',(#3541),#3539);
#3543=DIRECTION('',(1.E0,0.E0,0.E0));
#3544=VECTOR('',#3543,4.99E-1);
#3545=CARTESIAN_POINT('',(-2.E0,0.E0,1.35E0));
#3546=LINE('',#3545,#3544);
#3547=CURVE_STYLE('',#35,POSITIVE_LENGTH_MEASURE(2.E-2),#3);
#3548=PRESENTATION_STYLE_ASSIGNMENT((#3547));
#3549=STYLED_ITEM('',(#3548),#3546);
#3550=DIRECTION('',(0.E0,0.E0,1.E0));
#3551=VECTOR('',#3550,6.5E-1);
#3552=CARTESIAN_POINT('',(-2.E0,0.E0,1.35E0));
#3553=LINE('',#3552,#3551);
#3554=CURVE_STYLE('',#35,POSITIVE_LENGTH_MEASURE(2.E-2),#3);
#3555=PRESENTATION_STYLE_ASSIGNMENT((#3554));
#3556=STYLED_ITEM('',(#3555),#3553);
#3557=DIRECTION('',(1.E0,0.E0,0.E0));
#3558=VECTOR('',#3557,4.E0);
#3559=CARTESIAN_POINT('',(-2.E0,0.E0,2.E0));
#3560=LINE('',#3559,#3558);
#3561=CURVE_STYLE('',#35,POSITIVE_LENGTH_MEASURE(2.E-2),#3);
#3562=PRESENTATION_STYLE_ASSIGNMENT((#3561));
#3563=STYLED_ITEM('',(#3562),#3560);
#3564=DIRECTION('',(0.E0,0.E0,-1.E0));
#3565=VECTOR('',#3564,6.5E-1);
#3566=CARTESIAN_POINT('',(2.E0,0.E0,2.E0));
#3567=LINE('',#3566,#3565);
#3568=CURVE_STYLE('',#35,POSITIVE_LENGTH_MEASURE(2.E-2),#3);
#3569=PRESENTATION_STYLE_ASSIGNMENT((#3568));
#3570=STYLED_ITEM('',(#3569),#3567);
#3571=DIRECTION('',(-1.E0,0.E0,0.E0));
#3572=VECTOR('',#3571,4.99E-1);
#3573=CARTESIAN_POINT('',(2.E0,0.E0,1.35E0));
#3574=LINE('',#3573,#3572);
#3575=CURVE_STYLE('',#35,POSITIVE_LENGTH_MEASURE(2.E-2),#3);
#3576=PRESENTATION_STYLE_ASSIGNMENT((#3575));
#3577=STYLED_ITEM('',(#3576),#3574);
#3578=CARTESIAN_POINT('',(1.501E0,0.E0,1.349E0));
#3579=DIRECTION('',(0.E0,-1.E0,0.E0));
#3580=DIRECTION('',(0.E0,0.E0,1.E0));
#3581=AXIS2_PLACEMENT_3D('',#3578,#3579,#3580);
#3583=CURVE_STYLE('',#35,POSITIVE_LENGTH_MEASURE(2.E-2),#3);
#3584=PRESENTATION_STYLE_ASSIGNMENT((#3583));
#3585=STYLED_ITEM('',(#3584),#3582);
#3586=DIRECTION('',(0.E0,0.E0,-1.E0));
#3587=VECTOR('',#3586,2.98E-1);
#3588=CARTESIAN_POINT('',(1.5E0,0.E0,1.349E0));
#3589=LINE('',#3588,#3587);
#3590=CURVE_STYLE('',#35,POSITIVE_LENGTH_MEASURE(2.E-2),#3);
#3591=PRESENTATION_STYLE_ASSIGNMENT((#3590));
#3592=STYLED_ITEM('',(#3591),#3589);
#3593=CARTESIAN_POINT('',(1.501E0,0.E0,1.051E0));
#3594=DIRECTION('',(0.E0,-1.E0,0.E0));
#3595=DIRECTION('',(-1.E0,0.E0,0.E0));
#3596=AXIS2_PLACEMENT_3D('',#3593,#3594,#3595);
#3598=CURVE_STYLE('',#35,POSITIVE_LENGTH_MEASURE(2.E-2),#3);
#3599=PRESENTATION_STYLE_ASSIGNMENT((#3598));
#3600=STYLED_ITEM('',(#3599),#3597);
#3601=DIRECTION('',(-1.E0,0.E0,0.E0));
#3602=VECTOR('',#3601,4.99E-1);
#3603=CARTESIAN_POINT('',(2.E0,0.E0,1.05E0));
#3604=LINE('',#3603,#3602);
#3605=CURVE_STYLE('',#35,POSITIVE_LENGTH_MEASURE(2.E-2),#3);
#3606=PRESENTATION_STYLE_ASSIGNMENT((#3605));
#3607=STYLED_ITEM('',(#3606),#3604);
#3608=DIRECTION('',(0.E0,0.E0,-1.E0));
#3609=VECTOR('',#3608,5.E-1);
#3610=CARTESIAN_POINT('',(2.E0,0.E0,1.05E0));
#3611=LINE('',#3610,#3609);
#3612=CURVE_STYLE('',#35,POSITIVE_LENGTH_MEASURE(2.E-2),#3);
#3613=PRESENTATION_STYLE_ASSIGNMENT((#3612));
#3614=STYLED_ITEM('',(#3613),#3611);
#3615=DIRECTION('',(-1.E0,0.E0,0.E0));
#3616=VECTOR('',#3615,4.99E-1);
#3617=CARTESIAN_POINT('',(2.E0,0.E0,5.5E-1));
#3618=LINE('',#3617,#3616);
#3619=CURVE_STYLE('',#35,POSITIVE_LENGTH_MEASURE(2.E-2),#3);
#3620=PRESENTATION_STYLE_ASSIGNMENT((#3619));
#3621=STYLED_ITEM('',(#3620),#3618);
#3622=CARTESIAN_POINT('',(1.501E0,0.E0,5.49E-1));
#3623=DIRECTION('',(0.E0,-1.E0,0.E0));
#3624=DIRECTION('',(-4.440892098501E-13,0.E0,1.E0));
#3625=AXIS2_PLACEMENT_3D('',#3622,#3623,#3624);
#3627=CURVE_STYLE('',#35,POSITIVE_LENGTH_MEASURE(2.E-2),#3);
#3628=PRESENTATION_STYLE_ASSIGNMENT((#3627));
#3629=STYLED_ITEM('',(#3628),#3626);
#3630=DIRECTION('',(0.E0,0.E0,-1.E0));
#3631=VECTOR('',#3630,2.98E-1);
#3632=CARTESIAN_POINT('',(1.5E0,0.E0,5.49E-1));
#3633=LINE('',#3632,#3631);
#3634=CURVE_STYLE('',#35,POSITIVE_LENGTH_MEASURE(2.E-2),#3);
#3635=PRESENTATION_STYLE_ASSIGNMENT((#3634));
#3636=STYLED_ITEM('',(#3635),#3633);
#3637=CARTESIAN_POINT('',(1.501E0,0.E0,2.51E-1));
#3638=DIRECTION('',(0.E0,-1.E0,0.E0));
#3639=DIRECTION('',(-1.E0,0.E0,0.E0));
#3640=AXIS2_PLACEMENT_3D('',#3637,#3638,#3639);
#3642=CURVE_STYLE('',#35,POSITIVE_LENGTH_MEASURE(2.E-2),#3);
#3643=PRESENTATION_STYLE_ASSIGNMENT((#3642));
#3644=STYLED_ITEM('',(#3643),#3641);
#3645=DIRECTION('',(-1.E0,0.E0,0.E0));
#3646=VECTOR('',#3645,4.99E-1);
#3647=CARTESIAN_POINT('',(2.E0,0.E0,2.5E-1));
#3648=LINE('',#3647,#3646);
#3649=CURVE_STYLE('',#35,POSITIVE_LENGTH_MEASURE(2.E-2),#3);
#3650=PRESENTATION_STYLE_ASSIGNMENT((#3649));
#3651=STYLED_ITEM('',(#3650),#3648);
#3652=DIRECTION('',(0.E0,0.E0,-1.E0));
#3653=VECTOR('',#3652,5.E-1);
#3654=CARTESIAN_POINT('',(2.E0,0.E0,2.5E-1));
#3655=LINE('',#3654,#3653);
#3656=CURVE_STYLE('',#35,POSITIVE_LENGTH_MEASURE(2.E-2),#3);
#3657=PRESENTATION_STYLE_ASSIGNMENT((#3656));
#3658=STYLED_ITEM('',(#3657),#3655);
#3659=DIRECTION('',(-1.E0,0.E0,0.E0));
#3660=VECTOR('',#3659,4.99E-1);
#3661=CARTESIAN_POINT('',(2.E0,0.E0,-2.5E-1));
#3662=LINE('',#3661,#3660);
#3663=CURVE_STYLE('',#35,POSITIVE_LENGTH_MEASURE(2.E-2),#3);
#3664=PRESENTATION_STYLE_ASSIGNMENT((#3663));
#3665=STYLED_ITEM('',(#3664),#3662);
#3666=CARTESIAN_POINT('',(1.501E0,0.E0,-2.51E-1));
#3667=DIRECTION('',(0.E0,-1.E0,0.E0));
#3668=DIRECTION('',(-2.220446049250E-13,0.E0,1.E0));
#3669=AXIS2_PLACEMENT_3D('',#3666,#3667,#3668);
#3671=CURVE_STYLE('',#35,POSITIVE_LENGTH_MEASURE(2.E-2),#3);
#3672=PRESENTATION_STYLE_ASSIGNMENT((#3671));
#3673=STYLED_ITEM('',(#3672),#3670);
#3674=DIRECTION('',(0.E0,0.E0,-1.E0));
#3675=VECTOR('',#3674,2.98E-1);
#3676=CARTESIAN_POINT('',(1.5E0,0.E0,-2.51E-1));
#3677=LINE('',#3676,#3675);
#3678=CURVE_STYLE('',#35,POSITIVE_LENGTH_MEASURE(2.E-2),#3);
#3679=PRESENTATION_STYLE_ASSIGNMENT((#3678));
#3680=STYLED_ITEM('',(#3679),#3677);
#3681=CARTESIAN_POINT('',(1.501E0,0.E0,-5.49E-1));
#3682=DIRECTION('',(0.E0,-1.E0,0.E0));
#3683=DIRECTION('',(-1.E0,0.E0,0.E0));
#3684=AXIS2_PLACEMENT_3D('',#3681,#3682,#3683);
#3686=CURVE_STYLE('',#35,POSITIVE_LENGTH_MEASURE(2.E-2),#3);
#3687=PRESENTATION_STYLE_ASSIGNMENT((#3686));
#3688=STYLED_ITEM('',(#3687),#3685);
#3689=DIRECTION('',(-1.E0,0.E0,0.E0));
#3690=VECTOR('',#3689,4.99E-1);
#3691=CARTESIAN_POINT('',(2.E0,0.E0,-5.5E-1));
#3692=LINE('',#3691,#3690);
#3693=CURVE_STYLE('',#35,POSITIVE_LENGTH_MEASURE(2.E-2),#3);
#3694=PRESENTATION_STYLE_ASSIGNMENT((#3693));
#3695=STYLED_ITEM('',(#3694),#3692);
#3696=DIRECTION('',(0.E0,0.E0,-1.E0));
#3697=VECTOR('',#3696,5.E-1);
#3698=CARTESIAN_POINT('',(2.E0,0.E0,-5.5E-1));
#3699=LINE('',#3698,#3697);
#3700=CURVE_STYLE('',#35,POSITIVE_LENGTH_MEASURE(2.E-2),#3);
#3701=PRESENTATION_STYLE_ASSIGNMENT((#3700));
#3702=STYLED_ITEM('',(#3701),#3699);
#3703=DIRECTION('',(-1.E0,0.E0,0.E0));
#3704=VECTOR('',#3703,4.99E-1);
#3705=CARTESIAN_POINT('',(2.E0,0.E0,-1.05E0));
#3706=LINE('',#3705,#3704);
#3707=CURVE_STYLE('',#35,POSITIVE_LENGTH_MEASURE(2.E-2),#3);
#3708=PRESENTATION_STYLE_ASSIGNMENT((#3707));
#3709=STYLED_ITEM('',(#3708),#3706);
#3710=CARTESIAN_POINT('',(1.501E0,0.E0,-1.051E0));
#3711=DIRECTION('',(0.E0,-1.E0,0.E0));
#3712=DIRECTION('',(0.E0,0.E0,1.E0));
#3713=AXIS2_PLACEMENT_3D('',#3710,#3711,#3712);
#3715=CURVE_STYLE('',#35,POSITIVE_LENGTH_MEASURE(2.E-2),#3);
#3716=PRESENTATION_STYLE_ASSIGNMENT((#3715));
#3717=STYLED_ITEM('',(#3716),#3714);
#3718=DIRECTION('',(0.E0,0.E0,-1.E0));
#3719=VECTOR('',#3718,2.98E-1);
#3720=CARTESIAN_POINT('',(1.5E0,0.E0,-1.051E0));
#3721=LINE('',#3720,#3719);
#3722=CURVE_STYLE('',#35,POSITIVE_LENGTH_MEASURE(2.E-2),#3);
#3723=PRESENTATION_STYLE_ASSIGNMENT((#3722));
#3724=STYLED_ITEM('',(#3723),#3721);
#3725=CARTESIAN_POINT('',(1.501E0,0.E0,-1.349E0));
#3726=DIRECTION('',(0.E0,-1.E0,0.E0));
#3727=DIRECTION('',(-1.E0,0.E0,0.E0));
#3728=AXIS2_PLACEMENT_3D('',#3725,#3726,#3727);
#3730=CURVE_STYLE('',#35,POSITIVE_LENGTH_MEASURE(2.E-2),#3);
#3731=PRESENTATION_STYLE_ASSIGNMENT((#3730));
#3732=STYLED_ITEM('',(#3731),#3729);
#3733=DIRECTION('',(-1.E0,0.E0,0.E0));
#3734=VECTOR('',#3733,4.99E-1);
#3735=CARTESIAN_POINT('',(2.E0,0.E0,-1.35E0));
#3736=LINE('',#3735,#3734);
#3737=CURVE_STYLE('',#35,POSITIVE_LENGTH_MEASURE(2.E-2),#3);
#3738=PRESENTATION_STYLE_ASSIGNMENT((#3737));
#3739=STYLED_ITEM('',(#3738),#3736);
#3740=DIRECTION('',(0.E0,0.E0,-1.E0));
#3741=VECTOR('',#3740,6.5E-1);
#3742=CARTESIAN_POINT('',(2.E0,0.E0,-1.35E0));
#3743=LINE('',#3742,#3741);
#3744=CURVE_STYLE('',#35,POSITIVE_LENGTH_MEASURE(2.E-2),#3);
#3745=PRESENTATION_STYLE_ASSIGNMENT((#3744));
#3746=STYLED_ITEM('',(#3745),#3743);
#3747=DIRECTION('',(-1.E0,0.E0,0.E0));
#3748=VECTOR('',#3747,4.E0);
#3749=CARTESIAN_POINT('',(2.E0,0.E0,-2.E0));
#3750=LINE('',#3749,#3748);
#3751=CURVE_STYLE('',#35,POSITIVE_LENGTH_MEASURE(2.E-2),#3);
#3752=PRESENTATION_STYLE_ASSIGNMENT((#3751));
#3753=STYLED_ITEM('',(#3752),#3750);
#3754=DIRECTION('',(0.E0,0.E0,1.E0));
#3755=VECTOR('',#3754,6.5E-1);
#3756=CARTESIAN_POINT('',(-2.E0,0.E0,-2.E0));
#3757=LINE('',#3756,#3755);
#3758=CURVE_STYLE('',#35,POSITIVE_LENGTH_MEASURE(2.E-2),#3);
#3759=PRESENTATION_STYLE_ASSIGNMENT((#3758));
#3760=STYLED_ITEM('',(#3759),#3757);
#3761=DIRECTION('',(1.E0,0.E0,0.E0));
#3762=VECTOR('',#3761,4.99E-1);
#3763=CARTESIAN_POINT('',(-2.E0,0.E0,-1.35E0));
#3764=LINE('',#3763,#3762);
#3765=CURVE_STYLE('',#35,POSITIVE_LENGTH_MEASURE(2.E-2),#3);
#3766=PRESENTATION_STYLE_ASSIGNMENT((#3765));
#3767=STYLED_ITEM('',(#3766),#3764);
#3768=CARTESIAN_POINT('',(-1.501E0,0.E0,-1.349E0));
#3769=DIRECTION('',(0.E0,1.E0,0.E0));
#3770=DIRECTION('',(1.E0,0.E0,0.E0));
#3771=AXIS2_PLACEMENT_3D('',#3768,#3769,#3770);
#3773=CURVE_STYLE('',#35,POSITIVE_LENGTH_MEASURE(2.E-2),#3);
#3774=PRESENTATION_STYLE_ASSIGNMENT((#3773));
#3775=STYLED_ITEM('',(#3774),#3772);
#3776=DIRECTION('',(0.E0,0.E0,-1.E0));
#3777=VECTOR('',#3776,2.98E-1);
#3778=CARTESIAN_POINT('',(-1.5E0,0.E0,-1.051E0));
#3779=LINE('',#3778,#3777);
#3780=CURVE_STYLE('',#35,POSITIVE_LENGTH_MEASURE(2.E-2),#3);
#3781=PRESENTATION_STYLE_ASSIGNMENT((#3780));
#3782=STYLED_ITEM('',(#3781),#3779);
#3783=CARTESIAN_POINT('',(-1.501E0,0.E0,-1.051E0));
#3784=DIRECTION('',(0.E0,1.E0,0.E0));
#3785=DIRECTION('',(0.E0,0.E0,1.E0));
#3786=AXIS2_PLACEMENT_3D('',#3783,#3784,#3785);
#3788=CURVE_STYLE('',#35,POSITIVE_LENGTH_MEASURE(2.E-2),#3);
#3789=PRESENTATION_STYLE_ASSIGNMENT((#3788));
#3790=STYLED_ITEM('',(#3789),#3787);
#3791=DIRECTION('',(0.E0,0.E0,1.E0));
#3792=VECTOR('',#3791,2.7E0);
#3793=CARTESIAN_POINT('',(-1.1E0,0.E0,-1.2E0));
#3794=LINE('',#3793,#3792);
#3795=CURVE_STYLE('',#35,POSITIVE_LENGTH_MEASURE(2.E-2),#3);
#3796=PRESENTATION_STYLE_ASSIGNMENT((#3795));
#3797=STYLED_ITEM('',(#3796),#3794);
#3798=DIRECTION('',(7.071067811865E-1,0.E0,-7.071067811865E-1));
#3799=VECTOR('',#3798,4.242640687119E-1);
#3800=CARTESIAN_POINT('',(-1.1E0,0.E0,-1.2E0));
#3801=LINE('',#3800,#3799);
#3802=CURVE_STYLE('',#35,POSITIVE_LENGTH_MEASURE(2.E-2),#3);
#3803=PRESENTATION_STYLE_ASSIGNMENT((#3802));
#3804=STYLED_ITEM('',(#3803),#3801);
#3805=DIRECTION('',(-1.E0,0.E0,0.E0));
#3806=VECTOR('',#3805,1.9E0);
#3807=CARTESIAN_POINT('',(1.1E0,0.E0,-1.5E0));
#3808=LINE('',#3807,#3806);
#3809=CURVE_STYLE('',#35,POSITIVE_LENGTH_MEASURE(2.E-2),#3);
#3810=PRESENTATION_STYLE_ASSIGNMENT((#3809));
#3811=STYLED_ITEM('',(#3810),#3808);
#3812=DIRECTION('',(0.E0,0.E0,-1.E0));
#3813=VECTOR('',#3812,3.E0);
#3814=CARTESIAN_POINT('',(1.1E0,0.E0,1.5E0));
#3815=LINE('',#3814,#3813);
#3816=CURVE_STYLE('',#35,POSITIVE_LENGTH_MEASURE(2.E-2),#3);
#3817=PRESENTATION_STYLE_ASSIGNMENT((#3816));
#3818=STYLED_ITEM('',(#3817),#3815);
#3819=DIRECTION('',(1.E0,0.E0,0.E0));
#3820=VECTOR('',#3819,2.2E0);
#3821=CARTESIAN_POINT('',(-1.1E0,0.E0,1.5E0));
#3822=LINE('',#3821,#3820);
#3823=CURVE_STYLE('',#35,POSITIVE_LENGTH_MEASURE(2.E-2),#3);
#3824=PRESENTATION_STYLE_ASSIGNMENT((#3823));
#3825=STYLED_ITEM('',(#3824),#3822);
#3826=DIRECTION('',(0.E0,1.E0,0.E0));
#3827=VECTOR('',#3826,1.75E-1);
#3828=CARTESIAN_POINT('',(-1.501E0,0.E0,-1.05E0));
#3829=LINE('',#3828,#3827);
#3830=CURVE_STYLE('',#35,POSITIVE_LENGTH_MEASURE(2.E-2),#3);
#3831=PRESENTATION_STYLE_ASSIGNMENT((#3830));
#3832=STYLED_ITEM('',(#3831),#3829);
#3833=DIRECTION('',(0.E0,1.E0,0.E0));
#3834=VECTOR('',#3833,1.75E-1);
#3835=CARTESIAN_POINT('',(-1.5E0,0.E0,-1.051E0));
#3836=LINE('',#3835,#3834);
#3837=CURVE_STYLE('',#35,POSITIVE_LENGTH_MEASURE(2.E-2),#3);
#3838=PRESENTATION_STYLE_ASSIGNMENT((#3837));
#3839=STYLED_ITEM('',(#3838),#3836);
#3840=DIRECTION('',(0.E0,1.E0,0.E0));
#3841=VECTOR('',#3840,1.75E-1);
#3842=CARTESIAN_POINT('',(-1.5E0,0.E0,-1.349E0));
#3843=LINE('',#3842,#3841);
#3844=CURVE_STYLE('',#35,POSITIVE_LENGTH_MEASURE(2.E-2),#3);
#3845=PRESENTATION_STYLE_ASSIGNMENT((#3844));
#3846=STYLED_ITEM('',(#3845),#3843);
#3847=DIRECTION('',(0.E0,1.E0,0.E0));
#3848=VECTOR('',#3847,1.75E-1);
#3849=CARTESIAN_POINT('',(-1.501E0,0.E0,-1.35E0));
#3850=LINE('',#3849,#3848);
#3851=CURVE_STYLE('',#35,POSITIVE_LENGTH_MEASURE(2.E-2),#3);
#3852=PRESENTATION_STYLE_ASSIGNMENT((#3851));
#3853=STYLED_ITEM('',(#3852),#3850);
#3854=DIRECTION('',(0.E0,0.E0,-1.E0));
#3855=VECTOR('',#3854,3.E-1);
#3856=CARTESIAN_POINT('',(-2.E0,1.75E-1,-1.05E0));
#3857=LINE('',#3856,#3855);
#3858=CURVE_STYLE('',#35,POSITIVE_LENGTH_MEASURE(2.E-2),#3);
#3859=PRESENTATION_STYLE_ASSIGNMENT((#3858));
#3860=STYLED_ITEM('',(#3859),#3857);
#3861=DIRECTION('',(0.E0,1.E0,0.E0));
#3862=VECTOR('',#3861,1.75E-1);
#3863=CARTESIAN_POINT('',(-2.E0,0.E0,-1.35E0));
#3864=LINE('',#3863,#3862);
#3865=CURVE_STYLE('',#35,POSITIVE_LENGTH_MEASURE(2.E-2),#3);
#3866=PRESENTATION_STYLE_ASSIGNMENT((#3865));
#3867=STYLED_ITEM('',(#3866),#3864);
#3868=DIRECTION('',(0.E0,1.E0,0.E0));
#3869=VECTOR('',#3868,7.75E-1);
#3870=CARTESIAN_POINT('',(-2.E0,0.E0,-2.E0));
#3871=LINE('',#3870,#3869);
#3872=CURVE_STYLE('',#35,POSITIVE_LENGTH_MEASURE(2.E-2),#3);
#3873=PRESENTATION_STYLE_ASSIGNMENT((#3872));
#3874=STYLED_ITEM('',(#3873),#3871);
#3875=DIRECTION('',(0.E0,1.E0,0.E0));
#3876=VECTOR('',#3875,1.75E-1);
#3877=CARTESIAN_POINT('',(-2.E0,0.E0,1.35E0));
#3878=LINE('',#3877,#3876);
#3879=CURVE_STYLE('',#35,POSITIVE_LENGTH_MEASURE(2.E-2),#3);
#3880=PRESENTATION_STYLE_ASSIGNMENT((#3879));
#3881=STYLED_ITEM('',(#3880),#3878);
#3882=DIRECTION('',(0.E0,0.E0,-1.E0));
#3883=VECTOR('',#3882,3.E-1);
#3884=CARTESIAN_POINT('',(-2.E0,1.75E-1,1.35E0));
#3885=LINE('',#3884,#3883);
#3886=CURVE_STYLE('',#35,POSITIVE_LENGTH_MEASURE(2.E-2),#3);
#3887=PRESENTATION_STYLE_ASSIGNMENT((#3886));
#3888=STYLED_ITEM('',(#3887),#3885);
#3889=DIRECTION('',(0.E0,1.E0,0.E0));
#3890=VECTOR('',#3889,1.75E-1);
#3891=CARTESIAN_POINT('',(-2.E0,0.E0,1.05E0));
#3892=LINE('',#3891,#3890);
#3893=CURVE_STYLE('',#35,POSITIVE_LENGTH_MEASURE(2.E-2),#3);
#3894=PRESENTATION_STYLE_ASSIGNMENT((#3893));
#3895=STYLED_ITEM('',(#3894),#3892);
#3896=DIRECTION('',(0.E0,1.E0,0.E0));
#3897=VECTOR('',#3896,1.75E-1);
#3898=CARTESIAN_POINT('',(-2.E0,0.E0,5.5E-1));
#3899=LINE('',#3898,#3897);
#3900=CURVE_STYLE('',#35,POSITIVE_LENGTH_MEASURE(2.E-2),#3);
#3901=PRESENTATION_STYLE_ASSIGNMENT((#3900));
#3902=STYLED_ITEM('',(#3901),#3899);
#3903=DIRECTION('',(0.E0,0.E0,-1.E0));
#3904=VECTOR('',#3903,3.E-1);
#3905=CARTESIAN_POINT('',(-2.E0,1.75E-1,5.5E-1));
#3906=LINE('',#3905,#3904);
#3907=CURVE_STYLE('',#35,POSITIVE_LENGTH_MEASURE(2.E-2),#3);
#3908=PRESENTATION_STYLE_ASSIGNMENT((#3907));
#3909=STYLED_ITEM('',(#3908),#3906);
#3910=DIRECTION('',(0.E0,1.E0,0.E0));
#3911=VECTOR('',#3910,1.75E-1);
#3912=CARTESIAN_POINT('',(-2.E0,0.E0,2.5E-1));
#3913=LINE('',#3912,#3911);
#3914=CURVE_STYLE('',#35,POSITIVE_LENGTH_MEASURE(2.E-2),#3);
#3915=PRESENTATION_STYLE_ASSIGNMENT((#3914));
#3916=STYLED_ITEM('',(#3915),#3913);
#3917=DIRECTION('',(0.E0,1.E0,0.E0));
#3918=VECTOR('',#3917,1.75E-1);
#3919=CARTESIAN_POINT('',(-2.E0,0.E0,-2.5E-1));
#3920=LINE('',#3919,#3918);
#3921=CURVE_STYLE('',#35,POSITIVE_LENGTH_MEASURE(2.E-2),#3);
#3922=PRESENTATION_STYLE_ASSIGNMENT((#3921));
#3923=STYLED_ITEM('',(#3922),#3920);
#3924=DIRECTION('',(0.E0,0.E0,-1.E0));
#3925=VECTOR('',#3924,3.E-1);
#3926=CARTESIAN_POINT('',(-2.E0,1.75E-1,-2.5E-1));
#3927=LINE('',#3926,#3925);
#3928=CURVE_STYLE('',#35,POSITIVE_LENGTH_MEASURE(2.E-2),#3);
#3929=PRESENTATION_STYLE_ASSIGNMENT((#3928));
#3930=STYLED_ITEM('',(#3929),#3927);
#3931=DIRECTION('',(0.E0,1.E0,0.E0));
#3932=VECTOR('',#3931,1.75E-1);
#3933=CARTESIAN_POINT('',(-2.E0,0.E0,-5.5E-1));
#3934=LINE('',#3933,#3932);
#3935=CURVE_STYLE('',#35,POSITIVE_LENGTH_MEASURE(2.E-2),#3);
#3936=PRESENTATION_STYLE_ASSIGNMENT((#3935));
#3937=STYLED_ITEM('',(#3936),#3934);
#3938=DIRECTION('',(0.E0,1.E0,0.E0));
#3939=VECTOR('',#3938,1.75E-1);
#3940=CARTESIAN_POINT('',(-2.E0,0.E0,-1.05E0));
#3941=LINE('',#3940,#3939);
#3942=CURVE_STYLE('',#35,POSITIVE_LENGTH_MEASURE(2.E-2),#3);
#3943=PRESENTATION_STYLE_ASSIGNMENT((#3942));
#3944=STYLED_ITEM('',(#3943),#3941);
#3945=DIRECTION('',(1.E0,0.E0,0.E0));
#3946=VECTOR('',#3945,4.99E-1);
#3947=CARTESIAN_POINT('',(-2.E0,1.75E-1,-1.05E0));
#3948=LINE('',#3947,#3946);
#3949=CURVE_STYLE('',#35,POSITIVE_LENGTH_MEASURE(2.E-2),#3);
#3950=PRESENTATION_STYLE_ASSIGNMENT((#3949));
#3951=STYLED_ITEM('',(#3950),#3948);
#3952=CARTESIAN_POINT('',(-1.501E0,1.75E-1,-1.051E0));
#3953=DIRECTION('',(0.E0,1.E0,0.E0));
#3954=DIRECTION('',(0.E0,0.E0,1.E0));
#3955=AXIS2_PLACEMENT_3D('',#3952,#3953,#3954);
#3957=CURVE_STYLE('',#35,POSITIVE_LENGTH_MEASURE(2.E-2),#3);
#3958=PRESENTATION_STYLE_ASSIGNMENT((#3957));
#3959=STYLED_ITEM('',(#3958),#3956);
#3960=DIRECTION('',(0.E0,0.E0,-1.E0));
#3961=VECTOR('',#3960,2.98E-1);
#3962=CARTESIAN_POINT('',(-1.5E0,1.75E-1,-1.051E0));
#3963=LINE('',#3962,#3961);
#3964=CURVE_STYLE('',#35,POSITIVE_LENGTH_MEASURE(2.E-2),#3);
#3965=PRESENTATION_STYLE_ASSIGNMENT((#3964));
#3966=STYLED_ITEM('',(#3965),#3963);
#3967=CARTESIAN_POINT('',(-1.501E0,1.75E-1,-1.349E0));
#3968=DIRECTION('',(0.E0,1.E0,0.E0));
#3969=DIRECTION('',(1.E0,0.E0,0.E0));
#3970=AXIS2_PLACEMENT_3D('',#3967,#3968,#3969);
#3972=CURVE_STYLE('',#35,POSITIVE_LENGTH_MEASURE(2.E-2),#3);
#3973=PRESENTATION_STYLE_ASSIGNMENT((#3972));
#3974=STYLED_ITEM('',(#3973),#3971);
#3975=DIRECTION('',(-1.E0,0.E0,0.E0));
#3976=VECTOR('',#3975,4.99E-1);
#3977=CARTESIAN_POINT('',(-1.501E0,1.75E-1,-1.35E0));
#3978=LINE('',#3977,#3976);
#3979=CURVE_STYLE('',#35,POSITIVE_LENGTH_MEASURE(2.E-2),#3);
#3980=PRESENTATION_STYLE_ASSIGNMENT((#3979));
#3981=STYLED_ITEM('',(#3980),#3978);
#3982=DIRECTION('',(0.E0,1.E0,0.E0));
#3983=VECTOR('',#3982,7.75E-1);
#3984=CARTESIAN_POINT('',(2.E0,0.E0,-2.E0));
#3985=LINE('',#3984,#3983);
#3986=CURVE_STYLE('',#35,POSITIVE_LENGTH_MEASURE(2.E-2),#3);
#3987=PRESENTATION_STYLE_ASSIGNMENT((#3986));
#3988=STYLED_ITEM('',(#3987),#3985);
#3989=DIRECTION('',(-1.E0,0.E0,0.E0));
#3990=VECTOR('',#3989,3.25E-1);
#3991=CARTESIAN_POINT('',(-9.75E-1,7.5E-2,-2.E0));
#3992=LINE('',#3991,#3990);
#3993=CURVE_STYLE('',#35,POSITIVE_LENGTH_MEASURE(2.E-2),#3);
#3994=PRESENTATION_STYLE_ASSIGNMENT((#3993));
#3995=STYLED_ITEM('',(#3994),#3992);
#3996=DIRECTION('',(0.E0,1.E0,0.E0));
#3997=VECTOR('',#3996,1.E-1);
#3998=CARTESIAN_POINT('',(-1.3E0,7.5E-2,-2.E0));
#3999=LINE('',#3998,#3997);
#4000=CURVE_STYLE('',#35,POSITIVE_LENGTH_MEASURE(2.E-2),#3);
#4001=PRESENTATION_STYLE_ASSIGNMENT((#4000));
#4002=STYLED_ITEM('',(#4001),#3999);
#4003=DIRECTION('',(-1.E0,0.E0,0.E0));
#4004=VECTOR('',#4003,3.25E-1);
#4005=CARTESIAN_POINT('',(-9.75E-1,1.75E-1,-2.E0));
#4006=LINE('',#4005,#4004);
#4007=CURVE_STYLE('',#35,POSITIVE_LENGTH_MEASURE(2.E-2),#3);
#4008=PRESENTATION_STYLE_ASSIGNMENT((#4007));
#4009=STYLED_ITEM('',(#4008),#4006);
#4010=DIRECTION('',(0.E0,1.E0,0.E0));
#4011=VECTOR('',#4010,1.E-1);
#4012=CARTESIAN_POINT('',(-9.75E-1,7.5E-2,-2.E0));
#4013=LINE('',#4012,#4011);
#4014=CURVE_STYLE('',#35,POSITIVE_LENGTH_MEASURE(2.E-2),#3);
#4015=PRESENTATION_STYLE_ASSIGNMENT((#4014));
#4016=STYLED_ITEM('',(#4015),#4013);
#4017=DIRECTION('',(-1.E0,0.E0,0.E0));
#4018=VECTOR('',#4017,3.25E-1);
#4019=CARTESIAN_POINT('',(1.3E0,7.5E-2,-2.E0));
#4020=LINE('',#4019,#4018);
#4021=CURVE_STYLE('',#35,POSITIVE_LENGTH_MEASURE(2.E-2),#3);
#4022=PRESENTATION_STYLE_ASSIGNMENT((#4021));
#4023=STYLED_ITEM('',(#4022),#4020);
#4024=DIRECTION('',(0.E0,1.E0,0.E0));
#4025=VECTOR('',#4024,1.E-1);
#4026=CARTESIAN_POINT('',(9.75E-1,7.5E-2,-2.E0));
#4027=LINE('',#4026,#4025);
#4028=CURVE_STYLE('',#35,POSITIVE_LENGTH_MEASURE(2.E-2),#3);
#4029=PRESENTATION_STYLE_ASSIGNMENT((#4028));
#4030=STYLED_ITEM('',(#4029),#4027);
#4031=DIRECTION('',(-1.E0,0.E0,0.E0));
#4032=VECTOR('',#4031,3.25E-1);
#4033=CARTESIAN_POINT('',(1.3E0,1.75E-1,-2.E0));
#4034=LINE('',#4033,#4032);
#4035=CURVE_STYLE('',#35,POSITIVE_LENGTH_MEASURE(2.E-2),#3);
#4036=PRESENTATION_STYLE_ASSIGNMENT((#4035));
#4037=STYLED_ITEM('',(#4036),#4034);
#4038=DIRECTION('',(0.E0,1.E0,0.E0));
#4039=VECTOR('',#4038,1.E-1);
#4040=CARTESIAN_POINT('',(1.3E0,7.5E-2,-2.E0));
#4041=LINE('',#4040,#4039);
#4042=CURVE_STYLE('',#35,POSITIVE_LENGTH_MEASURE(2.E-2),#3);
#4043=PRESENTATION_STYLE_ASSIGNMENT((#4042));
#4044=STYLED_ITEM('',(#4043),#4041);
#4045=DIRECTION('',(0.E0,0.E0,-1.E0));
#4046=VECTOR('',#4045,3.E-1);
#4047=CARTESIAN_POINT('',(2.E0,1.75E-1,-1.05E0));
#4048=LINE('',#4047,#4046);
#4049=CURVE_STYLE('',#35,POSITIVE_LENGTH_MEASURE(2.E-2),#3);
#4050=PRESENTATION_STYLE_ASSIGNMENT((#4049));
#4051=STYLED_ITEM('',(#4050),#4048);
#4052=DIRECTION('',(0.E0,1.E0,0.E0));
#4053=VECTOR('',#4052,1.75E-1);
#4054=CARTESIAN_POINT('',(2.E0,0.E0,-1.05E0));
#4055=LINE('',#4054,#4053);
#4056=CURVE_STYLE('',#35,POSITIVE_LENGTH_MEASURE(2.E-2),#3);
#4057=PRESENTATION_STYLE_ASSIGNMENT((#4056));
#4058=STYLED_ITEM('',(#4057),#4055);
#4059=DIRECTION('',(0.E0,1.E0,0.E0));
#4060=VECTOR('',#4059,1.75E-1);
#4061=CARTESIAN_POINT('',(2.E0,0.E0,-5.5E-1));
#4062=LINE('',#4061,#4060);
#4063=CURVE_STYLE('',#35,POSITIVE_LENGTH_MEASURE(2.E-2),#3);
#4064=PRESENTATION_STYLE_ASSIGNMENT((#4063));
#4065=STYLED_ITEM('',(#4064),#4062);
#4066=DIRECTION('',(0.E0,0.E0,-1.E0));
#4067=VECTOR('',#4066,3.E-1);
#4068=CARTESIAN_POINT('',(2.E0,1.75E-1,-2.5E-1));
#4069=LINE('',#4068,#4067);
#4070=CURVE_STYLE('',#35,POSITIVE_LENGTH_MEASURE(2.E-2),#3);
#4071=PRESENTATION_STYLE_ASSIGNMENT((#4070));
#4072=STYLED_ITEM('',(#4071),#4069);
#4073=DIRECTION('',(0.E0,1.E0,0.E0));
#4074=VECTOR('',#4073,1.75E-1);
#4075=CARTESIAN_POINT('',(2.E0,0.E0,-2.5E-1));
#4076=LINE('',#4075,#4074);
#4077=CURVE_STYLE('',#35,POSITIVE_LENGTH_MEASURE(2.E-2),#3);
#4078=PRESENTATION_STYLE_ASSIGNMENT((#4077));
#4079=STYLED_ITEM('',(#4078),#4076);
#4080=DIRECTION('',(0.E0,1.E0,0.E0));
#4081=VECTOR('',#4080,1.75E-1);
#4082=CARTESIAN_POINT('',(2.E0,0.E0,2.5E-1));
#4083=LINE('',#4082,#4081);
#4084=CURVE_STYLE('',#35,POSITIVE_LENGTH_MEASURE(2.E-2),#3);
#4085=PRESENTATION_STYLE_ASSIGNMENT((#4084));
#4086=STYLED_ITEM('',(#4085),#4083);
#4087=DIRECTION('',(0.E0,0.E0,-1.E0));
#4088=VECTOR('',#4087,3.E-1);
#4089=CARTESIAN_POINT('',(2.E0,1.75E-1,5.5E-1));
#4090=LINE('',#4089,#4088);
#4091=CURVE_STYLE('',#35,POSITIVE_LENGTH_MEASURE(2.E-2),#3);
#4092=PRESENTATION_STYLE_ASSIGNMENT((#4091));
#4093=STYLED_ITEM('',(#4092),#4090);
#4094=DIRECTION('',(0.E0,1.E0,0.E0));
#4095=VECTOR('',#4094,1.75E-1);
#4096=CARTESIAN_POINT('',(2.E0,0.E0,5.5E-1));
#4097=LINE('',#4096,#4095);
#4098=CURVE_STYLE('',#35,POSITIVE_LENGTH_MEASURE(2.E-2),#3);
#4099=PRESENTATION_STYLE_ASSIGNMENT((#4098));
#4100=STYLED_ITEM('',(#4099),#4097);
#4101=DIRECTION('',(0.E0,1.E0,0.E0));
#4102=VECTOR('',#4101,1.75E-1);
#4103=CARTESIAN_POINT('',(2.E0,0.E0,1.05E0));
#4104=LINE('',#4103,#4102);
#4105=CURVE_STYLE('',#35,POSITIVE_LENGTH_MEASURE(2.E-2),#3);
#4106=PRESENTATION_STYLE_ASSIGNMENT((#4105));
#4107=STYLED_ITEM('',(#4106),#4104);
#4108=DIRECTION('',(0.E0,0.E0,-1.E0));
#4109=VECTOR('',#4108,3.E-1);
#4110=CARTESIAN_POINT('',(2.E0,1.75E-1,1.35E0));
#4111=LINE('',#4110,#4109);
#4112=CURVE_STYLE('',#35,POSITIVE_LENGTH_MEASURE(2.E-2),#3);
#4113=PRESENTATION_STYLE_ASSIGNMENT((#4112));
#4114=STYLED_ITEM('',(#4113),#4111);
#4115=DIRECTION('',(0.E0,1.E0,0.E0));
#4116=VECTOR('',#4115,1.75E-1);
#4117=CARTESIAN_POINT('',(2.E0,0.E0,1.35E0));
#4118=LINE('',#4117,#4116);
#4119=CURVE_STYLE('',#35,POSITIVE_LENGTH_MEASURE(2.E-2),#3);
#4120=PRESENTATION_STYLE_ASSIGNMENT((#4119));
#4121=STYLED_ITEM('',(#4120),#4118);
#4122=DIRECTION('',(0.E0,1.E0,0.E0));
#4123=VECTOR('',#4122,7.75E-1);
#4124=CARTESIAN_POINT('',(2.E0,0.E0,2.E0));
#4125=LINE('',#4124,#4123);
#4126=CURVE_STYLE('',#35,POSITIVE_LENGTH_MEASURE(2.E-2),#3);
#4127=PRESENTATION_STYLE_ASSIGNMENT((#4126));
#4128=STYLED_ITEM('',(#4127),#4125);
#4129=DIRECTION('',(0.E0,1.E0,0.E0));
#4130=VECTOR('',#4129,1.75E-1);
#4131=CARTESIAN_POINT('',(2.E0,0.E0,-1.35E0));
#4132=LINE('',#4131,#4130);
#4133=CURVE_STYLE('',#35,POSITIVE_LENGTH_MEASURE(2.E-2),#3);
#4134=PRESENTATION_STYLE_ASSIGNMENT((#4133));
#4135=STYLED_ITEM('',(#4134),#4132);
#4136=DIRECTION('',(1.E0,0.E0,0.E0));
#4137=VECTOR('',#4136,4.99E-1);
#4138=CARTESIAN_POINT('',(1.501E0,1.75E-1,-1.35E0));
#4139=LINE('',#4138,#4137);
#4140=CURVE_STYLE('',#35,POSITIVE_LENGTH_MEASURE(2.E-2),#3);
#4141=PRESENTATION_STYLE_ASSIGNMENT((#4140));
#4142=STYLED_ITEM('',(#4141),#4139);
#4143=CARTESIAN_POINT('',(1.501E0,1.75E-1,-1.349E0));
#4144=DIRECTION('',(0.E0,-1.E0,0.E0));
#4145=DIRECTION('',(-1.E0,0.E0,0.E0));
#4146=AXIS2_PLACEMENT_3D('',#4143,#4144,#4145);
#4148=CURVE_STYLE('',#35,POSITIVE_LENGTH_MEASURE(2.E-2),#3);
#4149=PRESENTATION_STYLE_ASSIGNMENT((#4148));
#4150=STYLED_ITEM('',(#4149),#4147);
#4151=DIRECTION('',(0.E0,0.E0,-1.E0));
#4152=VECTOR('',#4151,2.98E-1);
#4153=CARTESIAN_POINT('',(1.5E0,1.75E-1,-1.051E0));
#4154=LINE('',#4153,#4152);
#4155=CURVE_STYLE('',#35,POSITIVE_LENGTH_MEASURE(2.E-2),#3);
#4156=PRESENTATION_STYLE_ASSIGNMENT((#4155));
#4157=STYLED_ITEM('',(#4156),#4154);
#4158=CARTESIAN_POINT('',(1.501E0,1.75E-1,-1.051E0));
#4159=DIRECTION('',(0.E0,-1.E0,0.E0));
#4160=DIRECTION('',(0.E0,0.E0,1.E0));
#4161=AXIS2_PLACEMENT_3D('',#4158,#4159,#4160);
#4163=CURVE_STYLE('',#35,POSITIVE_LENGTH_MEASURE(2.E-2),#3);
#4164=PRESENTATION_STYLE_ASSIGNMENT((#4163));
#4165=STYLED_ITEM('',(#4164),#4162);
#4166=DIRECTION('',(-1.E0,0.E0,0.E0));
#4167=VECTOR('',#4166,4.99E-1);
#4168=CARTESIAN_POINT('',(2.E0,1.75E-1,-1.05E0));
#4169=LINE('',#4168,#4167);
#4170=CURVE_STYLE('',#35,POSITIVE_LENGTH_MEASURE(2.E-2),#3);
#4171=PRESENTATION_STYLE_ASSIGNMENT((#4170));
#4172=STYLED_ITEM('',(#4171),#4169);
#4173=DIRECTION('',(0.E0,1.E0,0.E0));
#4174=VECTOR('',#4173,1.75E-1);
#4175=CARTESIAN_POINT('',(1.501E0,0.E0,-1.35E0));
#4176=LINE('',#4175,#4174);
#4177=CURVE_STYLE('',#35,POSITIVE_LENGTH_MEASURE(2.E-2),#3);
#4178=PRESENTATION_STYLE_ASSIGNMENT((#4177));
#4179=STYLED_ITEM('',(#4178),#4176);
#4180=DIRECTION('',(0.E0,1.E0,0.E0));
#4181=VECTOR('',#4180,1.75E-1);
#4182=CARTESIAN_POINT('',(1.5E0,0.E0,-1.349E0));
#4183=LINE('',#4182,#4181);
#4184=CURVE_STYLE('',#35,POSITIVE_LENGTH_MEASURE(2.E-2),#3);
#4185=PRESENTATION_STYLE_ASSIGNMENT((#4184));
#4186=STYLED_ITEM('',(#4185),#4183);
#4187=DIRECTION('',(0.E0,1.E0,0.E0));
#4188=VECTOR('',#4187,1.75E-1);
#4189=CARTESIAN_POINT('',(1.5E0,0.E0,-1.051E0));
#4190=LINE('',#4189,#4188);
#4191=CURVE_STYLE('',#35,POSITIVE_LENGTH_MEASURE(2.E-2),#3);
#4192=PRESENTATION_STYLE_ASSIGNMENT((#4191));
#4193=STYLED_ITEM('',(#4192),#4190);
#4194=DIRECTION('',(0.E0,1.E0,0.E0));
#4195=VECTOR('',#4194,1.75E-1);
#4196=CARTESIAN_POINT('',(1.501E0,0.E0,-1.05E0));
#4197=LINE('',#4196,#4195);
#4198=CURVE_STYLE('',#35,POSITIVE_LENGTH_MEASURE(2.E-2),#3);
#4199=PRESENTATION_STYLE_ASSIGNMENT((#4198));
#4200=STYLED_ITEM('',(#4199),#4197);
#4201=DIRECTION('',(0.E0,1.E0,0.E0));
#4202=VECTOR('',#4201,1.75E-1);
#4203=CARTESIAN_POINT('',(1.501E0,0.E0,-5.5E-1));
#4204=LINE('',#4203,#4202);
#4205=CURVE_STYLE('',#35,POSITIVE_LENGTH_MEASURE(2.E-2),#3);
#4206=PRESENTATION_STYLE_ASSIGNMENT((#4205));
#4207=STYLED_ITEM('',(#4206),#4204);
#4208=DIRECTION('',(0.E0,1.E0,0.E0));
#4209=VECTOR('',#4208,1.75E-1);
#4210=CARTESIAN_POINT('',(1.5E0,0.E0,-5.49E-1));
#4211=LINE('',#4210,#4209);
#4212=CURVE_STYLE('',#35,POSITIVE_LENGTH_MEASURE(2.E-2),#3);
#4213=PRESENTATION_STYLE_ASSIGNMENT((#4212));
#4214=STYLED_ITEM('',(#4213),#4211);
#4215=DIRECTION('',(0.E0,1.E0,0.E0));
#4216=VECTOR('',#4215,1.75E-1);
#4217=CARTESIAN_POINT('',(1.5E0,0.E0,-2.51E-1));
#4218=LINE('',#4217,#4216);
#4219=CURVE_STYLE('',#35,POSITIVE_LENGTH_MEASURE(2.E-2),#3);
#4220=PRESENTATION_STYLE_ASSIGNMENT((#4219));
#4221=STYLED_ITEM('',(#4220),#4218);
#4222=DIRECTION('',(0.E0,1.E0,0.E0));
#4223=VECTOR('',#4222,1.75E-1);
#4224=CARTESIAN_POINT('',(1.501E0,0.E0,-2.5E-1));
#4225=LINE('',#4224,#4223);
#4226=CURVE_STYLE('',#35,POSITIVE_LENGTH_MEASURE(2.E-2),#3);
#4227=PRESENTATION_STYLE_ASSIGNMENT((#4226));
#4228=STYLED_ITEM('',(#4227),#4225);
#4229=DIRECTION('',(1.E0,0.E0,0.E0));
#4230=VECTOR('',#4229,4.99E-1);
#4231=CARTESIAN_POINT('',(1.501E0,1.75E-1,-5.5E-1));
#4232=LINE('',#4231,#4230);
#4233=CURVE_STYLE('',#35,POSITIVE_LENGTH_MEASURE(2.E-2),#3);
#4234=PRESENTATION_STYLE_ASSIGNMENT((#4233));
#4235=STYLED_ITEM('',(#4234),#4232);
#4236=CARTESIAN_POINT('',(1.501E0,1.75E-1,-5.49E-1));
#4237=DIRECTION('',(0.E0,-1.E0,0.E0));
#4238=DIRECTION('',(-1.E0,0.E0,0.E0));
#4239=AXIS2_PLACEMENT_3D('',#4236,#4237,#4238);
#4241=CURVE_STYLE('',#35,POSITIVE_LENGTH_MEASURE(2.E-2),#3);
#4242=PRESENTATION_STYLE_ASSIGNMENT((#4241));
#4243=STYLED_ITEM('',(#4242),#4240);
#4244=DIRECTION('',(0.E0,0.E0,-1.E0));
#4245=VECTOR('',#4244,2.98E-1);
#4246=CARTESIAN_POINT('',(1.5E0,1.75E-1,-2.51E-1));
#4247=LINE('',#4246,#4245);
#4248=CURVE_STYLE('',#35,POSITIVE_LENGTH_MEASURE(2.E-2),#3);
#4249=PRESENTATION_STYLE_ASSIGNMENT((#4248));
#4250=STYLED_ITEM('',(#4249),#4247);
#4251=CARTESIAN_POINT('',(1.501E0,1.75E-1,-2.51E-1));
#4252=DIRECTION('',(0.E0,-1.E0,0.E0));
#4253=DIRECTION('',(-2.220446049250E-13,0.E0,1.E0));
#4254=AXIS2_PLACEMENT_3D('',#4251,#4252,#4253);
#4256=CURVE_STYLE('',#35,POSITIVE_LENGTH_MEASURE(2.E-2),#3);
#4257=PRESENTATION_STYLE_ASSIGNMENT((#4256));
#4258=STYLED_ITEM('',(#4257),#4255);
#4259=DIRECTION('',(-1.E0,0.E0,0.E0));
#4260=VECTOR('',#4259,4.99E-1);
#4261=CARTESIAN_POINT('',(2.E0,1.75E-1,-2.5E-1));
#4262=LINE('',#4261,#4260);
#4263=CURVE_STYLE('',#35,POSITIVE_LENGTH_MEASURE(2.E-2),#3);
#4264=PRESENTATION_STYLE_ASSIGNMENT((#4263));
#4265=STYLED_ITEM('',(#4264),#4262);
#4266=DIRECTION('',(0.E0,1.E0,0.E0));
#4267=VECTOR('',#4266,1.75E-1);
#4268=CARTESIAN_POINT('',(1.501E0,0.E0,2.5E-1));
#4269=LINE('',#4268,#4267);
#4270=CURVE_STYLE('',#35,POSITIVE_LENGTH_MEASURE(2.E-2),#3);
#4271=PRESENTATION_STYLE_ASSIGNMENT((#4270));
#4272=STYLED_ITEM('',(#4271),#4269);
#4273=DIRECTION('',(0.E0,1.E0,0.E0));
#4274=VECTOR('',#4273,1.75E-1);
#4275=CARTESIAN_POINT('',(1.5E0,0.E0,2.51E-1));
#4276=LINE('',#4275,#4274);
#4277=CURVE_STYLE('',#35,POSITIVE_LENGTH_MEASURE(2.E-2),#3);
#4278=PRESENTATION_STYLE_ASSIGNMENT((#4277));
#4279=STYLED_ITEM('',(#4278),#4276);
#4280=DIRECTION('',(0.E0,1.E0,0.E0));
#4281=VECTOR('',#4280,1.75E-1);
#4282=CARTESIAN_POINT('',(1.5E0,0.E0,5.49E-1));
#4283=LINE('',#4282,#4281);
#4284=CURVE_STYLE('',#35,POSITIVE_LENGTH_MEASURE(2.E-2),#3);
#4285=PRESENTATION_STYLE_ASSIGNMENT((#4284));
#4286=STYLED_ITEM('',(#4285),#4283);
#4287=DIRECTION('',(0.E0,1.E0,0.E0));
#4288=VECTOR('',#4287,1.75E-1);
#4289=CARTESIAN_POINT('',(1.501E0,0.E0,5.5E-1));
#4290=LINE('',#4289,#4288);
#4291=CURVE_STYLE('',#35,POSITIVE_LENGTH_MEASURE(2.E-2),#3);
#4292=PRESENTATION_STYLE_ASSIGNMENT((#4291));
#4293=STYLED_ITEM('',(#4292),#4290);
#4294=DIRECTION('',(1.E0,0.E0,0.E0));
#4295=VECTOR('',#4294,4.99E-1);
#4296=CARTESIAN_POINT('',(1.501E0,1.75E-1,2.5E-1));
#4297=LINE('',#4296,#4295);
#4298=CURVE_STYLE('',#35,POSITIVE_LENGTH_MEASURE(2.E-2),#3);
#4299=PRESENTATION_STYLE_ASSIGNMENT((#4298));
#4300=STYLED_ITEM('',(#4299),#4297);
#4301=CARTESIAN_POINT('',(1.501E0,1.75E-1,2.51E-1));
#4302=DIRECTION('',(0.E0,-1.E0,0.E0));
#4303=DIRECTION('',(-1.E0,0.E0,0.E0));
#4304=AXIS2_PLACEMENT_3D('',#4301,#4302,#4303);
#4306=CURVE_STYLE('',#35,POSITIVE_LENGTH_MEASURE(2.E-2),#3);
#4307=PRESENTATION_STYLE_ASSIGNMENT((#4306));
#4308=STYLED_ITEM('',(#4307),#4305);
#4309=DIRECTION('',(0.E0,0.E0,-1.E0));
#4310=VECTOR('',#4309,2.98E-1);
#4311=CARTESIAN_POINT('',(1.5E0,1.75E-1,5.49E-1));
#4312=LINE('',#4311,#4310);
#4313=CURVE_STYLE('',#35,POSITIVE_LENGTH_MEASURE(2.E-2),#3);
#4314=PRESENTATION_STYLE_ASSIGNMENT((#4313));
#4315=STYLED_ITEM('',(#4314),#4312);
#4316=CARTESIAN_POINT('',(1.501E0,1.75E-1,5.49E-1));
#4317=DIRECTION('',(0.E0,-1.E0,0.E0));
#4318=DIRECTION('',(-4.440892098501E-13,0.E0,1.E0));
#4319=AXIS2_PLACEMENT_3D('',#4316,#4317,#4318);
#4321=CURVE_STYLE('',#35,POSITIVE_LENGTH_MEASURE(2.E-2),#3);
#4322=PRESENTATION_STYLE_ASSIGNMENT((#4321));
#4323=STYLED_ITEM('',(#4322),#4320);
#4324=DIRECTION('',(-1.E0,0.E0,0.E0));
#4325=VECTOR('',#4324,4.99E-1);
#4326=CARTESIAN_POINT('',(2.E0,1.75E-1,5.5E-1));
#4327=LINE('',#4326,#4325);
#4328=CURVE_STYLE('',#35,POSITIVE_LENGTH_MEASURE(2.E-2),#3);
#4329=PRESENTATION_STYLE_ASSIGNMENT((#4328));
#4330=STYLED_ITEM('',(#4329),#4327);
#4331=DIRECTION('',(0.E0,1.E0,0.E0));
#4332=VECTOR('',#4331,1.75E-1);
#4333=CARTESIAN_POINT('',(1.501E0,0.E0,1.05E0));
#4334=LINE('',#4333,#4332);
#4335=CURVE_STYLE('',#35,POSITIVE_LENGTH_MEASURE(2.E-2),#3);
#4336=PRESENTATION_STYLE_ASSIGNMENT((#4335));
#4337=STYLED_ITEM('',(#4336),#4334);
#4338=DIRECTION('',(0.E0,1.E0,0.E0));
#4339=VECTOR('',#4338,1.75E-1);
#4340=CARTESIAN_POINT('',(1.5E0,0.E0,1.051E0));
#4341=LINE('',#4340,#4339);
#4342=CURVE_STYLE('',#35,POSITIVE_LENGTH_MEASURE(2.E-2),#3);
#4343=PRESENTATION_STYLE_ASSIGNMENT((#4342));
#4344=STYLED_ITEM('',(#4343),#4341);
#4345=DIRECTION('',(0.E0,1.E0,0.E0));
#4346=VECTOR('',#4345,1.75E-1);
#4347=CARTESIAN_POINT('',(1.5E0,0.E0,1.349E0));
#4348=LINE('',#4347,#4346);
#4349=CURVE_STYLE('',#35,POSITIVE_LENGTH_MEASURE(2.E-2),#3);
#4350=PRESENTATION_STYLE_ASSIGNMENT((#4349));
#4351=STYLED_ITEM('',(#4350),#4348);
#4352=DIRECTION('',(0.E0,1.E0,0.E0));
#4353=VECTOR('',#4352,1.75E-1);
#4354=CARTESIAN_POINT('',(1.501E0,0.E0,1.35E0));
#4355=LINE('',#4354,#4353);
#4356=CURVE_STYLE('',#35,POSITIVE_LENGTH_MEASURE(2.E-2),#3);
#4357=PRESENTATION_STYLE_ASSIGNMENT((#4356));
#4358=STYLED_ITEM('',(#4357),#4355);
#4359=DIRECTION('',(1.E0,0.E0,0.E0));
#4360=VECTOR('',#4359,4.99E-1);
#4361=CARTESIAN_POINT('',(1.501E0,1.75E-1,1.05E0));
#4362=LINE('',#4361,#4360);
#4363=CURVE_STYLE('',#35,POSITIVE_LENGTH_MEASURE(2.E-2),#3);
#4364=PRESENTATION_STYLE_ASSIGNMENT((#4363));
#4365=STYLED_ITEM('',(#4364),#4362);
#4366=CARTESIAN_POINT('',(1.501E0,1.75E-1,1.051E0));
#4367=DIRECTION('',(0.E0,-1.E0,0.E0));
#4368=DIRECTION('',(-1.E0,0.E0,0.E0));
#4369=AXIS2_PLACEMENT_3D('',#4366,#4367,#4368);
#4371=CURVE_STYLE('',#35,POSITIVE_LENGTH_MEASURE(2.E-2),#3);
#4372=PRESENTATION_STYLE_ASSIGNMENT((#4371));
#4373=STYLED_ITEM('',(#4372),#4370);
#4374=DIRECTION('',(0.E0,0.E0,-1.E0));
#4375=VECTOR('',#4374,2.98E-1);
#4376=CARTESIAN_POINT('',(1.5E0,1.75E-1,1.349E0));
#4377=LINE('',#4376,#4375);
#4378=CURVE_STYLE('',#35,POSITIVE_LENGTH_MEASURE(2.E-2),#3);
#4379=PRESENTATION_STYLE_ASSIGNMENT((#4378));
#4380=STYLED_ITEM('',(#4379),#4377);
#4381=CARTESIAN_POINT('',(1.501E0,1.75E-1,1.349E0));
#4382=DIRECTION('',(0.E0,-1.E0,0.E0));
#4383=DIRECTION('',(0.E0,0.E0,1.E0));
#4384=AXIS2_PLACEMENT_3D('',#4381,#4382,#4383);
#4386=CURVE_STYLE('',#35,POSITIVE_LENGTH_MEASURE(2.E-2),#3);
#4387=PRESENTATION_STYLE_ASSIGNMENT((#4386));
#4388=STYLED_ITEM('',(#4387),#4385);
#4389=DIRECTION('',(-1.E0,0.E0,0.E0));
#4390=VECTOR('',#4389,4.99E-1);
#4391=CARTESIAN_POINT('',(2.E0,1.75E-1,1.35E0));
#4392=LINE('',#4391,#4390);
#4393=CURVE_STYLE('',#35,POSITIVE_LENGTH_MEASURE(2.E-2),#3);
#4394=PRESENTATION_STYLE_ASSIGNMENT((#4393));
#4395=STYLED_ITEM('',(#4394),#4392);
#4396=DIRECTION('',(0.E0,1.E0,0.E0));
#4397=VECTOR('',#4396,7.75E-1);
#4398=CARTESIAN_POINT('',(-2.E0,0.E0,2.E0));
#4399=LINE('',#4398,#4397);
#4400=CURVE_STYLE('',#35,POSITIVE_LENGTH_MEASURE(2.E-2),#3);
#4401=PRESENTATION_STYLE_ASSIGNMENT((#4400));
#4402=STYLED_ITEM('',(#4401),#4399);
#4403=DIRECTION('',(1.E0,0.E0,0.E0));
#4404=VECTOR('',#4403,3.25E-1);
#4405=CARTESIAN_POINT('',(-1.3E0,7.5E-2,2.E0));
#4406=LINE('',#4405,#4404);
#4407=CURVE_STYLE('',#35,POSITIVE_LENGTH_MEASURE(2.E-2),#3);
#4408=PRESENTATION_STYLE_ASSIGNMENT((#4407));
#4409=STYLED_ITEM('',(#4408),#4406);
#4410=DIRECTION('',(0.E0,1.E0,0.E0));
#4411=VECTOR('',#4410,1.E-1);
#4412=CARTESIAN_POINT('',(-9.75E-1,7.5E-2,2.E0));
#4413=LINE('',#4412,#4411);
#4414=CURVE_STYLE('',#35,POSITIVE_LENGTH_MEASURE(2.E-2),#3);
#4415=PRESENTATION_STYLE_ASSIGNMENT((#4414));
#4416=STYLED_ITEM('',(#4415),#4413);
#4417=DIRECTION('',(1.E0,0.E0,0.E0));
#4418=VECTOR('',#4417,3.25E-1);
#4419=CARTESIAN_POINT('',(-1.3E0,1.75E-1,2.E0));
#4420=LINE('',#4419,#4418);
#4421=CURVE_STYLE('',#35,POSITIVE_LENGTH_MEASURE(2.E-2),#3);
#4422=PRESENTATION_STYLE_ASSIGNMENT((#4421));
#4423=STYLED_ITEM('',(#4422),#4420);
#4424=DIRECTION('',(0.E0,1.E0,0.E0));
#4425=VECTOR('',#4424,1.E-1);
#4426=CARTESIAN_POINT('',(-1.3E0,7.5E-2,2.E0));
#4427=LINE('',#4426,#4425);
#4428=CURVE_STYLE('',#35,POSITIVE_LENGTH_MEASURE(2.E-2),#3);
#4429=PRESENTATION_STYLE_ASSIGNMENT((#4428));
#4430=STYLED_ITEM('',(#4429),#4427);
#4431=DIRECTION('',(1.E0,0.E0,0.E0));
#4432=VECTOR('',#4431,3.25E-1);
#4433=CARTESIAN_POINT('',(9.75E-1,7.5E-2,2.E0));
#4434=LINE('',#4433,#4432);
#4435=CURVE_STYLE('',#35,POSITIVE_LENGTH_MEASURE(2.E-2),#3);
#4436=PRESENTATION_STYLE_ASSIGNMENT((#4435));
#4437=STYLED_ITEM('',(#4436),#4434);
#4438=DIRECTION('',(0.E0,1.E0,0.E0));
#4439=VECTOR('',#4438,1.E-1);
#4440=CARTESIAN_POINT('',(1.3E0,7.5E-2,2.E0));
#4441=LINE('',#4440,#4439);
#4442=CURVE_STYLE('',#35,POSITIVE_LENGTH_MEASURE(2.E-2),#3);
#4443=PRESENTATION_STYLE_ASSIGNMENT((#4442));
#4444=STYLED_ITEM('',(#4443),#4441);
#4445=DIRECTION('',(1.E0,0.E0,0.E0));
#4446=VECTOR('',#4445,3.25E-1);
#4447=CARTESIAN_POINT('',(9.75E-1,1.75E-1,2.E0));
#4448=LINE('',#4447,#4446);
#4449=CURVE_STYLE('',#35,POSITIVE_LENGTH_MEASURE(2.E-2),#3);
#4450=PRESENTATION_STYLE_ASSIGNMENT((#4449));
#4451=STYLED_ITEM('',(#4450),#4448);
#4452=DIRECTION('',(0.E0,1.E0,0.E0));
#4453=VECTOR('',#4452,1.E-1);
#4454=CARTESIAN_POINT('',(9.75E-1,7.5E-2,2.E0));
#4455=LINE('',#4454,#4453);
#4456=CURVE_STYLE('',#35,POSITIVE_LENGTH_MEASURE(2.E-2),#3);
#4457=PRESENTATION_STYLE_ASSIGNMENT((#4456));
#4458=STYLED_ITEM('',(#4457),#4455);
#4459=DIRECTION('',(0.E0,0.E0,1.E0));
#4460=VECTOR('',#4459,4.E0);
#4461=CARTESIAN_POINT('',(-2.E0,7.75E-1,-2.E0));
#4462=LINE('',#4461,#4460);
#4463=CURVE_STYLE('',#35,POSITIVE_LENGTH_MEASURE(2.E-2),#3);
#4464=PRESENTATION_STYLE_ASSIGNMENT((#4463));
#4465=STYLED_ITEM('',(#4464),#4462);
#4466=DIRECTION('',(-1.E0,0.E0,0.E0));
#4467=VECTOR('',#4466,4.E0);
#4468=CARTESIAN_POINT('',(2.E0,7.75E-1,-2.E0));
#4469=LINE('',#4468,#4467);
#4470=CURVE_STYLE('',#35,POSITIVE_LENGTH_MEASURE(2.E-2),#3);
#4471=PRESENTATION_STYLE_ASSIGNMENT((#4470));
#4472=STYLED_ITEM('',(#4471),#4469);
#4473=DIRECTION('',(0.E0,0.E0,-1.E0));
#4474=VECTOR('',#4473,4.E0);
#4475=CARTESIAN_POINT('',(2.E0,7.75E-1,2.E0));
#4476=LINE('',#4475,#4474);
#4477=CURVE_STYLE('',#35,POSITIVE_LENGTH_MEASURE(2.E-2),#3);
#4478=PRESENTATION_STYLE_ASSIGNMENT((#4477));
#4479=STYLED_ITEM('',(#4478),#4476);
#4480=DIRECTION('',(1.E0,0.E0,0.E0));
#4481=VECTOR('',#4480,4.E0);
#4482=CARTESIAN_POINT('',(-2.E0,7.75E-1,2.E0));
#4483=LINE('',#4482,#4481);
#4484=CURVE_STYLE('',#35,POSITIVE_LENGTH_MEASURE(2.E-2),#3);
#4485=PRESENTATION_STYLE_ASSIGNMENT((#4484));
#4486=STYLED_ITEM('',(#4485),#4483);
#4487=DIRECTION('',(0.E0,0.E0,1.E0));
#4488=VECTOR('',#4487,1.E-1);
#4489=CARTESIAN_POINT('',(-1.3E0,7.5E-2,1.9E0));
#4490=LINE('',#4489,#4488);
#4491=CURVE_STYLE('',#35,POSITIVE_LENGTH_MEASURE(2.E-2),#3);
#4492=PRESENTATION_STYLE_ASSIGNMENT((#4491));
#4493=STYLED_ITEM('',(#4492),#4490);
#4494=DIRECTION('',(-1.E0,0.E0,0.E0));
#4495=VECTOR('',#4494,3.25E-1);
#4496=CARTESIAN_POINT('',(-9.75E-1,7.5E-2,1.9E0));
#4497=LINE('',#4496,#4495);
#4498=CURVE_STYLE('',#35,POSITIVE_LENGTH_MEASURE(2.E-2),#3);
#4499=PRESENTATION_STYLE_ASSIGNMENT((#4498));
#4500=STYLED_ITEM('',(#4499),#4497);
#4501=DIRECTION('',(0.E0,0.E0,-1.E0));
#4502=VECTOR('',#4501,1.E-1);
#4503=CARTESIAN_POINT('',(-9.75E-1,7.5E-2,2.E0));
#4504=LINE('',#4503,#4502);
#4505=CURVE_STYLE('',#35,POSITIVE_LENGTH_MEASURE(2.E-2),#3);
#4506=PRESENTATION_STYLE_ASSIGNMENT((#4505));
#4507=STYLED_ITEM('',(#4506),#4504);
#4508=DIRECTION('',(0.E0,0.E0,1.E0));
#4509=VECTOR('',#4508,1.E-1);
#4510=CARTESIAN_POINT('',(9.75E-1,7.5E-2,1.9E0));
#4511=LINE('',#4510,#4509);
#4512=CURVE_STYLE('',#35,POSITIVE_LENGTH_MEASURE(2.E-2),#3);
#4513=PRESENTATION_STYLE_ASSIGNMENT((#4512));
#4514=STYLED_ITEM('',(#4513),#4511);
#4515=DIRECTION('',(-1.E0,0.E0,0.E0));
#4516=VECTOR('',#4515,3.25E-1);
#4517=CARTESIAN_POINT('',(1.3E0,7.5E-2,1.9E0));
#4518=LINE('',#4517,#4516);
#4519=CURVE_STYLE('',#35,POSITIVE_LENGTH_MEASURE(2.E-2),#3);
#4520=PRESENTATION_STYLE_ASSIGNMENT((#4519));
#4521=STYLED_ITEM('',(#4520),#4518);
#4522=DIRECTION('',(0.E0,0.E0,-1.E0));
#4523=VECTOR('',#4522,1.E-1);
#4524=CARTESIAN_POINT('',(1.3E0,7.5E-2,2.E0));
#4525=LINE('',#4524,#4523);
#4526=CURVE_STYLE('',#35,POSITIVE_LENGTH_MEASURE(2.E-2),#3);
#4527=PRESENTATION_STYLE_ASSIGNMENT((#4526));
#4528=STYLED_ITEM('',(#4527),#4525);
#4529=DIRECTION('',(0.E0,0.E0,-1.E0));
#4530=VECTOR('',#4529,1.E-1);
#4531=CARTESIAN_POINT('',(-9.75E-1,7.5E-2,-1.9E0));
#4532=LINE('',#4531,#4530);
#4533=CURVE_STYLE('',#35,POSITIVE_LENGTH_MEASURE(2.E-2),#3);
#4534=PRESENTATION_STYLE_ASSIGNMENT((#4533));
#4535=STYLED_ITEM('',(#4534),#4532);
#4536=DIRECTION('',(1.E0,0.E0,0.E0));
#4537=VECTOR('',#4536,3.25E-1);
#4538=CARTESIAN_POINT('',(-1.3E0,7.5E-2,-1.9E0));
#4539=LINE('',#4538,#4537);
#4540=CURVE_STYLE('',#35,POSITIVE_LENGTH_MEASURE(2.E-2),#3);
#4541=PRESENTATION_STYLE_ASSIGNMENT((#4540));
#4542=STYLED_ITEM('',(#4541),#4539);
#4543=DIRECTION('',(0.E0,0.E0,1.E0));
#4544=VECTOR('',#4543,1.E-1);
#4545=CARTESIAN_POINT('',(-1.3E0,7.5E-2,-2.E0));
#4546=LINE('',#4545,#4544);
#4547=CURVE_STYLE('',#35,POSITIVE_LENGTH_MEASURE(2.E-2),#3);
#4548=PRESENTATION_STYLE_ASSIGNMENT((#4547));
#4549=STYLED_ITEM('',(#4548),#4546);
#4550=DIRECTION('',(0.E0,0.E0,-1.E0));
#4551=VECTOR('',#4550,1.E-1);
#4552=CARTESIAN_POINT('',(1.3E0,7.5E-2,-1.9E0));
#4553=LINE('',#4552,#4551);
#4554=CURVE_STYLE('',#35,POSITIVE_LENGTH_MEASURE(2.E-2),#3);
#4555=PRESENTATION_STYLE_ASSIGNMENT((#4554));
#4556=STYLED_ITEM('',(#4555),#4553);
#4557=DIRECTION('',(1.E0,0.E0,0.E0));
#4558=VECTOR('',#4557,3.25E-1);
#4559=CARTESIAN_POINT('',(9.75E-1,7.5E-2,-1.9E0));
#4560=LINE('',#4559,#4558);
#4561=CURVE_STYLE('',#35,POSITIVE_LENGTH_MEASURE(2.E-2),#3);
#4562=PRESENTATION_STYLE_ASSIGNMENT((#4561));
#4563=STYLED_ITEM('',(#4562),#4560);
#4564=DIRECTION('',(0.E0,0.E0,1.E0));
#4565=VECTOR('',#4564,1.E-1);
#4566=CARTESIAN_POINT('',(9.75E-1,7.5E-2,-2.E0));
#4567=LINE('',#4566,#4565);
#4568=CURVE_STYLE('',#35,POSITIVE_LENGTH_MEASURE(2.E-2),#3);
#4569=PRESENTATION_STYLE_ASSIGNMENT((#4568));
#4570=STYLED_ITEM('',(#4569),#4567);
#4571=DIRECTION('',(0.E0,1.E0,0.E0));
#4572=VECTOR('',#4571,1.E-1);
#4573=CARTESIAN_POINT('',(-1.3E0,7.5E-2,1.9E0));
#4574=LINE('',#4573,#4572);
#4575=CURVE_STYLE('',#35,POSITIVE_LENGTH_MEASURE(2.E-2),#3);
#4576=PRESENTATION_STYLE_ASSIGNMENT((#4575));
#4577=STYLED_ITEM('',(#4576),#4574);
#4578=DIRECTION('',(0.E0,0.E0,-1.E0));
#4579=VECTOR('',#4578,1.E-1);
#4580=CARTESIAN_POINT('',(-9.75E-1,1.75E-1,2.E0));
#4581=LINE('',#4580,#4579);
#4582=CURVE_STYLE('',#35,POSITIVE_LENGTH_MEASURE(2.E-2),#3);
#4583=PRESENTATION_STYLE_ASSIGNMENT((#4582));
#4584=STYLED_ITEM('',(#4583),#4581);
#4585=DIRECTION('',(-1.E0,0.E0,0.E0));
#4586=VECTOR('',#4585,3.25E-1);
#4587=CARTESIAN_POINT('',(-9.75E-1,1.75E-1,1.9E0));
#4588=LINE('',#4587,#4586);
#4589=CURVE_STYLE('',#35,POSITIVE_LENGTH_MEASURE(2.E-2),#3);
#4590=PRESENTATION_STYLE_ASSIGNMENT((#4589));
#4591=STYLED_ITEM('',(#4590),#4588);
#4592=DIRECTION('',(0.E0,0.E0,1.E0));
#4593=VECTOR('',#4592,1.E-1);
#4594=CARTESIAN_POINT('',(-1.3E0,1.75E-1,1.9E0));
#4595=LINE('',#4594,#4593);
#4596=CURVE_STYLE('',#35,POSITIVE_LENGTH_MEASURE(2.E-2),#3);
#4597=PRESENTATION_STYLE_ASSIGNMENT((#4596));
#4598=STYLED_ITEM('',(#4597),#4595);
#4599=DIRECTION('',(0.E0,0.E0,-1.E0));
#4600=VECTOR('',#4599,1.E-1);
#4601=CARTESIAN_POINT('',(1.3E0,1.75E-1,2.E0));
#4602=LINE('',#4601,#4600);
#4603=CURVE_STYLE('',#35,POSITIVE_LENGTH_MEASURE(2.E-2),#3);
#4604=PRESENTATION_STYLE_ASSIGNMENT((#4603));
#4605=STYLED_ITEM('',(#4604),#4602);
#4606=DIRECTION('',(-1.E0,0.E0,0.E0));
#4607=VECTOR('',#4606,3.25E-1);
#4608=CARTESIAN_POINT('',(1.3E0,1.75E-1,1.9E0));
#4609=LINE('',#4608,#4607);
#4610=CURVE_STYLE('',#35,POSITIVE_LENGTH_MEASURE(2.E-2),#3);
#4611=PRESENTATION_STYLE_ASSIGNMENT((#4610));
#4612=STYLED_ITEM('',(#4611),#4609);
#4613=DIRECTION('',(0.E0,0.E0,1.E0));
#4614=VECTOR('',#4613,1.E-1);
#4615=CARTESIAN_POINT('',(9.75E-1,1.75E-1,1.9E0));
#4616=LINE('',#4615,#4614);
#4617=CURVE_STYLE('',#35,POSITIVE_LENGTH_MEASURE(2.E-2),#3);
#4618=PRESENTATION_STYLE_ASSIGNMENT((#4617));
#4619=STYLED_ITEM('',(#4618),#4616);
#4620=DIRECTION('',(0.E0,0.E0,1.E0));
#4621=VECTOR('',#4620,1.E-1);
#4622=CARTESIAN_POINT('',(-1.3E0,1.75E-1,-2.E0));
#4623=LINE('',#4622,#4621);
#4624=CURVE_STYLE('',#35,POSITIVE_LENGTH_MEASURE(2.E-2),#3);
#4625=PRESENTATION_STYLE_ASSIGNMENT((#4624));
#4626=STYLED_ITEM('',(#4625),#4623);
#4627=DIRECTION('',(1.E0,0.E0,0.E0));
#4628=VECTOR('',#4627,3.25E-1);
#4629=CARTESIAN_POINT('',(-1.3E0,1.75E-1,-1.9E0));
#4630=LINE('',#4629,#4628);
#4631=CURVE_STYLE('',#35,POSITIVE_LENGTH_MEASURE(2.E-2),#3);
#4632=PRESENTATION_STYLE_ASSIGNMENT((#4631));
#4633=STYLED_ITEM('',(#4632),#4630);
#4634=DIRECTION('',(0.E0,0.E0,-1.E0));
#4635=VECTOR('',#4634,1.E-1);
#4636=CARTESIAN_POINT('',(-9.75E-1,1.75E-1,-1.9E0));
#4637=LINE('',#4636,#4635);
#4638=CURVE_STYLE('',#35,POSITIVE_LENGTH_MEASURE(2.E-2),#3);
#4639=PRESENTATION_STYLE_ASSIGNMENT((#4638));
#4640=STYLED_ITEM('',(#4639),#4637);
#4641=DIRECTION('',(0.E0,0.E0,1.E0));
#4642=VECTOR('',#4641,1.E-1);
#4643=CARTESIAN_POINT('',(9.75E-1,1.75E-1,-2.E0));
#4644=LINE('',#4643,#4642);
#4645=CURVE_STYLE('',#35,POSITIVE_LENGTH_MEASURE(2.E-2),#3);
#4646=PRESENTATION_STYLE_ASSIGNMENT((#4645));
#4647=STYLED_ITEM('',(#4646),#4644);
#4648=DIRECTION('',(1.E0,0.E0,0.E0));
#4649=VECTOR('',#4648,3.25E-1);
#4650=CARTESIAN_POINT('',(9.75E-1,1.75E-1,-1.9E0));
#4651=LINE('',#4650,#4649);
#4652=CURVE_STYLE('',#35,POSITIVE_LENGTH_MEASURE(2.E-2),#3);
#4653=PRESENTATION_STYLE_ASSIGNMENT((#4652));
#4654=STYLED_ITEM('',(#4653),#4651);
#4655=DIRECTION('',(0.E0,0.E0,-1.E0));
#4656=VECTOR('',#4655,1.E-1);
#4657=CARTESIAN_POINT('',(1.3E0,1.75E-1,-1.9E0));
#4658=LINE('',#4657,#4656);
#4659=CURVE_STYLE('',#35,POSITIVE_LENGTH_MEASURE(2.E-2),#3);
#4660=PRESENTATION_STYLE_ASSIGNMENT((#4659));
#4661=STYLED_ITEM('',(#4660),#4658);
#4662=DIRECTION('',(0.E0,1.E0,0.E0));
#4663=VECTOR('',#4662,1.E-1);
#4664=CARTESIAN_POINT('',(-9.75E-1,7.5E-2,1.9E0));
#4665=LINE('',#4664,#4663);
#4666=CURVE_STYLE('',#35,POSITIVE_LENGTH_MEASURE(2.E-2),#3);
#4667=PRESENTATION_STYLE_ASSIGNMENT((#4666));
#4668=STYLED_ITEM('',(#4667),#4665);
#4669=DIRECTION('',(0.E0,1.E0,0.E0));
#4670=VECTOR('',#4669,1.E-1);
#4671=CARTESIAN_POINT('',(1.3E0,7.5E-2,1.9E0));
#4672=LINE('',#4671,#4670);
#4673=CURVE_STYLE('',#35,POSITIVE_LENGTH_MEASURE(2.E-2),#3);
#4674=PRESENTATION_STYLE_ASSIGNMENT((#4673));
#4675=STYLED_ITEM('',(#4674),#4672);
#4676=DIRECTION('',(0.E0,1.E0,0.E0));
#4677=VECTOR('',#4676,1.E-1);
#4678=CARTESIAN_POINT('',(9.75E-1,7.5E-2,1.9E0));
#4679=LINE('',#4678,#4677);
#4680=CURVE_STYLE('',#35,POSITIVE_LENGTH_MEASURE(2.E-2),#3);
#4681=PRESENTATION_STYLE_ASSIGNMENT((#4680));
#4682=STYLED_ITEM('',(#4681),#4679);
#4683=DIRECTION('',(0.E0,1.E0,0.E0));
#4684=VECTOR('',#4683,1.E-1);
#4685=CARTESIAN_POINT('',(-1.3E0,7.5E-2,-1.9E0));
#4686=LINE('',#4685,#4684);
#4687=CURVE_STYLE('',#35,POSITIVE_LENGTH_MEASURE(2.E-2),#3);
#4688=PRESENTATION_STYLE_ASSIGNMENT((#4687));
#4689=STYLED_ITEM('',(#4688),#4686);
#4690=DIRECTION('',(0.E0,1.E0,0.E0));
#4691=VECTOR('',#4690,1.E-1);
#4692=CARTESIAN_POINT('',(-9.75E-1,7.5E-2,-1.9E0));
#4693=LINE('',#4692,#4691);
#4694=CURVE_STYLE('',#35,POSITIVE_LENGTH_MEASURE(2.E-2),#3);
#4695=PRESENTATION_STYLE_ASSIGNMENT((#4694));
#4696=STYLED_ITEM('',(#4695),#4693);
#4697=DIRECTION('',(0.E0,1.E0,0.E0));
#4698=VECTOR('',#4697,1.E-1);
#4699=CARTESIAN_POINT('',(9.75E-1,7.5E-2,-1.9E0));
#4700=LINE('',#4699,#4698);
#4701=CURVE_STYLE('',#35,POSITIVE_LENGTH_MEASURE(2.E-2),#3);
#4702=PRESENTATION_STYLE_ASSIGNMENT((#4701));
#4703=STYLED_ITEM('',(#4702),#4700);
#4704=DIRECTION('',(0.E0,1.E0,0.E0));
#4705=VECTOR('',#4704,1.E-1);
#4706=CARTESIAN_POINT('',(1.3E0,7.5E-2,-1.9E0));
#4707=LINE('',#4706,#4705);
#4708=CURVE_STYLE('',#35,POSITIVE_LENGTH_MEASURE(2.E-2),#3);
#4709=PRESENTATION_STYLE_ASSIGNMENT((#4708));
#4710=STYLED_ITEM('',(#4709),#4707);
#4711=DIRECTION('',(0.E0,1.E0,0.E0));
#4712=VECTOR('',#4711,1.75E-1);
#4713=CARTESIAN_POINT('',(-1.501E0,0.E0,1.35E0));
#4714=LINE('',#4713,#4712);
#4715=CURVE_STYLE('',#35,POSITIVE_LENGTH_MEASURE(2.E-2),#3);
#4716=PRESENTATION_STYLE_ASSIGNMENT((#4715));
#4717=STYLED_ITEM('',(#4716),#4714);
#4718=DIRECTION('',(0.E0,1.E0,0.E0));
#4719=VECTOR('',#4718,1.75E-1);
#4720=CARTESIAN_POINT('',(-1.5E0,0.E0,1.349E0));
#4721=LINE('',#4720,#4719);
#4722=CURVE_STYLE('',#35,POSITIVE_LENGTH_MEASURE(2.E-2),#3);
#4723=PRESENTATION_STYLE_ASSIGNMENT((#4722));
#4724=STYLED_ITEM('',(#4723),#4721);
#4725=DIRECTION('',(0.E0,1.E0,0.E0));
#4726=VECTOR('',#4725,1.75E-1);
#4727=CARTESIAN_POINT('',(-1.5E0,0.E0,1.051E0));
#4728=LINE('',#4727,#4726);
#4729=CURVE_STYLE('',#35,POSITIVE_LENGTH_MEASURE(2.E-2),#3);
#4730=PRESENTATION_STYLE_ASSIGNMENT((#4729));
#4731=STYLED_ITEM('',(#4730),#4728);
#4732=DIRECTION('',(0.E0,1.E0,0.E0));
#4733=VECTOR('',#4732,1.75E-1);
#4734=CARTESIAN_POINT('',(-1.501E0,0.E0,1.05E0));
#4735=LINE('',#4734,#4733);
#4736=CURVE_STYLE('',#35,POSITIVE_LENGTH_MEASURE(2.E-2),#3);
#4737=PRESENTATION_STYLE_ASSIGNMENT((#4736));
#4738=STYLED_ITEM('',(#4737),#4735);
#4739=DIRECTION('',(1.E0,0.E0,0.E0));
#4740=VECTOR('',#4739,4.99E-1);
#4741=CARTESIAN_POINT('',(-2.E0,1.75E-1,1.35E0));
#4742=LINE('',#4741,#4740);
#4743=CURVE_STYLE('',#35,POSITIVE_LENGTH_MEASURE(2.E-2),#3);
#4744=PRESENTATION_STYLE_ASSIGNMENT((#4743));
#4745=STYLED_ITEM('',(#4744),#4742);
#4746=CARTESIAN_POINT('',(-1.501E0,1.75E-1,1.349E0));
#4747=DIRECTION('',(0.E0,1.E0,0.E0));
#4748=DIRECTION('',(0.E0,0.E0,1.E0));
#4749=AXIS2_PLACEMENT_3D('',#4746,#4747,#4748);
#4751=CURVE_STYLE('',#35,POSITIVE_LENGTH_MEASURE(2.E-2),#3);
#4752=PRESENTATION_STYLE_ASSIGNMENT((#4751));
#4753=STYLED_ITEM('',(#4752),#4750);
#4754=DIRECTION('',(0.E0,0.E0,-1.E0));
#4755=VECTOR('',#4754,2.98E-1);
#4756=CARTESIAN_POINT('',(-1.5E0,1.75E-1,1.349E0));
#4757=LINE('',#4756,#4755);
#4758=CURVE_STYLE('',#35,POSITIVE_LENGTH_MEASURE(2.E-2),#3);
#4759=PRESENTATION_STYLE_ASSIGNMENT((#4758));
#4760=STYLED_ITEM('',(#4759),#4757);
#4761=CARTESIAN_POINT('',(-1.501E0,1.75E-1,1.051E0));
#4762=DIRECTION('',(0.E0,1.E0,0.E0));
#4763=DIRECTION('',(1.E0,0.E0,0.E0));
#4764=AXIS2_PLACEMENT_3D('',#4761,#4762,#4763);
#4766=CURVE_STYLE('',#35,POSITIVE_LENGTH_MEASURE(2.E-2),#3);
#4767=PRESENTATION_STYLE_ASSIGNMENT((#4766));
#4768=STYLED_ITEM('',(#4767),#4765);
#4769=DIRECTION('',(-1.E0,0.E0,0.E0));
#4770=VECTOR('',#4769,4.99E-1);
#4771=CARTESIAN_POINT('',(-1.501E0,1.75E-1,1.05E0));
#4772=LINE('',#4771,#4770);
#4773=CURVE_STYLE('',#35,POSITIVE_LENGTH_MEASURE(2.E-2),#3);
#4774=PRESENTATION_STYLE_ASSIGNMENT((#4773));
#4775=STYLED_ITEM('',(#4774),#4772);
#4776=DIRECTION('',(0.E0,1.E0,0.E0));
#4777=VECTOR('',#4776,1.75E-1);
#4778=CARTESIAN_POINT('',(-1.501E0,0.E0,5.5E-1));
#4779=LINE('',#4778,#4777);
#4780=CURVE_STYLE('',#35,POSITIVE_LENGTH_MEASURE(2.E-2),#3);
#4781=PRESENTATION_STYLE_ASSIGNMENT((#4780));
#4782=STYLED_ITEM('',(#4781),#4779);
#4783=DIRECTION('',(0.E0,1.E0,0.E0));
#4784=VECTOR('',#4783,1.75E-1);
#4785=CARTESIAN_POINT('',(-1.5E0,0.E0,5.49E-1));
#4786=LINE('',#4785,#4784);
#4787=CURVE_STYLE('',#35,POSITIVE_LENGTH_MEASURE(2.E-2),#3);
#4788=PRESENTATION_STYLE_ASSIGNMENT((#4787));
#4789=STYLED_ITEM('',(#4788),#4786);
#4790=DIRECTION('',(0.E0,1.E0,0.E0));
#4791=VECTOR('',#4790,1.75E-1);
#4792=CARTESIAN_POINT('',(-1.5E0,0.E0,2.51E-1));
#4793=LINE('',#4792,#4791);
#4794=CURVE_STYLE('',#35,POSITIVE_LENGTH_MEASURE(2.E-2),#3);
#4795=PRESENTATION_STYLE_ASSIGNMENT((#4794));
#4796=STYLED_ITEM('',(#4795),#4793);
#4797=DIRECTION('',(0.E0,1.E0,0.E0));
#4798=VECTOR('',#4797,1.75E-1);
#4799=CARTESIAN_POINT('',(-1.501E0,0.E0,2.5E-1));
#4800=LINE('',#4799,#4798);
#4801=CURVE_STYLE('',#35,POSITIVE_LENGTH_MEASURE(2.E-2),#3);
#4802=PRESENTATION_STYLE_ASSIGNMENT((#4801));
#4803=STYLED_ITEM('',(#4802),#4800);
#4804=DIRECTION('',(1.E0,0.E0,0.E0));
#4805=VECTOR('',#4804,4.99E-1);
#4806=CARTESIAN_POINT('',(-2.E0,1.75E-1,5.5E-1));
#4807=LINE('',#4806,#4805);
#4808=CURVE_STYLE('',#35,POSITIVE_LENGTH_MEASURE(2.E-2),#3);
#4809=PRESENTATION_STYLE_ASSIGNMENT((#4808));
#4810=STYLED_ITEM('',(#4809),#4807);
#4811=CARTESIAN_POINT('',(-1.501E0,1.75E-1,5.49E-1));
#4812=DIRECTION('',(0.E0,1.E0,0.E0));
#4813=DIRECTION('',(4.440892098501E-13,0.E0,1.E0));
#4814=AXIS2_PLACEMENT_3D('',#4811,#4812,#4813);
#4816=CURVE_STYLE('',#35,POSITIVE_LENGTH_MEASURE(2.E-2),#3);
#4817=PRESENTATION_STYLE_ASSIGNMENT((#4816));
#4818=STYLED_ITEM('',(#4817),#4815);
#4819=DIRECTION('',(0.E0,0.E0,-1.E0));
#4820=VECTOR('',#4819,2.98E-1);
#4821=CARTESIAN_POINT('',(-1.5E0,1.75E-1,5.49E-1));
#4822=LINE('',#4821,#4820);
#4823=CURVE_STYLE('',#35,POSITIVE_LENGTH_MEASURE(2.E-2),#3);
#4824=PRESENTATION_STYLE_ASSIGNMENT((#4823));
#4825=STYLED_ITEM('',(#4824),#4822);
#4826=CARTESIAN_POINT('',(-1.501E0,1.75E-1,2.51E-1));
#4827=DIRECTION('',(0.E0,1.E0,0.E0));
#4828=DIRECTION('',(1.E0,0.E0,0.E0));
#4829=AXIS2_PLACEMENT_3D('',#4826,#4827,#4828);
#4831=CURVE_STYLE('',#35,POSITIVE_LENGTH_MEASURE(2.E-2),#3);
#4832=PRESENTATION_STYLE_ASSIGNMENT((#4831));
#4833=STYLED_ITEM('',(#4832),#4830);
#4834=DIRECTION('',(-1.E0,0.E0,0.E0));
#4835=VECTOR('',#4834,4.99E-1);
#4836=CARTESIAN_POINT('',(-1.501E0,1.75E-1,2.5E-1));
#4837=LINE('',#4836,#4835);
#4838=CURVE_STYLE('',#35,POSITIVE_LENGTH_MEASURE(2.E-2),#3);
#4839=PRESENTATION_STYLE_ASSIGNMENT((#4838));
#4840=STYLED_ITEM('',(#4839),#4837);
#4841=DIRECTION('',(0.E0,1.E0,0.E0));
#4842=VECTOR('',#4841,1.75E-1);
#4843=CARTESIAN_POINT('',(-1.501E0,0.E0,-2.5E-1));
#4844=LINE('',#4843,#4842);
#4845=CURVE_STYLE('',#35,POSITIVE_LENGTH_MEASURE(2.E-2),#3);
#4846=PRESENTATION_STYLE_ASSIGNMENT((#4845));
#4847=STYLED_ITEM('',(#4846),#4844);
#4848=DIRECTION('',(0.E0,1.E0,0.E0));
#4849=VECTOR('',#4848,1.75E-1);
#4850=CARTESIAN_POINT('',(-1.5E0,0.E0,-2.51E-1));
#4851=LINE('',#4850,#4849);
#4852=CURVE_STYLE('',#35,POSITIVE_LENGTH_MEASURE(2.E-2),#3);
#4853=PRESENTATION_STYLE_ASSIGNMENT((#4852));
#4854=STYLED_ITEM('',(#4853),#4851);
#4855=DIRECTION('',(0.E0,1.E0,0.E0));
#4856=VECTOR('',#4855,1.75E-1);
#4857=CARTESIAN_POINT('',(-1.5E0,0.E0,-5.49E-1));
#4858=LINE('',#4857,#4856);
#4859=CURVE_STYLE('',#35,POSITIVE_LENGTH_MEASURE(2.E-2),#3);
#4860=PRESENTATION_STYLE_ASSIGNMENT((#4859));
#4861=STYLED_ITEM('',(#4860),#4858);
#4862=DIRECTION('',(0.E0,1.E0,0.E0));
#4863=VECTOR('',#4862,1.75E-1);
#4864=CARTESIAN_POINT('',(-1.501E0,0.E0,-5.5E-1));
#4865=LINE('',#4864,#4863);
#4866=CURVE_STYLE('',#35,POSITIVE_LENGTH_MEASURE(2.E-2),#3);
#4867=PRESENTATION_STYLE_ASSIGNMENT((#4866));
#4868=STYLED_ITEM('',(#4867),#4865);
#4869=DIRECTION('',(1.E0,0.E0,0.E0));
#4870=VECTOR('',#4869,4.99E-1);
#4871=CARTESIAN_POINT('',(-2.E0,1.75E-1,-2.5E-1));
#4872=LINE('',#4871,#4870);
#4873=CURVE_STYLE('',#35,POSITIVE_LENGTH_MEASURE(2.E-2),#3);
#4874=PRESENTATION_STYLE_ASSIGNMENT((#4873));
#4875=STYLED_ITEM('',(#4874),#4872);
#4876=CARTESIAN_POINT('',(-1.501E0,1.75E-1,-2.51E-1));
#4877=DIRECTION('',(0.E0,1.E0,0.E0));
#4878=DIRECTION('',(2.220446049250E-13,0.E0,1.E0));
#4879=AXIS2_PLACEMENT_3D('',#4876,#4877,#4878);
#4881=CURVE_STYLE('',#35,POSITIVE_LENGTH_MEASURE(2.E-2),#3);
#4882=PRESENTATION_STYLE_ASSIGNMENT((#4881));
#4883=STYLED_ITEM('',(#4882),#4880);
#4884=DIRECTION('',(0.E0,0.E0,-1.E0));
#4885=VECTOR('',#4884,2.98E-1);
#4886=CARTESIAN_POINT('',(-1.5E0,1.75E-1,-2.51E-1));
#4887=LINE('',#4886,#4885);
#4888=CURVE_STYLE('',#35,POSITIVE_LENGTH_MEASURE(2.E-2),#3);
#4889=PRESENTATION_STYLE_ASSIGNMENT((#4888));
#4890=STYLED_ITEM('',(#4889),#4887);
#4891=CARTESIAN_POINT('',(-1.501E0,1.75E-1,-5.49E-1));
#4892=DIRECTION('',(0.E0,1.E0,0.E0));
#4893=DIRECTION('',(1.E0,0.E0,0.E0));
#4894=AXIS2_PLACEMENT_3D('',#4891,#4892,#4893);
#4896=CURVE_STYLE('',#35,POSITIVE_LENGTH_MEASURE(2.E-2),#3);
#4897=PRESENTATION_STYLE_ASSIGNMENT((#4896));
#4898=STYLED_ITEM('',(#4897),#4895);
#4899=DIRECTION('',(-1.E0,0.E0,0.E0));
#4900=VECTOR('',#4899,4.99E-1);
#4901=CARTESIAN_POINT('',(-1.501E0,1.75E-1,-5.5E-1));
#4902=LINE('',#4901,#4900);
#4903=CURVE_STYLE('',#35,POSITIVE_LENGTH_MEASURE(2.E-2),#3);
#4904=PRESENTATION_STYLE_ASSIGNMENT((#4903));
#4905=STYLED_ITEM('',(#4904),#4902);
#4906=DIRECTION('',(0.E0,-1.E0,0.E0));
#4907=VECTOR('',#4906,1.75E-1);
#4908=CARTESIAN_POINT('',(-1.1E0,1.75E-1,-1.2E0));
#4909=LINE('',#4908,#4907);
#4910=CURVE_STYLE('',#35,POSITIVE_LENGTH_MEASURE(2.E-2),#3);
#4911=PRESENTATION_STYLE_ASSIGNMENT((#4910));
#4912=STYLED_ITEM('',(#4911),#4909);
#4913=DIRECTION('',(0.E0,1.E0,0.E0));
#4914=VECTOR('',#4913,1.75E-1);
#4915=CARTESIAN_POINT('',(-1.1E0,0.E0,1.5E0));
#4916=LINE('',#4915,#4914);
#4917=CURVE_STYLE('',#35,POSITIVE_LENGTH_MEASURE(2.E-2),#3);
#4918=PRESENTATION_STYLE_ASSIGNMENT((#4917));
#4919=STYLED_ITEM('',(#4918),#4916);
#4920=DIRECTION('',(0.E0,1.E0,0.E0));
#4921=VECTOR('',#4920,1.75E-1);
#4922=CARTESIAN_POINT('',(1.1E0,0.E0,1.5E0));
#4923=LINE('',#4922,#4921);
#4924=CURVE_STYLE('',#35,POSITIVE_LENGTH_MEASURE(2.E-2),#3);
#4925=PRESENTATION_STYLE_ASSIGNMENT((#4924));
#4926=STYLED_ITEM('',(#4925),#4923);
#4927=DIRECTION('',(0.E0,-1.E0,0.E0));
#4928=VECTOR('',#4927,1.75E-1);
#4929=CARTESIAN_POINT('',(-8.E-1,1.75E-1,-1.5E0));
#4930=LINE('',#4929,#4928);
#4931=CURVE_STYLE('',#35,POSITIVE_LENGTH_MEASURE(2.E-2),#3);
#4932=PRESENTATION_STYLE_ASSIGNMENT((#4931));
#4933=STYLED_ITEM('',(#4932),#4930);
#4934=DIRECTION('',(0.E0,1.E0,0.E0));
#4935=VECTOR('',#4934,1.75E-1);
#4936=CARTESIAN_POINT('',(1.1E0,0.E0,-1.5E0));
#4937=LINE('',#4936,#4935);
#4938=CURVE_STYLE('',#35,POSITIVE_LENGTH_MEASURE(2.E-2),#3);
#4939=PRESENTATION_STYLE_ASSIGNMENT((#4938));
#4940=STYLED_ITEM('',(#4939),#4937);
#4941=DIRECTION('',(-7.071067811865E-1,0.E0,7.071067811865E-1));
#4942=VECTOR('',#4941,4.242640687119E-1);
#4943=CARTESIAN_POINT('',(-8.E-1,1.75E-1,-1.5E0));
#4944=LINE('',#4943,#4942);
#4945=CURVE_STYLE('',#35,POSITIVE_LENGTH_MEASURE(2.E-2),#3);
#4946=PRESENTATION_STYLE_ASSIGNMENT((#4945));
#4947=STYLED_ITEM('',(#4946),#4944);
#4948=DIRECTION('',(0.E0,0.E0,1.E0));
#4949=VECTOR('',#4948,2.7E0);
#4950=CARTESIAN_POINT('',(-1.1E0,1.75E-1,-1.2E0));
#4951=LINE('',#4950,#4949);
#4952=CURVE_STYLE('',#35,POSITIVE_LENGTH_MEASURE(2.E-2),#3);
#4953=PRESENTATION_STYLE_ASSIGNMENT((#4952));
#4954=STYLED_ITEM('',(#4953),#4951);
#4955=DIRECTION('',(1.E0,0.E0,0.E0));
#4956=VECTOR('',#4955,2.2E0);
#4957=CARTESIAN_POINT('',(-1.1E0,1.75E-1,1.5E0));
#4958=LINE('',#4957,#4956);
#4959=CURVE_STYLE('',#35,POSITIVE_LENGTH_MEASURE(2.E-2),#3);
#4960=PRESENTATION_STYLE_ASSIGNMENT((#4959));
#4961=STYLED_ITEM('',(#4960),#4958);
#4962=DIRECTION('',(0.E0,0.E0,-1.E0));
#4963=VECTOR('',#4962,3.E0);
#4964=CARTESIAN_POINT('',(1.1E0,1.75E-1,1.5E0));
#4965=LINE('',#4964,#4963);
#4966=CURVE_STYLE('',#35,POSITIVE_LENGTH_MEASURE(2.E-2),#3);
#4967=PRESENTATION_STYLE_ASSIGNMENT((#4966));
#4968=STYLED_ITEM('',(#4967),#4965);
#4969=DIRECTION('',(-1.E0,0.E0,0.E0));
#4970=VECTOR('',#4969,1.9E0);
#4971=CARTESIAN_POINT('',(1.1E0,1.75E-1,-1.5E0));
#4972=LINE('',#4971,#4970);
#4973=CURVE_STYLE('',#35,POSITIVE_LENGTH_MEASURE(2.E-2),#3);
#4974=PRESENTATION_STYLE_ASSIGNMENT((#4973));
#4975=STYLED_ITEM('',(#4974),#4972);
#4976=CARTESIAN_POINT('',(-2.E0,0.E0,2.E0));
#4977=CARTESIAN_POINT('',(2.E0,0.E0,2.E0));
#4978=VERTEX_POINT('',#4976);
#4979=VERTEX_POINT('',#4977);
#4980=CARTESIAN_POINT('',(2.E0,0.E0,-2.E0));
#4981=CARTESIAN_POINT('',(-2.E0,0.E0,-2.E0));
#4982=VERTEX_POINT('',#4980);
#4983=VERTEX_POINT('',#4981);
#4984=CARTESIAN_POINT('',(-2.E0,7.75E-1,-2.E0));
#4985=CARTESIAN_POINT('',(-2.E0,7.75E-1,2.E0));
#4986=VERTEX_POINT('',#4984);
#4987=VERTEX_POINT('',#4985);
#4988=CARTESIAN_POINT('',(2.E0,7.75E-1,2.E0));
#4989=VERTEX_POINT('',#4988);
#4990=CARTESIAN_POINT('',(2.E0,7.75E-1,-2.E0));
#4991=VERTEX_POINT('',#4990);
#4992=CARTESIAN_POINT('',(-1.1E0,1.75E-1,1.5E0));
#4993=CARTESIAN_POINT('',(1.1E0,1.75E-1,1.5E0));
#4994=VERTEX_POINT('',#4992);
#4995=VERTEX_POINT('',#4993);
#4996=CARTESIAN_POINT('',(1.1E0,1.75E-1,-1.5E0));
#4997=VERTEX_POINT('',#4996);
#4998=CARTESIAN_POINT('',(-8.E-1,1.75E-1,-1.5E0));
#4999=CARTESIAN_POINT('',(-1.1E0,1.75E-1,-1.2E0));
#5000=VERTEX_POINT('',#4998);
#5001=VERTEX_POINT('',#4999);
#5002=CARTESIAN_POINT('',(-2.E0,0.E0,-1.05E0));
#5003=CARTESIAN_POINT('',(-1.501E0,0.E0,-1.05E0));
#5004=VERTEX_POINT('',#5002);
#5005=VERTEX_POINT('',#5003);
#5006=CARTESIAN_POINT('',(-2.E0,0.E0,-1.35E0));
#5007=CARTESIAN_POINT('',(-1.501E0,0.E0,-1.35E0));
#5008=VERTEX_POINT('',#5006);
#5009=VERTEX_POINT('',#5007);
#5010=CARTESIAN_POINT('',(-2.E0,0.E0,-2.5E-1));
#5011=CARTESIAN_POINT('',(-1.501E0,0.E0,-2.5E-1));
#5012=VERTEX_POINT('',#5010);
#5013=VERTEX_POINT('',#5011);
#5014=CARTESIAN_POINT('',(-2.E0,0.E0,-5.5E-1));
#5015=CARTESIAN_POINT('',(-1.501E0,0.E0,-5.5E-1));
#5016=VERTEX_POINT('',#5014);
#5017=VERTEX_POINT('',#5015);
#5018=CARTESIAN_POINT('',(-2.E0,0.E0,5.5E-1));
#5019=CARTESIAN_POINT('',(-1.501E0,0.E0,5.5E-1));
#5020=VERTEX_POINT('',#5018);
#5021=VERTEX_POINT('',#5019);
#5022=CARTESIAN_POINT('',(-2.E0,0.E0,2.5E-1));
#5023=CARTESIAN_POINT('',(-1.501E0,0.E0,2.5E-1));
#5024=VERTEX_POINT('',#5022);
#5025=VERTEX_POINT('',#5023);
#5026=CARTESIAN_POINT('',(-2.E0,0.E0,1.35E0));
#5027=CARTESIAN_POINT('',(-1.501E0,0.E0,1.35E0));
#5028=VERTEX_POINT('',#5026);
#5029=VERTEX_POINT('',#5027);
#5030=CARTESIAN_POINT('',(-2.E0,0.E0,1.05E0));
#5031=CARTESIAN_POINT('',(-1.501E0,0.E0,1.05E0));
#5032=VERTEX_POINT('',#5030);
#5033=VERTEX_POINT('',#5031);
#5034=CARTESIAN_POINT('',(2.E0,0.E0,-1.05E0));
#5035=CARTESIAN_POINT('',(1.501E0,0.E0,-1.05E0));
#5036=VERTEX_POINT('',#5034);
#5037=VERTEX_POINT('',#5035);
#5038=CARTESIAN_POINT('',(2.E0,0.E0,-1.35E0));
#5039=CARTESIAN_POINT('',(1.501E0,0.E0,-1.35E0));
#5040=VERTEX_POINT('',#5038);
#5041=VERTEX_POINT('',#5039);
#5042=CARTESIAN_POINT('',(2.E0,0.E0,-2.5E-1));
#5043=CARTESIAN_POINT('',(1.501E0,0.E0,-2.5E-1));
#5044=VERTEX_POINT('',#5042);
#5045=VERTEX_POINT('',#5043);
#5046=CARTESIAN_POINT('',(2.E0,0.E0,-5.5E-1));
#5047=CARTESIAN_POINT('',(1.501E0,0.E0,-5.5E-1));
#5048=VERTEX_POINT('',#5046);
#5049=VERTEX_POINT('',#5047);
#5050=CARTESIAN_POINT('',(2.E0,0.E0,5.5E-1));
#5051=CARTESIAN_POINT('',(1.501E0,0.E0,5.5E-1));
#5052=VERTEX_POINT('',#5050);
#5053=VERTEX_POINT('',#5051);
#5054=CARTESIAN_POINT('',(2.E0,0.E0,2.5E-1));
#5055=CARTESIAN_POINT('',(1.501E0,0.E0,2.5E-1));
#5056=VERTEX_POINT('',#5054);
#5057=VERTEX_POINT('',#5055);
#5058=CARTESIAN_POINT('',(2.E0,0.E0,1.35E0));
#5059=CARTESIAN_POINT('',(1.501E0,0.E0,1.35E0));
#5060=VERTEX_POINT('',#5058);
#5061=VERTEX_POINT('',#5059);
#5062=CARTESIAN_POINT('',(2.E0,0.E0,1.05E0));
#5063=CARTESIAN_POINT('',(1.501E0,0.E0,1.05E0));
#5064=VERTEX_POINT('',#5062);
#5065=VERTEX_POINT('',#5063);
#5066=CARTESIAN_POINT('',(-1.1E0,0.E0,-1.2E0));
#5067=CARTESIAN_POINT('',(-1.1E0,0.E0,1.5E0));
#5068=VERTEX_POINT('',#5066);
#5069=VERTEX_POINT('',#5067);
#5070=CARTESIAN_POINT('',(1.1E0,0.E0,1.5E0));
#5071=VERTEX_POINT('',#5070);
#5072=CARTESIAN_POINT('',(1.1E0,0.E0,-1.5E0));
#5073=VERTEX_POINT('',#5072);
#5074=CARTESIAN_POINT('',(-8.E-1,0.E0,-1.5E0));
#5075=VERTEX_POINT('',#5074);
#5076=CARTESIAN_POINT('',(-2.E0,1.75E-1,-1.05E0));
#5077=CARTESIAN_POINT('',(-2.E0,1.75E-1,-1.35E0));
#5078=VERTEX_POINT('',#5076);
#5079=VERTEX_POINT('',#5077);
#5080=CARTESIAN_POINT('',(-2.E0,1.75E-1,-2.5E-1));
#5081=CARTESIAN_POINT('',(-2.E0,1.75E-1,-5.5E-1));
#5082=VERTEX_POINT('',#5080);
#5083=VERTEX_POINT('',#5081);
#5084=CARTESIAN_POINT('',(-2.E0,1.75E-1,5.5E-1));
#5085=CARTESIAN_POINT('',(-2.E0,1.75E-1,2.5E-1));
#5086=VERTEX_POINT('',#5084);
#5087=VERTEX_POINT('',#5085);
#5088=CARTESIAN_POINT('',(-2.E0,1.75E-1,1.35E0));
#5089=CARTESIAN_POINT('',(-2.E0,1.75E-1,1.05E0));
#5090=VERTEX_POINT('',#5088);
#5091=VERTEX_POINT('',#5089);
#5092=CARTESIAN_POINT('',(2.E0,1.75E-1,-1.05E0));
#5093=CARTESIAN_POINT('',(2.E0,1.75E-1,-1.35E0));
#5094=VERTEX_POINT('',#5092);
#5095=VERTEX_POINT('',#5093);
#5096=CARTESIAN_POINT('',(2.E0,1.75E-1,-2.5E-1));
#5097=CARTESIAN_POINT('',(2.E0,1.75E-1,-5.5E-1));
#5098=VERTEX_POINT('',#5096);
#5099=VERTEX_POINT('',#5097);
#5100=CARTESIAN_POINT('',(2.E0,1.75E-1,5.5E-1));
#5101=CARTESIAN_POINT('',(2.E0,1.75E-1,2.5E-1));
#5102=VERTEX_POINT('',#5100);
#5103=VERTEX_POINT('',#5101);
#5104=CARTESIAN_POINT('',(2.E0,1.75E-1,1.35E0));
#5105=CARTESIAN_POINT('',(2.E0,1.75E-1,1.05E0));
#5106=VERTEX_POINT('',#5104);
#5107=VERTEX_POINT('',#5105);
#5108=CARTESIAN_POINT('',(-9.75E-1,7.5E-2,1.9E0));
#5109=CARTESIAN_POINT('',(-1.3E0,7.5E-2,1.9E0));
#5110=VERTEX_POINT('',#5108);
#5111=VERTEX_POINT('',#5109);
#5112=CARTESIAN_POINT('',(-9.75E-1,1.75E-1,1.9E0));
#5113=CARTESIAN_POINT('',(-1.3E0,1.75E-1,1.9E0));
#5114=VERTEX_POINT('',#5112);
#5115=VERTEX_POINT('',#5113);
#5116=CARTESIAN_POINT('',(-1.3E0,7.5E-2,2.E0));
#5117=CARTESIAN_POINT('',(-9.75E-1,7.5E-2,2.E0));
#5118=VERTEX_POINT('',#5116);
#5119=VERTEX_POINT('',#5117);
#5120=CARTESIAN_POINT('',(9.75E-1,7.5E-2,2.E0));
#5121=CARTESIAN_POINT('',(1.3E0,7.5E-2,2.E0));
#5122=VERTEX_POINT('',#5120);
#5123=VERTEX_POINT('',#5121);
#5124=CARTESIAN_POINT('',(-1.3E0,1.75E-1,2.E0));
#5125=CARTESIAN_POINT('',(-9.75E-1,1.75E-1,2.E0));
#5126=VERTEX_POINT('',#5124);
#5127=VERTEX_POINT('',#5125);
#5128=CARTESIAN_POINT('',(9.75E-1,1.75E-1,2.E0));
#5129=CARTESIAN_POINT('',(1.3E0,1.75E-1,2.E0));
#5130=VERTEX_POINT('',#5128);
#5131=VERTEX_POINT('',#5129);
#5132=CARTESIAN_POINT('',(-9.75E-1,7.5E-2,-2.E0));
#5133=CARTESIAN_POINT('',(-1.3E0,7.5E-2,-2.E0));
#5134=VERTEX_POINT('',#5132);
#5135=VERTEX_POINT('',#5133);
#5136=CARTESIAN_POINT('',(1.3E0,7.5E-2,-2.E0));
#5137=CARTESIAN_POINT('',(9.75E-1,7.5E-2,-2.E0));
#5138=VERTEX_POINT('',#5136);
#5139=VERTEX_POINT('',#5137);
#5140=CARTESIAN_POINT('',(-9.75E-1,1.75E-1,-2.E0));
#5141=CARTESIAN_POINT('',(-1.3E0,1.75E-1,-2.E0));
#5142=VERTEX_POINT('',#5140);
#5143=VERTEX_POINT('',#5141);
#5144=CARTESIAN_POINT('',(1.3E0,1.75E-1,-2.E0));
#5145=CARTESIAN_POINT('',(9.75E-1,1.75E-1,-2.E0));
#5146=VERTEX_POINT('',#5144);
#5147=VERTEX_POINT('',#5145);
#5148=CARTESIAN_POINT('',(-1.501E0,1.75E-1,-1.05E0));
#5149=CARTESIAN_POINT('',(-1.5E0,1.75E-1,-1.051E0));
#5150=VERTEX_POINT('',#5148);
#5151=VERTEX_POINT('',#5149);
#5152=CARTESIAN_POINT('',(-1.5E0,1.75E-1,-1.349E0));
#5153=VERTEX_POINT('',#5152);
#5154=CARTESIAN_POINT('',(-1.501E0,1.75E-1,-1.35E0));
#5155=VERTEX_POINT('',#5154);
#5156=CARTESIAN_POINT('',(-1.501E0,1.75E-1,-2.5E-1));
#5157=CARTESIAN_POINT('',(-1.5E0,1.75E-1,-2.51E-1));
#5158=VERTEX_POINT('',#5156);
#5159=VERTEX_POINT('',#5157);
#5160=CARTESIAN_POINT('',(-1.5E0,1.75E-1,-5.49E-1));
#5161=VERTEX_POINT('',#5160);
#5162=CARTESIAN_POINT('',(-1.501E0,1.75E-1,-5.5E-1));
#5163=VERTEX_POINT('',#5162);
#5164=CARTESIAN_POINT('',(-1.501E0,1.75E-1,5.5E-1));
#5165=CARTESIAN_POINT('',(-1.5E0,1.75E-1,5.49E-1));
#5166=VERTEX_POINT('',#5164);
#5167=VERTEX_POINT('',#5165);
#5168=CARTESIAN_POINT('',(-1.5E0,1.75E-1,2.51E-1));
#5169=VERTEX_POINT('',#5168);
#5170=CARTESIAN_POINT('',(-1.501E0,1.75E-1,2.5E-1));
#5171=VERTEX_POINT('',#5170);
#5172=CARTESIAN_POINT('',(-1.501E0,1.75E-1,1.35E0));
#5173=CARTESIAN_POINT('',(-1.5E0,1.75E-1,1.349E0));
#5174=VERTEX_POINT('',#5172);
#5175=VERTEX_POINT('',#5173);
#5176=CARTESIAN_POINT('',(-1.5E0,1.75E-1,1.051E0));
#5177=VERTEX_POINT('',#5176);
#5178=CARTESIAN_POINT('',(-1.501E0,1.75E-1,1.05E0));
#5179=VERTEX_POINT('',#5178);
#5180=CARTESIAN_POINT('',(1.501E0,1.75E-1,-1.05E0));
#5181=CARTESIAN_POINT('',(1.5E0,1.75E-1,-1.051E0));
#5182=VERTEX_POINT('',#5180);
#5183=VERTEX_POINT('',#5181);
#5184=CARTESIAN_POINT('',(1.5E0,1.75E-1,-1.349E0));
#5185=VERTEX_POINT('',#5184);
#5186=CARTESIAN_POINT('',(1.501E0,1.75E-1,-1.35E0));
#5187=VERTEX_POINT('',#5186);
#5188=CARTESIAN_POINT('',(1.501E0,1.75E-1,-2.5E-1));
#5189=CARTESIAN_POINT('',(1.5E0,1.75E-1,-2.51E-1));
#5190=VERTEX_POINT('',#5188);
#5191=VERTEX_POINT('',#5189);
#5192=CARTESIAN_POINT('',(1.5E0,1.75E-1,-5.49E-1));
#5193=VERTEX_POINT('',#5192);
#5194=CARTESIAN_POINT('',(1.501E0,1.75E-1,-5.5E-1));
#5195=VERTEX_POINT('',#5194);
#5196=CARTESIAN_POINT('',(1.501E0,1.75E-1,5.5E-1));
#5197=CARTESIAN_POINT('',(1.5E0,1.75E-1,5.49E-1));
#5198=VERTEX_POINT('',#5196);
#5199=VERTEX_POINT('',#5197);
#5200=CARTESIAN_POINT('',(1.5E0,1.75E-1,2.51E-1));
#5201=VERTEX_POINT('',#5200);
#5202=CARTESIAN_POINT('',(1.501E0,1.75E-1,2.5E-1));
#5203=VERTEX_POINT('',#5202);
#5204=CARTESIAN_POINT('',(1.501E0,1.75E-1,1.35E0));
#5205=CARTESIAN_POINT('',(1.5E0,1.75E-1,1.349E0));
#5206=VERTEX_POINT('',#5204);
#5207=VERTEX_POINT('',#5205);
#5208=CARTESIAN_POINT('',(1.5E0,1.75E-1,1.051E0));
#5209=VERTEX_POINT('',#5208);
#5210=CARTESIAN_POINT('',(1.501E0,1.75E-1,1.05E0));
#5211=VERTEX_POINT('',#5210);
#5212=CARTESIAN_POINT('',(-1.5E0,0.E0,-1.051E0));
#5213=VERTEX_POINT('',#5212);
#5214=CARTESIAN_POINT('',(-1.5E0,0.E0,-1.349E0));
#5215=VERTEX_POINT('',#5214);
#5216=CARTESIAN_POINT('',(-1.5E0,0.E0,-2.51E-1));
#5217=VERTEX_POINT('',#5216);
#5218=CARTESIAN_POINT('',(-1.5E0,0.E0,-5.49E-1));
#5219=VERTEX_POINT('',#5218);
#5220=CARTESIAN_POINT('',(-1.5E0,0.E0,5.49E-1));
#5221=VERTEX_POINT('',#5220);
#5222=CARTESIAN_POINT('',(-1.5E0,0.E0,2.51E-1));
#5223=VERTEX_POINT('',#5222);
#5224=CARTESIAN_POINT('',(-1.5E0,0.E0,1.349E0));
#5225=VERTEX_POINT('',#5224);
#5226=CARTESIAN_POINT('',(-1.5E0,0.E0,1.051E0));
#5227=VERTEX_POINT('',#5226);
#5228=CARTESIAN_POINT('',(1.5E0,0.E0,-1.051E0));
#5229=VERTEX_POINT('',#5228);
#5230=CARTESIAN_POINT('',(1.5E0,0.E0,-1.349E0));
#5231=VERTEX_POINT('',#5230);
#5232=CARTESIAN_POINT('',(1.5E0,0.E0,-2.51E-1));
#5233=VERTEX_POINT('',#5232);
#5234=CARTESIAN_POINT('',(1.5E0,0.E0,-5.49E-1));
#5235=VERTEX_POINT('',#5234);
#5236=CARTESIAN_POINT('',(1.5E0,0.E0,5.49E-1));
#5237=VERTEX_POINT('',#5236);
#5238=CARTESIAN_POINT('',(1.5E0,0.E0,2.51E-1));
#5239=VERTEX_POINT('',#5238);
#5240=CARTESIAN_POINT('',(1.5E0,0.E0,1.349E0));
#5241=VERTEX_POINT('',#5240);
#5242=CARTESIAN_POINT('',(1.5E0,0.E0,1.051E0));
#5243=VERTEX_POINT('',#5242);
#5244=CARTESIAN_POINT('',(1.3E0,7.5E-2,1.9E0));
#5245=CARTESIAN_POINT('',(9.75E-1,7.5E-2,1.9E0));
#5246=VERTEX_POINT('',#5244);
#5247=VERTEX_POINT('',#5245);
#5248=CARTESIAN_POINT('',(-1.3E0,7.5E-2,-1.9E0));
#5249=CARTESIAN_POINT('',(-9.75E-1,7.5E-2,-1.9E0));
#5250=VERTEX_POINT('',#5248);
#5251=VERTEX_POINT('',#5249);
#5252=CARTESIAN_POINT('',(9.75E-1,7.5E-2,-1.9E0));
#5253=CARTESIAN_POINT('',(1.3E0,7.5E-2,-1.9E0));
#5254=VERTEX_POINT('',#5252);
#5255=VERTEX_POINT('',#5253);
#5256=CARTESIAN_POINT('',(1.3E0,1.75E-1,1.9E0));
#5257=CARTESIAN_POINT('',(9.75E-1,1.75E-1,1.9E0));
#5258=VERTEX_POINT('',#5256);
#5259=VERTEX_POINT('',#5257);
#5260=CARTESIAN_POINT('',(-1.3E0,1.75E-1,-1.9E0));
#5261=CARTESIAN_POINT('',(-9.75E-1,1.75E-1,-1.9E0));
#5262=VERTEX_POINT('',#5260);
#5263=VERTEX_POINT('',#5261);
#5264=CARTESIAN_POINT('',(9.75E-1,1.75E-1,-1.9E0));
#5265=CARTESIAN_POINT('',(1.3E0,1.75E-1,-1.9E0));
#5266=VERTEX_POINT('',#5264);
#5267=VERTEX_POINT('',#5265);
#5268=CARTESIAN_POINT('',(0.E0,0.E0,0.E0));
#5269=DIRECTION('',(0.E0,1.E0,0.E0));
#5270=DIRECTION('',(1.E0,0.E0,0.E0));
#5271=AXIS2_PLACEMENT_3D('',#5268,#5269,#5270);
#5272=PLANE('',#5271);
#5274=ORIENTED_EDGE('',*,*,#5273,.F.);
#5276=ORIENTED_EDGE('',*,*,#5275,.T.);
#5278=ORIENTED_EDGE('',*,*,#5277,.T.);
#5280=ORIENTED_EDGE('',*,*,#5279,.F.);
#5282=ORIENTED_EDGE('',*,*,#5281,.F.);
#5284=ORIENTED_EDGE('',*,*,#5283,.F.);
#5286=ORIENTED_EDGE('',*,*,#5285,.F.);
#5288=ORIENTED_EDGE('',*,*,#5287,.T.);
#5290=ORIENTED_EDGE('',*,*,#5289,.T.);
#5292=ORIENTED_EDGE('',*,*,#5291,.F.);
#5294=ORIENTED_EDGE('',*,*,#5293,.F.);
#5296=ORIENTED_EDGE('',*,*,#5295,.F.);
#5298=ORIENTED_EDGE('',*,*,#5297,.F.);
#5300=ORIENTED_EDGE('',*,*,#5299,.T.);
#5302=ORIENTED_EDGE('',*,*,#5301,.T.);
#5304=ORIENTED_EDGE('',*,*,#5303,.F.);
#5306=ORIENTED_EDGE('',*,*,#5305,.F.);
#5308=ORIENTED_EDGE('',*,*,#5307,.F.);
#5310=ORIENTED_EDGE('',*,*,#5309,.F.);
#5312=ORIENTED_EDGE('',*,*,#5311,.T.);
#5314=ORIENTED_EDGE('',*,*,#5313,.T.);
#5316=ORIENTED_EDGE('',*,*,#5315,.T.);
#5318=ORIENTED_EDGE('',*,*,#5317,.T.);
#5320=ORIENTED_EDGE('',*,*,#5319,.T.);
#5322=ORIENTED_EDGE('',*,*,#5321,.T.);
#5324=ORIENTED_EDGE('',*,*,#5323,.T.);
#5326=ORIENTED_EDGE('',*,*,#5325,.F.);
#5328=ORIENTED_EDGE('',*,*,#5327,.T.);
#5330=ORIENTED_EDGE('',*,*,#5329,.T.);
#5332=ORIENTED_EDGE('',*,*,#5331,.T.);
#5334=ORIENTED_EDGE('',*,*,#5333,.T.);
#5336=ORIENTED_EDGE('',*,*,#5335,.T.);
#5338=ORIENTED_EDGE('',*,*,#5337,.F.);
#5340=ORIENTED_EDGE('',*,*,#5339,.T.);
#5342=ORIENTED_EDGE('',*,*,#5341,.T.);
#5344=ORIENTED_EDGE('',*,*,#5343,.T.);
#5346=ORIENTED_EDGE('',*,*,#5345,.T.);
#5348=ORIENTED_EDGE('',*,*,#5347,.T.);
#5350=ORIENTED_EDGE('',*,*,#5349,.F.);
#5352=ORIENTED_EDGE('',*,*,#5351,.T.);
#5354=ORIENTED_EDGE('',*,*,#5353,.T.);
#5356=ORIENTED_EDGE('',*,*,#5355,.T.);
#5358=ORIENTED_EDGE('',*,*,#5357,.T.);
#5360=ORIENTED_EDGE('',*,*,#5359,.T.);
#5362=ORIENTED_EDGE('',*,*,#5361,.F.);
#5364=ORIENTED_EDGE('',*,*,#5363,.T.);
#5366=ORIENTED_EDGE('',*,*,#5365,.T.);
#5368=ORIENTED_EDGE('',*,*,#5367,.T.);
#5370=ORIENTED_EDGE('',*,*,#5369,.T.);
#5372=ORIENTED_EDGE('',*,*,#5371,.F.);
#5374=ORIENTED_EDGE('',*,*,#5373,.F.);
#5376=ORIENTED_EDGE('',*,*,#5375,.F.);
#5377=EDGE_LOOP('',(#5274,#5276,#5278,#5280,#5282,#5284,#5286,#5288,#5290,#5292,
#5294,#5296,#5298,#5300,#5302,#5304,#5306,#5308,#5310,#5312,#5314,#5316,#5318,
#5320,#5322,#5324,#5326,#5328,#5330,#5332,#5334,#5336,#5338,#5340,#5342,#5344,
#5346,#5348,#5350,#5352,#5354,#5356,#5358,#5360,#5362,#5364,#5366,#5368,#5370,
#5372,#5374,#5376));
#5378=FACE_OUTER_BOUND('',#5377,.F.);
#5380=ORIENTED_EDGE('',*,*,#5379,.F.);
#5382=ORIENTED_EDGE('',*,*,#5381,.T.);
#5384=ORIENTED_EDGE('',*,*,#5383,.F.);
#5386=ORIENTED_EDGE('',*,*,#5385,.F.);
#5388=ORIENTED_EDGE('',*,*,#5387,.F.);
#5389=EDGE_LOOP('',(#5380,#5382,#5384,#5386,#5388));
#5390=FACE_BOUND('',#5389,.F.);
#5391=ADVANCED_FACE('',(#5378,#5390),#5272,.F.);
#5392=CARTESIAN_POINT('',(-2.1E0,-2.5E-2,-1.05E0));
#5393=DIRECTION('',(0.E0,0.E0,1.E0));
#5394=DIRECTION('',(1.E0,0.E0,0.E0));
#5395=AXIS2_PLACEMENT_3D('',#5392,#5393,#5394);
#5396=PLANE('',#5395);
#5397=ORIENTED_EDGE('',*,*,#5273,.T.);
#5399=ORIENTED_EDGE('',*,*,#5398,.T.);
#5401=ORIENTED_EDGE('',*,*,#5400,.F.);
#5403=ORIENTED_EDGE('',*,*,#5402,.F.);
#5404=EDGE_LOOP('',(#5397,#5399,#5401,#5403));
#5405=FACE_OUTER_BOUND('',#5404,.F.);
#5406=ADVANCED_FACE('',(#5405),#5396,.F.);
#5407=CARTESIAN_POINT('',(-1.501E0,-2.5E-2,-1.051E0));
#5408=DIRECTION('',(0.E0,1.E0,0.E0));
#5409=DIRECTION('',(1.E0,0.E0,0.E0));
#5410=AXIS2_PLACEMENT_3D('',#5407,#5408,#5409);
#5411=CYLINDRICAL_SURFACE('',#5410,1.E-3);
#5412=ORIENTED_EDGE('',*,*,#5375,.T.);
#5414=ORIENTED_EDGE('',*,*,#5413,.T.);
#5416=ORIENTED_EDGE('',*,*,#5415,.F.);
#5417=ORIENTED_EDGE('',*,*,#5398,.F.);
#5418=EDGE_LOOP('',(#5412,#5414,#5416,#5417));
#5419=FACE_OUTER_BOUND('',#5418,.F.);
#5420=ADVANCED_FACE('',(#5419),#5411,.F.);
#5421=CARTESIAN_POINT('',(-1.5E0,-2.5E-2,-1.051E0));
#5422=DIRECTION('',(1.E0,0.E0,0.E0));
#5423=DIRECTION('',(0.E0,0.E0,-1.E0));
#5424=AXIS2_PLACEMENT_3D('',#5421,#5422,#5423);
#5425=PLANE('',#5424);
#5426=ORIENTED_EDGE('',*,*,#5373,.T.);
#5428=ORIENTED_EDGE('',*,*,#5427,.T.);
#5430=ORIENTED_EDGE('',*,*,#5429,.F.);
#5431=ORIENTED_EDGE('',*,*,#5413,.F.);
#5432=EDGE_LOOP('',(#5426,#5428,#5430,#5431));
#5433=FACE_OUTER_BOUND('',#5432,.F.);
#5434=ADVANCED_FACE('',(#5433),#5425,.F.);
#5435=CARTESIAN_POINT('',(-1.501E0,-2.5E-2,-1.349E0));
#5436=DIRECTION('',(0.E0,1.E0,0.E0));
#5437=DIRECTION('',(1.E0,0.E0,0.E0));
#5438=AXIS2_PLACEMENT_3D('',#5435,#5436,#5437);
#5439=CYLINDRICAL_SURFACE('',#5438,1.E-3);
#5440=ORIENTED_EDGE('',*,*,#5371,.T.);
#5442=ORIENTED_EDGE('',*,*,#5441,.T.);
#5444=ORIENTED_EDGE('',*,*,#5443,.F.);
#5445=ORIENTED_EDGE('',*,*,#5427,.F.);
#5446=EDGE_LOOP('',(#5440,#5442,#5444,#5445));
#5447=FACE_OUTER_BOUND('',#5446,.F.);
#5448=ADVANCED_FACE('',(#5447),#5439,.F.);
#5449=CARTESIAN_POINT('',(-1.501E0,-2.5E-2,-1.35E0));
#5450=DIRECTION('',(0.E0,0.E0,-1.E0));
#5451=DIRECTION('',(-1.E0,0.E0,0.E0));
#5452=AXIS2_PLACEMENT_3D('',#5449,#5450,#5451);
#5453=PLANE('',#5452);
#5454=ORIENTED_EDGE('',*,*,#5369,.F.);
#5456=ORIENTED_EDGE('',*,*,#5455,.T.);
#5458=ORIENTED_EDGE('',*,*,#5457,.F.);
#5459=ORIENTED_EDGE('',*,*,#5441,.F.);
#5460=EDGE_LOOP('',(#5454,#5456,#5458,#5459));
#5461=FACE_OUTER_BOUND('',#5460,.F.);
#5462=ADVANCED_FACE('',(#5461),#5453,.F.);
#5463=CARTESIAN_POINT('',(-2.E0,0.E0,-2.E0));
#5464=DIRECTION('',(-1.E0,0.E0,0.E0));
#5465=DIRECTION('',(0.E0,0.E0,1.E0));
#5466=AXIS2_PLACEMENT_3D('',#5463,#5464,#5465);
#5467=PLANE('',#5466);
#5469=ORIENTED_EDGE('',*,*,#5468,.T.);
#5470=ORIENTED_EDGE('',*,*,#5455,.F.);
#5471=ORIENTED_EDGE('',*,*,#5367,.F.);
#5473=ORIENTED_EDGE('',*,*,#5472,.T.);
#5475=ORIENTED_EDGE('',*,*,#5474,.T.);
#5477=ORIENTED_EDGE('',*,*,#5476,.F.);
#5478=ORIENTED_EDGE('',*,*,#5311,.F.);
#5480=ORIENTED_EDGE('',*,*,#5479,.T.);
#5482=ORIENTED_EDGE('',*,*,#5481,.T.);
#5484=ORIENTED_EDGE('',*,*,#5483,.F.);
#5485=ORIENTED_EDGE('',*,*,#5299,.F.);
#5487=ORIENTED_EDGE('',*,*,#5486,.T.);
#5489=ORIENTED_EDGE('',*,*,#5488,.T.);
#5491=ORIENTED_EDGE('',*,*,#5490,.F.);
#5492=ORIENTED_EDGE('',*,*,#5287,.F.);
#5494=ORIENTED_EDGE('',*,*,#5493,.T.);
#5496=ORIENTED_EDGE('',*,*,#5495,.T.);
#5498=ORIENTED_EDGE('',*,*,#5497,.F.);
#5499=ORIENTED_EDGE('',*,*,#5275,.F.);
#5500=ORIENTED_EDGE('',*,*,#5402,.T.);
#5501=EDGE_LOOP('',(#5469,#5470,#5471,#5473,#5475,#5477,#5478,#5480,#5482,#5484,
#5485,#5487,#5489,#5491,#5492,#5494,#5496,#5498,#5499,#5500));
#5502=FACE_OUTER_BOUND('',#5501,.F.);
#5503=ADVANCED_FACE('',(#5502),#5467,.T.);
#5504=CARTESIAN_POINT('',(0.E0,1.75E-1,0.E0));
#5505=DIRECTION('',(0.E0,1.E0,0.E0));
#5506=DIRECTION('',(1.E0,0.E0,0.E0));
#5507=AXIS2_PLACEMENT_3D('',#5504,#5505,#5506);
#5508=PLANE('',#5507);
#5509=ORIENTED_EDGE('',*,*,#5468,.F.);
#5510=ORIENTED_EDGE('',*,*,#5400,.T.);
#5511=ORIENTED_EDGE('',*,*,#5415,.T.);
#5512=ORIENTED_EDGE('',*,*,#5429,.T.);
#5513=ORIENTED_EDGE('',*,*,#5443,.T.);
#5514=ORIENTED_EDGE('',*,*,#5457,.T.);
#5515=EDGE_LOOP('',(#5509,#5510,#5511,#5512,#5513,#5514));
#5516=FACE_OUTER_BOUND('',#5515,.F.);
#5517=ADVANCED_FACE('',(#5516),#5508,.F.);
#5518=CARTESIAN_POINT('',(2.E0,0.E0,-2.E0));
#5519=DIRECTION('',(0.E0,0.E0,-1.E0));
#5520=DIRECTION('',(-1.E0,0.E0,0.E0));
#5521=AXIS2_PLACEMENT_3D('',#5518,#5519,#5520);
#5522=PLANE('',#5521);
#5523=ORIENTED_EDGE('',*,*,#5365,.F.);
#5525=ORIENTED_EDGE('',*,*,#5524,.T.);
#5527=ORIENTED_EDGE('',*,*,#5526,.T.);
#5528=ORIENTED_EDGE('',*,*,#5472,.F.);
#5529=EDGE_LOOP('',(#5523,#5525,#5527,#5528));
#5530=FACE_OUTER_BOUND('',#5529,.F.);
#5532=ORIENTED_EDGE('',*,*,#5531,.T.);
#5534=ORIENTED_EDGE('',*,*,#5533,.T.);
#5536=ORIENTED_EDGE('',*,*,#5535,.F.);
#5538=ORIENTED_EDGE('',*,*,#5537,.F.);
#5539=EDGE_LOOP('',(#5532,#5534,#5536,#5538));
#5540=FACE_BOUND('',#5539,.F.);
#5542=ORIENTED_EDGE('',*,*,#5541,.T.);
#5544=ORIENTED_EDGE('',*,*,#5543,.T.);
#5546=ORIENTED_EDGE('',*,*,#5545,.F.);
#5548=ORIENTED_EDGE('',*,*,#5547,.F.);
#5549=EDGE_LOOP('',(#5542,#5544,#5546,#5548));
#5550=FACE_BOUND('',#5549,.F.);
#5551=ADVANCED_FACE('',(#5530,#5540,#5550),#5522,.T.);
#5552=CARTESIAN_POINT('',(2.E0,0.E0,2.E0));
#5553=DIRECTION('',(1.E0,0.E0,0.E0));
#5554=DIRECTION('',(0.E0,0.E0,-1.E0));
#5555=AXIS2_PLACEMENT_3D('',#5552,#5553,#5554);
#5556=PLANE('',#5555);
#5558=ORIENTED_EDGE('',*,*,#5557,.F.);
#5560=ORIENTED_EDGE('',*,*,#5559,.F.);
#5561=ORIENTED_EDGE('',*,*,#5351,.F.);
#5563=ORIENTED_EDGE('',*,*,#5562,.T.);
#5565=ORIENTED_EDGE('',*,*,#5564,.F.);
#5567=ORIENTED_EDGE('',*,*,#5566,.F.);
#5568=ORIENTED_EDGE('',*,*,#5339,.F.);
#5570=ORIENTED_EDGE('',*,*,#5569,.T.);
#5572=ORIENTED_EDGE('',*,*,#5571,.F.);
#5574=ORIENTED_EDGE('',*,*,#5573,.F.);
#5575=ORIENTED_EDGE('',*,*,#5327,.F.);
#5577=ORIENTED_EDGE('',*,*,#5576,.T.);
#5579=ORIENTED_EDGE('',*,*,#5578,.F.);
#5581=ORIENTED_EDGE('',*,*,#5580,.F.);
#5582=ORIENTED_EDGE('',*,*,#5315,.F.);
#5584=ORIENTED_EDGE('',*,*,#5583,.T.);
#5586=ORIENTED_EDGE('',*,*,#5585,.T.);
#5587=ORIENTED_EDGE('',*,*,#5524,.F.);
#5588=ORIENTED_EDGE('',*,*,#5363,.F.);
#5590=ORIENTED_EDGE('',*,*,#5589,.T.);
#5591=EDGE_LOOP('',(#5558,#5560,#5561,#5563,#5565,#5567,#5568,#5570,#5572,#5574,
#5575,#5577,#5579,#5581,#5582,#5584,#5586,#5587,#5588,#5590));
#5592=FACE_OUTER_BOUND('',#5591,.F.);
#5593=ADVANCED_FACE('',(#5592),#5556,.T.);
#5594=CARTESIAN_POINT('',(0.E0,1.75E-1,0.E0));
#5595=DIRECTION('',(0.E0,-1.E0,0.E0));
#5596=DIRECTION('',(-1.E0,0.E0,0.E0));
#5597=AXIS2_PLACEMENT_3D('',#5594,#5595,#5596);
#5598=PLANE('',#5597);
#5599=ORIENTED_EDGE('',*,*,#5557,.T.);
#5601=ORIENTED_EDGE('',*,*,#5600,.F.);
#5603=ORIENTED_EDGE('',*,*,#5602,.F.);
#5605=ORIENTED_EDGE('',*,*,#5604,.F.);
#5607=ORIENTED_EDGE('',*,*,#5606,.F.);
#5609=ORIENTED_EDGE('',*,*,#5608,.F.);
#5610=EDGE_LOOP('',(#5599,#5601,#5603,#5605,#5607,#5609));
#5611=FACE_OUTER_BOUND('',#5610,.F.);
#5612=ADVANCED_FACE('',(#5611),#5598,.T.);
#5613=CARTESIAN_POINT('',(1.501E0,-2.5E-2,-1.35E0));
#5614=DIRECTION('',(0.E0,0.E0,1.E0));
#5615=DIRECTION('',(1.E0,0.E0,0.E0));
#5616=AXIS2_PLACEMENT_3D('',#5613,#5614,#5615);
#5617=PLANE('',#5616);
#5618=ORIENTED_EDGE('',*,*,#5361,.T.);
#5620=ORIENTED_EDGE('',*,*,#5619,.T.);
#5621=ORIENTED_EDGE('',*,*,#5600,.T.);
#5622=ORIENTED_EDGE('',*,*,#5589,.F.);
#5623=EDGE_LOOP('',(#5618,#5620,#5621,#5622));
#5624=FACE_OUTER_BOUND('',#5623,.F.);
#5625=ADVANCED_FACE('',(#5624),#5617,.T.);
#5626=CARTESIAN_POINT('',(1.501E0,-2.5E-2,-1.349E0));
#5627=DIRECTION('',(0.E0,-1.E0,0.E0));
#5628=DIRECTION('',(-1.E0,0.E0,0.E0));
#5629=AXIS2_PLACEMENT_3D('',#5626,#5627,#5628);
#5630=CYLINDRICAL_SURFACE('',#5629,1.E-3);
#5631=ORIENTED_EDGE('',*,*,#5359,.F.);
#5633=ORIENTED_EDGE('',*,*,#5632,.T.);
#5634=ORIENTED_EDGE('',*,*,#5602,.T.);
#5635=ORIENTED_EDGE('',*,*,#5619,.F.);
#5636=EDGE_LOOP('',(#5631,#5633,#5634,#5635));
#5637=FACE_OUTER_BOUND('',#5636,.F.);
#5638=ADVANCED_FACE('',(#5637),#5630,.F.);
#5639=CARTESIAN_POINT('',(1.5E0,-2.5E-2,-1.051E0));
#5640=DIRECTION('',(1.E0,0.E0,0.E0));
#5641=DIRECTION('',(0.E0,0.E0,-1.E0));
#5642=AXIS2_PLACEMENT_3D('',#5639,#5640,#5641);
#5643=PLANE('',#5642);
#5644=ORIENTED_EDGE('',*,*,#5357,.F.);
#5646=ORIENTED_EDGE('',*,*,#5645,.T.);
#5647=ORIENTED_EDGE('',*,*,#5604,.T.);
#5648=ORIENTED_EDGE('',*,*,#5632,.F.);
#5649=EDGE_LOOP('',(#5644,#5646,#5647,#5648));
#5650=FACE_OUTER_BOUND('',#5649,.F.);
#5651=ADVANCED_FACE('',(#5650),#5643,.T.);
#5652=CARTESIAN_POINT('',(1.501E0,-2.5E-2,-1.051E0));
#5653=DIRECTION('',(0.E0,-1.E0,0.E0));
#5654=DIRECTION('',(-1.E0,0.E0,0.E0));
#5655=AXIS2_PLACEMENT_3D('',#5652,#5653,#5654);
#5656=CYLINDRICAL_SURFACE('',#5655,1.E-3);
#5657=ORIENTED_EDGE('',*,*,#5355,.F.);
#5659=ORIENTED_EDGE('',*,*,#5658,.T.);
#5660=ORIENTED_EDGE('',*,*,#5606,.T.);
#5661=ORIENTED_EDGE('',*,*,#5645,.F.);
#5662=EDGE_LOOP('',(#5657,#5659,#5660,#5661));
#5663=FACE_OUTER_BOUND('',#5662,.F.);
#5664=ADVANCED_FACE('',(#5663),#5656,.F.);
#5665=CARTESIAN_POINT('',(2.1E0,-2.5E-2,-1.05E0));
#5666=DIRECTION('',(0.E0,0.E0,-1.E0));
#5667=DIRECTION('',(-1.E0,0.E0,0.E0));
#5668=AXIS2_PLACEMENT_3D('',#5665,#5666,#5667);
#5669=PLANE('',#5668);
#5670=ORIENTED_EDGE('',*,*,#5353,.F.);
#5671=ORIENTED_EDGE('',*,*,#5559,.T.);
#5672=ORIENTED_EDGE('',*,*,#5608,.T.);
#5673=ORIENTED_EDGE('',*,*,#5658,.F.);
#5674=EDGE_LOOP('',(#5670,#5671,#5672,#5673));
#5675=FACE_OUTER_BOUND('',#5674,.F.);
#5676=ADVANCED_FACE('',(#5675),#5669,.T.);
#5677=CARTESIAN_POINT('',(1.501E0,-2.5E-2,-5.5E-1));
#5678=DIRECTION('',(0.E0,0.E0,1.E0));
#5679=DIRECTION('',(1.E0,0.E0,0.E0));
#5680=AXIS2_PLACEMENT_3D('',#5677,#5678,#5679);
#5681=PLANE('',#5680);
#5682=ORIENTED_EDGE('',*,*,#5349,.T.);
#5684=ORIENTED_EDGE('',*,*,#5683,.T.);
#5686=ORIENTED_EDGE('',*,*,#5685,.T.);
#5687=ORIENTED_EDGE('',*,*,#5562,.F.);
#5688=EDGE_LOOP('',(#5682,#5684,#5686,#5687));
#5689=FACE_OUTER_BOUND('',#5688,.F.);
#5690=ADVANCED_FACE('',(#5689),#5681,.T.);
#5691=CARTESIAN_POINT('',(1.501E0,-2.5E-2,-5.49E-1));
#5692=DIRECTION('',(0.E0,-1.E0,0.E0));
#5693=DIRECTION('',(-1.E0,0.E0,0.E0));
#5694=AXIS2_PLACEMENT_3D('',#5691,#5692,#5693);
#5695=CYLINDRICAL_SURFACE('',#5694,1.E-3);
#5696=ORIENTED_EDGE('',*,*,#5347,.F.);
#5698=ORIENTED_EDGE('',*,*,#5697,.T.);
#5700=ORIENTED_EDGE('',*,*,#5699,.T.);
#5701=ORIENTED_EDGE('',*,*,#5683,.F.);
#5702=EDGE_LOOP('',(#5696,#5698,#5700,#5701));
#5703=FACE_OUTER_BOUND('',#5702,.F.);
#5704=ADVANCED_FACE('',(#5703),#5695,.F.);
#5705=CARTESIAN_POINT('',(1.5E0,-2.5E-2,-2.51E-1));
#5706=DIRECTION('',(1.E0,0.E0,0.E0));
#5707=DIRECTION('',(0.E0,0.E0,-1.E0));
#5708=AXIS2_PLACEMENT_3D('',#5705,#5706,#5707);
#5709=PLANE('',#5708);
#5710=ORIENTED_EDGE('',*,*,#5345,.F.);
#5712=ORIENTED_EDGE('',*,*,#5711,.T.);
#5714=ORIENTED_EDGE('',*,*,#5713,.T.);
#5715=ORIENTED_EDGE('',*,*,#5697,.F.);
#5716=EDGE_LOOP('',(#5710,#5712,#5714,#5715));
#5717=FACE_OUTER_BOUND('',#5716,.F.);
#5718=ADVANCED_FACE('',(#5717),#5709,.T.);
#5719=CARTESIAN_POINT('',(1.501E0,-2.5E-2,-2.51E-1));
#5720=DIRECTION('',(0.E0,-1.E0,0.E0));
#5721=DIRECTION('',(-1.E0,0.E0,0.E0));
#5722=AXIS2_PLACEMENT_3D('',#5719,#5720,#5721);
#5723=CYLINDRICAL_SURFACE('',#5722,1.E-3);
#5724=ORIENTED_EDGE('',*,*,#5343,.F.);
#5726=ORIENTED_EDGE('',*,*,#5725,.T.);
#5728=ORIENTED_EDGE('',*,*,#5727,.T.);
#5729=ORIENTED_EDGE('',*,*,#5711,.F.);
#5730=EDGE_LOOP('',(#5724,#5726,#5728,#5729));
#5731=FACE_OUTER_BOUND('',#5730,.F.);
#5732=ADVANCED_FACE('',(#5731),#5723,.F.);
#5733=CARTESIAN_POINT('',(2.1E0,-2.5E-2,-2.5E-1));
#5734=DIRECTION('',(0.E0,0.E0,-1.E0));
#5735=DIRECTION('',(-1.E0,0.E0,0.E0));
#5736=AXIS2_PLACEMENT_3D('',#5733,#5734,#5735);
#5737=PLANE('',#5736);
#5738=ORIENTED_EDGE('',*,*,#5341,.F.);
#5739=ORIENTED_EDGE('',*,*,#5566,.T.);
#5741=ORIENTED_EDGE('',*,*,#5740,.T.);
#5742=ORIENTED_EDGE('',*,*,#5725,.F.);
#5743=EDGE_LOOP('',(#5738,#5739,#5741,#5742));
#5744=FACE_OUTER_BOUND('',#5743,.F.);
#5745=ADVANCED_FACE('',(#5744),#5737,.T.);
#5746=CARTESIAN_POINT('',(0.E0,1.75E-1,0.E0));
#5747=DIRECTION('',(0.E0,-1.E0,0.E0));
#5748=DIRECTION('',(-1.E0,0.E0,0.E0));
#5749=AXIS2_PLACEMENT_3D('',#5746,#5747,#5748);
#5750=PLANE('',#5749);
#5751=ORIENTED_EDGE('',*,*,#5564,.T.);
#5752=ORIENTED_EDGE('',*,*,#5685,.F.);
#5753=ORIENTED_EDGE('',*,*,#5699,.F.);
#5754=ORIENTED_EDGE('',*,*,#5713,.F.);
#5755=ORIENTED_EDGE('',*,*,#5727,.F.);
#5756=ORIENTED_EDGE('',*,*,#5740,.F.);
#5757=EDGE_LOOP('',(#5751,#5752,#5753,#5754,#5755,#5756));
#5758=FACE_OUTER_BOUND('',#5757,.F.);
#5759=ADVANCED_FACE('',(#5758),#5750,.T.);
#5760=CARTESIAN_POINT('',(1.501E0,-2.5E-2,2.5E-1));
#5761=DIRECTION('',(0.E0,0.E0,1.E0));
#5762=DIRECTION('',(1.E0,0.E0,0.E0));
#5763=AXIS2_PLACEMENT_3D('',#5760,#5761,#5762);
#5764=PLANE('',#5763);
#5765=ORIENTED_EDGE('',*,*,#5337,.T.);
#5767=ORIENTED_EDGE('',*,*,#5766,.T.);
#5769=ORIENTED_EDGE('',*,*,#5768,.T.);
#5770=ORIENTED_EDGE('',*,*,#5569,.F.);
#5771=EDGE_LOOP('',(#5765,#5767,#5769,#5770));
#5772=FACE_OUTER_BOUND('',#5771,.F.);
#5773=ADVANCED_FACE('',(#5772),#5764,.T.);
#5774=CARTESIAN_POINT('',(1.501E0,-2.5E-2,2.51E-1));
#5775=DIRECTION('',(0.E0,-1.E0,0.E0));
#5776=DIRECTION('',(-1.E0,0.E0,0.E0));
#5777=AXIS2_PLACEMENT_3D('',#5774,#5775,#5776);
#5778=CYLINDRICAL_SURFACE('',#5777,1.E-3);
#5779=ORIENTED_EDGE('',*,*,#5335,.F.);
#5781=ORIENTED_EDGE('',*,*,#5780,.T.);
#5783=ORIENTED_EDGE('',*,*,#5782,.T.);
#5784=ORIENTED_EDGE('',*,*,#5766,.F.);
#5785=EDGE_LOOP('',(#5779,#5781,#5783,#5784));
#5786=FACE_OUTER_BOUND('',#5785,.F.);
#5787=ADVANCED_FACE('',(#5786),#5778,.F.);
#5788=CARTESIAN_POINT('',(1.5E0,-2.5E-2,5.49E-1));
#5789=DIRECTION('',(1.E0,0.E0,0.E0));
#5790=DIRECTION('',(0.E0,0.E0,-1.E0));
#5791=AXIS2_PLACEMENT_3D('',#5788,#5789,#5790);
#5792=PLANE('',#5791);
#5793=ORIENTED_EDGE('',*,*,#5333,.F.);
#5795=ORIENTED_EDGE('',*,*,#5794,.T.);
#5797=ORIENTED_EDGE('',*,*,#5796,.T.);
#5798=ORIENTED_EDGE('',*,*,#5780,.F.);
#5799=EDGE_LOOP('',(#5793,#5795,#5797,#5798));
#5800=FACE_OUTER_BOUND('',#5799,.F.);
#5801=ADVANCED_FACE('',(#5800),#5792,.T.);
#5802=CARTESIAN_POINT('',(1.501E0,-2.5E-2,5.49E-1));
#5803=DIRECTION('',(0.E0,-1.E0,0.E0));
#5804=DIRECTION('',(-1.E0,0.E0,0.E0));
#5805=AXIS2_PLACEMENT_3D('',#5802,#5803,#5804);
#5806=CYLINDRICAL_SURFACE('',#5805,1.E-3);
#5807=ORIENTED_EDGE('',*,*,#5331,.F.);
#5809=ORIENTED_EDGE('',*,*,#5808,.T.);
#5811=ORIENTED_EDGE('',*,*,#5810,.T.);
#5812=ORIENTED_EDGE('',*,*,#5794,.F.);
#5813=EDGE_LOOP('',(#5807,#5809,#5811,#5812));
#5814=FACE_OUTER_BOUND('',#5813,.F.);
#5815=ADVANCED_FACE('',(#5814),#5806,.F.);
#5816=CARTESIAN_POINT('',(2.1E0,-2.5E-2,5.5E-1));
#5817=DIRECTION('',(0.E0,0.E0,-1.E0));
#5818=DIRECTION('',(-1.E0,0.E0,0.E0));
#5819=AXIS2_PLACEMENT_3D('',#5816,#5817,#5818);
#5820=PLANE('',#5819);
#5821=ORIENTED_EDGE('',*,*,#5329,.F.);
#5822=ORIENTED_EDGE('',*,*,#5573,.T.);
#5824=ORIENTED_EDGE('',*,*,#5823,.T.);
#5825=ORIENTED_EDGE('',*,*,#5808,.F.);
#5826=EDGE_LOOP('',(#5821,#5822,#5824,#5825));
#5827=FACE_OUTER_BOUND('',#5826,.F.);
#5828=ADVANCED_FACE('',(#5827),#5820,.T.);
#5829=CARTESIAN_POINT('',(0.E0,1.75E-1,0.E0));
#5830=DIRECTION('',(0.E0,-1.E0,0.E0));
#5831=DIRECTION('',(-1.E0,0.E0,0.E0));
#5832=AXIS2_PLACEMENT_3D('',#5829,#5830,#5831);
#5833=PLANE('',#5832);
#5834=ORIENTED_EDGE('',*,*,#5571,.T.);
#5835=ORIENTED_EDGE('',*,*,#5768,.F.);
#5836=ORIENTED_EDGE('',*,*,#5782,.F.);
#5837=ORIENTED_EDGE('',*,*,#5796,.F.);
#5838=ORIENTED_EDGE('',*,*,#5810,.F.);
#5839=ORIENTED_EDGE('',*,*,#5823,.F.);
#5840=EDGE_LOOP('',(#5834,#5835,#5836,#5837,#5838,#5839));
#5841=FACE_OUTER_BOUND('',#5840,.F.);
#5842=ADVANCED_FACE('',(#5841),#5833,.T.);
#5843=CARTESIAN_POINT('',(1.501E0,-2.5E-2,1.05E0));
#5844=DIRECTION('',(0.E0,0.E0,1.E0));
#5845=DIRECTION('',(1.E0,0.E0,0.E0));
#5846=AXIS2_PLACEMENT_3D('',#5843,#5844,#5845);
#5847=PLANE('',#5846);
#5848=ORIENTED_EDGE('',*,*,#5325,.T.);
#5850=ORIENTED_EDGE('',*,*,#5849,.T.);
#5852=ORIENTED_EDGE('',*,*,#5851,.T.);
#5853=ORIENTED_EDGE('',*,*,#5576,.F.);
#5854=EDGE_LOOP('',(#5848,#5850,#5852,#5853));
#5855=FACE_OUTER_BOUND('',#5854,.F.);
#5856=ADVANCED_FACE('',(#5855),#5847,.T.);
#5857=CARTESIAN_POINT('',(1.501E0,-2.5E-2,1.051E0));
#5858=DIRECTION('',(0.E0,-1.E0,0.E0));
#5859=DIRECTION('',(-1.E0,0.E0,0.E0));
#5860=AXIS2_PLACEMENT_3D('',#5857,#5858,#5859);
#5861=CYLINDRICAL_SURFACE('',#5860,1.E-3);
#5862=ORIENTED_EDGE('',*,*,#5323,.F.);
#5864=ORIENTED_EDGE('',*,*,#5863,.T.);
#5866=ORIENTED_EDGE('',*,*,#5865,.T.);
#5867=ORIENTED_EDGE('',*,*,#5849,.F.);
#5868=EDGE_LOOP('',(#5862,#5864,#5866,#5867));
#5869=FACE_OUTER_BOUND('',#5868,.F.);
#5870=ADVANCED_FACE('',(#5869),#5861,.F.);
#5871=CARTESIAN_POINT('',(1.5E0,-2.5E-2,1.349E0));
#5872=DIRECTION('',(1.E0,0.E0,0.E0));
#5873=DIRECTION('',(0.E0,0.E0,-1.E0));
#5874=AXIS2_PLACEMENT_3D('',#5871,#5872,#5873);
#5875=PLANE('',#5874);
#5876=ORIENTED_EDGE('',*,*,#5321,.F.);
#5878=ORIENTED_EDGE('',*,*,#5877,.T.);
#5880=ORIENTED_EDGE('',*,*,#5879,.T.);
#5881=ORIENTED_EDGE('',*,*,#5863,.F.);
#5882=EDGE_LOOP('',(#5876,#5878,#5880,#5881));
#5883=FACE_OUTER_BOUND('',#5882,.F.);
#5884=ADVANCED_FACE('',(#5883),#5875,.T.);
#5885=CARTESIAN_POINT('',(1.501E0,-2.5E-2,1.349E0));
#5886=DIRECTION('',(0.E0,-1.E0,0.E0));
#5887=DIRECTION('',(-1.E0,0.E0,0.E0));
#5888=AXIS2_PLACEMENT_3D('',#5885,#5886,#5887);
#5889=CYLINDRICAL_SURFACE('',#5888,1.E-3);
#5890=ORIENTED_EDGE('',*,*,#5319,.F.);
#5892=ORIENTED_EDGE('',*,*,#5891,.T.);
#5894=ORIENTED_EDGE('',*,*,#5893,.T.);
#5895=ORIENTED_EDGE('',*,*,#5877,.F.);
#5896=EDGE_LOOP('',(#5890,#5892,#5894,#5895));
#5897=FACE_OUTER_BOUND('',#5896,.F.);
#5898=ADVANCED_FACE('',(#5897),#5889,.F.);
#5899=CARTESIAN_POINT('',(2.1E0,-2.5E-2,1.35E0));
#5900=DIRECTION('',(0.E0,0.E0,-1.E0));
#5901=DIRECTION('',(-1.E0,0.E0,0.E0));
#5902=AXIS2_PLACEMENT_3D('',#5899,#5900,#5901);
#5903=PLANE('',#5902);
#5904=ORIENTED_EDGE('',*,*,#5317,.F.);
#5905=ORIENTED_EDGE('',*,*,#5580,.T.);
#5907=ORIENTED_EDGE('',*,*,#5906,.T.);
#5908=ORIENTED_EDGE('',*,*,#5891,.F.);
#5909=EDGE_LOOP('',(#5904,#5905,#5907,#5908));
#5910=FACE_OUTER_BOUND('',#5909,.F.);
#5911=ADVANCED_FACE('',(#5910),#5903,.T.);
#5912=CARTESIAN_POINT('',(0.E0,1.75E-1,0.E0));
#5913=DIRECTION('',(0.E0,-1.E0,0.E0));
#5914=DIRECTION('',(-1.E0,0.E0,0.E0));
#5915=AXIS2_PLACEMENT_3D('',#5912,#5913,#5914);
#5916=PLANE('',#5915);
#5917=ORIENTED_EDGE('',*,*,#5578,.T.);
#5918=ORIENTED_EDGE('',*,*,#5851,.F.);
#5919=ORIENTED_EDGE('',*,*,#5865,.F.);
#5920=ORIENTED_EDGE('',*,*,#5879,.F.);
#5921=ORIENTED_EDGE('',*,*,#5893,.F.);
#5922=ORIENTED_EDGE('',*,*,#5906,.F.);
#5923=EDGE_LOOP('',(#5917,#5918,#5919,#5920,#5921,#5922));
#5924=FACE_OUTER_BOUND('',#5923,.F.);
#5925=ADVANCED_FACE('',(#5924),#5916,.T.);
#5926=CARTESIAN_POINT('',(-2.E0,0.E0,2.E0));
#5927=DIRECTION('',(0.E0,0.E0,1.E0));
#5928=DIRECTION('',(1.E0,0.E0,0.E0));
#5929=AXIS2_PLACEMENT_3D('',#5926,#5927,#5928);
#5930=PLANE('',#5929);
#5931=ORIENTED_EDGE('',*,*,#5313,.F.);
#5932=ORIENTED_EDGE('',*,*,#5476,.T.);
#5934=ORIENTED_EDGE('',*,*,#5933,.T.);
#5935=ORIENTED_EDGE('',*,*,#5583,.F.);
#5936=EDGE_LOOP('',(#5931,#5932,#5934,#5935));
#5937=FACE_OUTER_BOUND('',#5936,.F.);
#5939=ORIENTED_EDGE('',*,*,#5938,.T.);
#5941=ORIENTED_EDGE('',*,*,#5940,.T.);
#5943=ORIENTED_EDGE('',*,*,#5942,.F.);
#5945=ORIENTED_EDGE('',*,*,#5944,.F.);
#5946=EDGE_LOOP('',(#5939,#5941,#5943,#5945));
#5947=FACE_BOUND('',#5946,.F.);
#5949=ORIENTED_EDGE('',*,*,#5948,.T.);
#5951=ORIENTED_EDGE('',*,*,#5950,.T.);
#5953=ORIENTED_EDGE('',*,*,#5952,.F.);
#5955=ORIENTED_EDGE('',*,*,#5954,.F.);
#5956=EDGE_LOOP('',(#5949,#5951,#5953,#5955));
#5957=FACE_BOUND('',#5956,.F.);
#5958=ADVANCED_FACE('',(#5937,#5947,#5957),#5930,.T.);
#5959=CARTESIAN_POINT('',(0.E0,7.75E-1,0.E0));
#5960=DIRECTION('',(0.E0,1.E0,0.E0));
#5961=DIRECTION('',(1.E0,0.E0,0.E0));
#5962=AXIS2_PLACEMENT_3D('',#5959,#5960,#5961);
#5963=PLANE('',#5962);
#5964=ORIENTED_EDGE('',*,*,#5474,.F.);
#5965=ORIENTED_EDGE('',*,*,#5526,.F.);
#5966=ORIENTED_EDGE('',*,*,#5585,.F.);
#5967=ORIENTED_EDGE('',*,*,#5933,.F.);
#5968=EDGE_LOOP('',(#5964,#5965,#5966,#5967));
#5969=FACE_OUTER_BOUND('',#5968,.F.);
#5970=ADVANCED_FACE('',(#5969),#5963,.T.);
#5971=CARTESIAN_POINT('',(0.E0,7.5E-2,0.E0));
#5972=DIRECTION('',(0.E0,1.E0,0.E0));
#5973=DIRECTION('',(1.E0,0.E0,0.E0));
#5974=AXIS2_PLACEMENT_3D('',#5971,#5972,#5973);
#5975=PLANE('',#5974);
#5976=ORIENTED_EDGE('',*,*,#5938,.F.);
#5978=ORIENTED_EDGE('',*,*,#5977,.F.);
#5980=ORIENTED_EDGE('',*,*,#5979,.F.);
#5982=ORIENTED_EDGE('',*,*,#5981,.F.);
#5983=EDGE_LOOP('',(#5976,#5978,#5980,#5982));
#5984=FACE_OUTER_BOUND('',#5983,.F.);
#5985=ADVANCED_FACE('',(#5984),#5975,.T.);
#5986=CARTESIAN_POINT('',(0.E0,7.5E-2,0.E0));
#5987=DIRECTION('',(0.E0,1.E0,0.E0));
#5988=DIRECTION('',(1.E0,0.E0,0.E0));
#5989=AXIS2_PLACEMENT_3D('',#5986,#5987,#5988);
#5990=PLANE('',#5989);
#5991=ORIENTED_EDGE('',*,*,#5948,.F.);
#5993=ORIENTED_EDGE('',*,*,#5992,.F.);
#5995=ORIENTED_EDGE('',*,*,#5994,.F.);
#5997=ORIENTED_EDGE('',*,*,#5996,.F.);
#5998=EDGE_LOOP('',(#5991,#5993,#5995,#5997));
#5999=FACE_OUTER_BOUND('',#5998,.F.);
#6000=ADVANCED_FACE('',(#5999),#5990,.T.);
#6001=CARTESIAN_POINT('',(0.E0,7.5E-2,0.E0));
#6002=DIRECTION('',(0.E0,1.E0,0.E0));
#6003=DIRECTION('',(1.E0,0.E0,0.E0));
#6004=AXIS2_PLACEMENT_3D('',#6001,#6002,#6003);
#6005=PLANE('',#6004);
#6006=ORIENTED_EDGE('',*,*,#5531,.F.);
#6008=ORIENTED_EDGE('',*,*,#6007,.F.);
#6010=ORIENTED_EDGE('',*,*,#6009,.F.);
#6012=ORIENTED_EDGE('',*,*,#6011,.F.);
#6013=EDGE_LOOP('',(#6006,#6008,#6010,#6012));
#6014=FACE_OUTER_BOUND('',#6013,.F.);
#6015=ADVANCED_FACE('',(#6014),#6005,.T.);
#6016=CARTESIAN_POINT('',(0.E0,7.5E-2,0.E0));
#6017=DIRECTION('',(0.E0,1.E0,0.E0));
#6018=DIRECTION('',(1.E0,0.E0,0.E0));
#6019=AXIS2_PLACEMENT_3D('',#6016,#6017,#6018);
#6020=PLANE('',#6019);
#6021=ORIENTED_EDGE('',*,*,#5541,.F.);
#6023=ORIENTED_EDGE('',*,*,#6022,.F.);
#6025=ORIENTED_EDGE('',*,*,#6024,.F.);
#6027=ORIENTED_EDGE('',*,*,#6026,.F.);
#6028=EDGE_LOOP('',(#6021,#6023,#6025,#6027));
#6029=FACE_OUTER_BOUND('',#6028,.F.);
#6030=ADVANCED_FACE('',(#6029),#6020,.T.);
#6031=CARTESIAN_POINT('',(-1.3E0,7.5E-2,1.9E0));
#6032=DIRECTION('',(-1.E0,0.E0,0.E0));
#6033=DIRECTION('',(0.E0,0.E0,1.E0));
#6034=AXIS2_PLACEMENT_3D('',#6031,#6032,#6033);
#6035=PLANE('',#6034);
#6036=ORIENTED_EDGE('',*,*,#5944,.T.);
#6038=ORIENTED_EDGE('',*,*,#6037,.F.);
#6040=ORIENTED_EDGE('',*,*,#6039,.F.);
#6041=ORIENTED_EDGE('',*,*,#5977,.T.);
#6042=EDGE_LOOP('',(#6036,#6038,#6040,#6041));
#6043=FACE_OUTER_BOUND('',#6042,.F.);
#6044=ADVANCED_FACE('',(#6043),#6035,.F.);
#6045=CARTESIAN_POINT('',(0.E0,1.75E-1,0.E0));
#6046=DIRECTION('',(0.E0,1.E0,0.E0));
#6047=DIRECTION('',(1.E0,0.E0,0.E0));
#6048=AXIS2_PLACEMENT_3D('',#6045,#6046,#6047);
#6049=PLANE('',#6048);
#6050=ORIENTED_EDGE('',*,*,#5942,.T.);
#6052=ORIENTED_EDGE('',*,*,#6051,.T.);
#6054=ORIENTED_EDGE('',*,*,#6053,.T.);
#6055=ORIENTED_EDGE('',*,*,#6037,.T.);
#6056=EDGE_LOOP('',(#6050,#6052,#6054,#6055));
#6057=FACE_OUTER_BOUND('',#6056,.F.);
#6058=ADVANCED_FACE('',(#6057),#6049,.F.);
#6059=CARTESIAN_POINT('',(0.E0,1.75E-1,0.E0));
#6060=DIRECTION('',(0.E0,1.E0,0.E0));
#6061=DIRECTION('',(1.E0,0.E0,0.E0));
#6062=AXIS2_PLACEMENT_3D('',#6059,#6060,#6061);
#6063=PLANE('',#6062);
#6064=ORIENTED_EDGE('',*,*,#5952,.T.);
#6066=ORIENTED_EDGE('',*,*,#6065,.T.);
#6068=ORIENTED_EDGE('',*,*,#6067,.T.);
#6070=ORIENTED_EDGE('',*,*,#6069,.T.);
#6071=EDGE_LOOP('',(#6064,#6066,#6068,#6070));
#6072=FACE_OUTER_BOUND('',#6071,.F.);
#6073=ADVANCED_FACE('',(#6072),#6063,.F.);
#6074=CARTESIAN_POINT('',(0.E0,1.75E-1,0.E0));
#6075=DIRECTION('',(0.E0,1.E0,0.E0));
#6076=DIRECTION('',(1.E0,0.E0,0.E0));
#6077=AXIS2_PLACEMENT_3D('',#6074,#6075,#6076);
#6078=PLANE('',#6077);
#6079=ORIENTED_EDGE('',*,*,#5535,.T.);
#6081=ORIENTED_EDGE('',*,*,#6080,.T.);
#6083=ORIENTED_EDGE('',*,*,#6082,.T.);
#6085=ORIENTED_EDGE('',*,*,#6084,.T.);
#6086=EDGE_LOOP('',(#6079,#6081,#6083,#6085));
#6087=FACE_OUTER_BOUND('',#6086,.F.);
#6088=ADVANCED_FACE('',(#6087),#6078,.F.);
#6089=CARTESIAN_POINT('',(0.E0,1.75E-1,0.E0));
#6090=DIRECTION('',(0.E0,1.E0,0.E0));
#6091=DIRECTION('',(1.E0,0.E0,0.E0));
#6092=AXIS2_PLACEMENT_3D('',#6089,#6090,#6091);
#6093=PLANE('',#6092);
#6094=ORIENTED_EDGE('',*,*,#5545,.T.);
#6096=ORIENTED_EDGE('',*,*,#6095,.T.);
#6098=ORIENTED_EDGE('',*,*,#6097,.T.);
#6100=ORIENTED_EDGE('',*,*,#6099,.T.);
#6101=EDGE_LOOP('',(#6094,#6096,#6098,#6100));
#6102=FACE_OUTER_BOUND('',#6101,.F.);
#6103=ADVANCED_FACE('',(#6102),#6093,.F.);
#6104=CARTESIAN_POINT('',(-9.75E-1,7.5E-2,2.1E0));
#6105=DIRECTION('',(1.E0,0.E0,0.E0));
#6106=DIRECTION('',(0.E0,0.E0,-1.E0));
#6107=AXIS2_PLACEMENT_3D('',#6104,#6105,#6106);
#6108=PLANE('',#6107);
#6109=ORIENTED_EDGE('',*,*,#5940,.F.);
#6110=ORIENTED_EDGE('',*,*,#5981,.T.);
#6112=ORIENTED_EDGE('',*,*,#6111,.T.);
#6113=ORIENTED_EDGE('',*,*,#6051,.F.);
#6114=EDGE_LOOP('',(#6109,#6110,#6112,#6113));
#6115=FACE_OUTER_BOUND('',#6114,.F.);
#6116=ADVANCED_FACE('',(#6115),#6108,.F.);
#6117=CARTESIAN_POINT('',(-9.75E-1,7.5E-2,1.9E0));
#6118=DIRECTION('',(0.E0,0.E0,-1.E0));
#6119=DIRECTION('',(-1.E0,0.E0,0.E0));
#6120=AXIS2_PLACEMENT_3D('',#6117,#6118,#6119);
#6121=PLANE('',#6120);
#6122=ORIENTED_EDGE('',*,*,#5979,.T.);
#6123=ORIENTED_EDGE('',*,*,#6039,.T.);
#6124=ORIENTED_EDGE('',*,*,#6053,.F.);
#6125=ORIENTED_EDGE('',*,*,#6111,.F.);
#6126=EDGE_LOOP('',(#6122,#6123,#6124,#6125));
#6127=FACE_OUTER_BOUND('',#6126,.F.);
#6128=ADVANCED_FACE('',(#6127),#6121,.F.);
#6129=CARTESIAN_POINT('',(1.3E0,7.5E-2,2.1E0));
#6130=DIRECTION('',(1.E0,0.E0,0.E0));
#6131=DIRECTION('',(0.E0,0.E0,-1.E0));
#6132=AXIS2_PLACEMENT_3D('',#6129,#6130,#6131);
#6133=PLANE('',#6132);
#6134=ORIENTED_EDGE('',*,*,#5950,.F.);
#6135=ORIENTED_EDGE('',*,*,#5996,.T.);
#6137=ORIENTED_EDGE('',*,*,#6136,.T.);
#6138=ORIENTED_EDGE('',*,*,#6065,.F.);
#6139=EDGE_LOOP('',(#6134,#6135,#6137,#6138));
#6140=FACE_OUTER_BOUND('',#6139,.F.);
#6141=ADVANCED_FACE('',(#6140),#6133,.F.);
#6142=CARTESIAN_POINT('',(1.3E0,7.5E-2,1.9E0));
#6143=DIRECTION('',(0.E0,0.E0,-1.E0));
#6144=DIRECTION('',(-1.E0,0.E0,0.E0));
#6145=AXIS2_PLACEMENT_3D('',#6142,#6143,#6144);
#6146=PLANE('',#6145);
#6147=ORIENTED_EDGE('',*,*,#5994,.T.);
#6149=ORIENTED_EDGE('',*,*,#6148,.T.);
#6150=ORIENTED_EDGE('',*,*,#6067,.F.);
#6151=ORIENTED_EDGE('',*,*,#6136,.F.);
#6152=EDGE_LOOP('',(#6147,#6149,#6150,#6151));
#6153=FACE_OUTER_BOUND('',#6152,.F.);
#6154=ADVANCED_FACE('',(#6153),#6146,.F.);
#6155=CARTESIAN_POINT('',(9.75E-1,7.5E-2,1.9E0));
#6156=DIRECTION('',(-1.E0,0.E0,0.E0));
#6157=DIRECTION('',(0.E0,0.E0,1.E0));
#6158=AXIS2_PLACEMENT_3D('',#6155,#6156,#6157);
#6159=PLANE('',#6158);
#6160=ORIENTED_EDGE('',*,*,#5954,.T.);
#6161=ORIENTED_EDGE('',*,*,#6069,.F.);
#6162=ORIENTED_EDGE('',*,*,#6148,.F.);
#6163=ORIENTED_EDGE('',*,*,#5992,.T.);
#6164=EDGE_LOOP('',(#6160,#6161,#6162,#6163));
#6165=FACE_OUTER_BOUND('',#6164,.F.);
#6166=ADVANCED_FACE('',(#6165),#6159,.F.);
#6167=CARTESIAN_POINT('',(-1.3E0,7.5E-2,-2.1E0));
#6168=DIRECTION('',(-1.E0,0.E0,0.E0));
#6169=DIRECTION('',(0.E0,0.E0,1.E0));
#6170=AXIS2_PLACEMENT_3D('',#6167,#6168,#6169);
#6171=PLANE('',#6170);
#6172=ORIENTED_EDGE('',*,*,#5533,.F.);
#6173=ORIENTED_EDGE('',*,*,#6011,.T.);
#6175=ORIENTED_EDGE('',*,*,#6174,.T.);
#6176=ORIENTED_EDGE('',*,*,#6080,.F.);
#6177=EDGE_LOOP('',(#6172,#6173,#6175,#6176));
#6178=FACE_OUTER_BOUND('',#6177,.F.);
#6179=ADVANCED_FACE('',(#6178),#6171,.F.);
#6180=CARTESIAN_POINT('',(-1.3E0,7.5E-2,-1.9E0));
#6181=DIRECTION('',(0.E0,0.E0,1.E0));
#6182=DIRECTION('',(1.E0,0.E0,0.E0));
#6183=AXIS2_PLACEMENT_3D('',#6180,#6181,#6182);
#6184=PLANE('',#6183);
#6185=ORIENTED_EDGE('',*,*,#6009,.T.);
#6187=ORIENTED_EDGE('',*,*,#6186,.T.);
#6188=ORIENTED_EDGE('',*,*,#6082,.F.);
#6189=ORIENTED_EDGE('',*,*,#6174,.F.);
#6190=EDGE_LOOP('',(#6185,#6187,#6188,#6189));
#6191=FACE_OUTER_BOUND('',#6190,.F.);
#6192=ADVANCED_FACE('',(#6191),#6184,.F.);
#6193=CARTESIAN_POINT('',(-9.75E-1,7.5E-2,-1.9E0));
#6194=DIRECTION('',(1.E0,0.E0,0.E0));
#6195=DIRECTION('',(0.E0,0.E0,-1.E0));
#6196=AXIS2_PLACEMENT_3D('',#6193,#6194,#6195);
#6197=PLANE('',#6196);
#6198=ORIENTED_EDGE('',*,*,#5537,.T.);
#6199=ORIENTED_EDGE('',*,*,#6084,.F.);
#6200=ORIENTED_EDGE('',*,*,#6186,.F.);
#6201=ORIENTED_EDGE('',*,*,#6007,.T.);
#6202=EDGE_LOOP('',(#6198,#6199,#6200,#6201));
#6203=FACE_OUTER_BOUND('',#6202,.F.);
#6204=ADVANCED_FACE('',(#6203),#6197,.F.);
#6205=CARTESIAN_POINT('',(9.75E-1,7.5E-2,-2.1E0));
#6206=DIRECTION('',(-1.E0,0.E0,0.E0));
#6207=DIRECTION('',(0.E0,0.E0,1.E0));
#6208=AXIS2_PLACEMENT_3D('',#6205,#6206,#6207);
#6209=PLANE('',#6208);
#6210=ORIENTED_EDGE('',*,*,#5543,.F.);
#6211=ORIENTED_EDGE('',*,*,#6026,.T.);
#6213=ORIENTED_EDGE('',*,*,#6212,.T.);
#6214=ORIENTED_EDGE('',*,*,#6095,.F.);
#6215=EDGE_LOOP('',(#6210,#6211,#6213,#6214));
#6216=FACE_OUTER_BOUND('',#6215,.F.);
#6217=ADVANCED_FACE('',(#6216),#6209,.F.);
#6218=CARTESIAN_POINT('',(9.75E-1,7.5E-2,-1.9E0));
#6219=DIRECTION('',(0.E0,0.E0,1.E0));
#6220=DIRECTION('',(1.E0,0.E0,0.E0));
#6221=AXIS2_PLACEMENT_3D('',#6218,#6219,#6220);
#6222=PLANE('',#6221);
#6223=ORIENTED_EDGE('',*,*,#6024,.T.);
#6225=ORIENTED_EDGE('',*,*,#6224,.T.);
#6226=ORIENTED_EDGE('',*,*,#6097,.F.);
#6227=ORIENTED_EDGE('',*,*,#6212,.F.);
#6228=EDGE_LOOP('',(#6223,#6225,#6226,#6227));
#6229=FACE_OUTER_BOUND('',#6228,.F.);
#6230=ADVANCED_FACE('',(#6229),#6222,.F.);
#6231=CARTESIAN_POINT('',(1.3E0,7.5E-2,-1.9E0));
#6232=DIRECTION('',(1.E0,0.E0,0.E0));
#6233=DIRECTION('',(0.E0,0.E0,-1.E0));
#6234=AXIS2_PLACEMENT_3D('',#6231,#6232,#6233);
#6235=PLANE('',#6234);
#6236=ORIENTED_EDGE('',*,*,#5547,.T.);
#6237=ORIENTED_EDGE('',*,*,#6099,.F.);
#6238=ORIENTED_EDGE('',*,*,#6224,.F.);
#6239=ORIENTED_EDGE('',*,*,#6022,.T.);
#6240=EDGE_LOOP('',(#6236,#6237,#6238,#6239));
#6241=FACE_OUTER_BOUND('',#6240,.F.);
#6242=ADVANCED_FACE('',(#6241),#6235,.F.);
#6243=CARTESIAN_POINT('',(-2.1E0,-2.5E-2,1.35E0));
#6244=DIRECTION('',(0.E0,0.E0,1.E0));
#6245=DIRECTION('',(1.E0,0.E0,0.E0));
#6246=AXIS2_PLACEMENT_3D('',#6243,#6244,#6245);
#6247=PLANE('',#6246);
#6248=ORIENTED_EDGE('',*,*,#5309,.T.);
#6250=ORIENTED_EDGE('',*,*,#6249,.T.);
#6252=ORIENTED_EDGE('',*,*,#6251,.F.);
#6253=ORIENTED_EDGE('',*,*,#5479,.F.);
#6254=EDGE_LOOP('',(#6248,#6250,#6252,#6253));
#6255=FACE_OUTER_BOUND('',#6254,.F.);
#6256=ADVANCED_FACE('',(#6255),#6247,.F.);
#6257=CARTESIAN_POINT('',(-1.501E0,-2.5E-2,1.349E0));
#6258=DIRECTION('',(0.E0,1.E0,0.E0));
#6259=DIRECTION('',(1.E0,0.E0,0.E0));
#6260=AXIS2_PLACEMENT_3D('',#6257,#6258,#6259);
#6261=CYLINDRICAL_SURFACE('',#6260,1.E-3);
#6262=ORIENTED_EDGE('',*,*,#5307,.T.);
#6264=ORIENTED_EDGE('',*,*,#6263,.T.);
#6266=ORIENTED_EDGE('',*,*,#6265,.F.);
#6267=ORIENTED_EDGE('',*,*,#6249,.F.);
#6268=EDGE_LOOP('',(#6262,#6264,#6266,#6267));
#6269=FACE_OUTER_BOUND('',#6268,.F.);
#6270=ADVANCED_FACE('',(#6269),#6261,.F.);
#6271=CARTESIAN_POINT('',(-1.5E0,-2.5E-2,1.349E0));
#6272=DIRECTION('',(1.E0,0.E0,0.E0));
#6273=DIRECTION('',(0.E0,0.E0,-1.E0));
#6274=AXIS2_PLACEMENT_3D('',#6271,#6272,#6273);
#6275=PLANE('',#6274);
#6276=ORIENTED_EDGE('',*,*,#5305,.T.);
#6278=ORIENTED_EDGE('',*,*,#6277,.T.);
#6280=ORIENTED_EDGE('',*,*,#6279,.F.);
#6281=ORIENTED_EDGE('',*,*,#6263,.F.);
#6282=EDGE_LOOP('',(#6276,#6278,#6280,#6281));
#6283=FACE_OUTER_BOUND('',#6282,.F.);
#6284=ADVANCED_FACE('',(#6283),#6275,.F.);
#6285=CARTESIAN_POINT('',(-1.501E0,-2.5E-2,1.051E0));
#6286=DIRECTION('',(0.E0,1.E0,0.E0));
#6287=DIRECTION('',(1.E0,0.E0,0.E0));
#6288=AXIS2_PLACEMENT_3D('',#6285,#6286,#6287);
#6289=CYLINDRICAL_SURFACE('',#6288,1.E-3);
#6290=ORIENTED_EDGE('',*,*,#5303,.T.);
#6292=ORIENTED_EDGE('',*,*,#6291,.T.);
#6294=ORIENTED_EDGE('',*,*,#6293,.F.);
#6295=ORIENTED_EDGE('',*,*,#6277,.F.);
#6296=EDGE_LOOP('',(#6290,#6292,#6294,#6295));
#6297=FACE_OUTER_BOUND('',#6296,.F.);
#6298=ADVANCED_FACE('',(#6297),#6289,.F.);
#6299=CARTESIAN_POINT('',(-1.501E0,-2.5E-2,1.05E0));
#6300=DIRECTION('',(0.E0,0.E0,-1.E0));
#6301=DIRECTION('',(-1.E0,0.E0,0.E0));
#6302=AXIS2_PLACEMENT_3D('',#6299,#6300,#6301);
#6303=PLANE('',#6302);
#6304=ORIENTED_EDGE('',*,*,#5301,.F.);
#6305=ORIENTED_EDGE('',*,*,#5483,.T.);
#6307=ORIENTED_EDGE('',*,*,#6306,.F.);
#6308=ORIENTED_EDGE('',*,*,#6291,.F.);
#6309=EDGE_LOOP('',(#6304,#6305,#6307,#6308));
#6310=FACE_OUTER_BOUND('',#6309,.F.);
#6311=ADVANCED_FACE('',(#6310),#6303,.F.);
#6312=CARTESIAN_POINT('',(0.E0,1.75E-1,0.E0));
#6313=DIRECTION('',(0.E0,1.E0,0.E0));
#6314=DIRECTION('',(1.E0,0.E0,0.E0));
#6315=AXIS2_PLACEMENT_3D('',#6312,#6313,#6314);
#6316=PLANE('',#6315);
#6317=ORIENTED_EDGE('',*,*,#5481,.F.);
#6318=ORIENTED_EDGE('',*,*,#6251,.T.);
#6319=ORIENTED_EDGE('',*,*,#6265,.T.);
#6320=ORIENTED_EDGE('',*,*,#6279,.T.);
#6321=ORIENTED_EDGE('',*,*,#6293,.T.);
#6322=ORIENTED_EDGE('',*,*,#6306,.T.);
#6323=EDGE_LOOP('',(#6317,#6318,#6319,#6320,#6321,#6322));
#6324=FACE_OUTER_BOUND('',#6323,.F.);
#6325=ADVANCED_FACE('',(#6324),#6316,.F.);
#6326=CARTESIAN_POINT('',(-2.1E0,-2.5E-2,5.5E-1));
#6327=DIRECTION('',(0.E0,0.E0,1.E0));
#6328=DIRECTION('',(1.E0,0.E0,0.E0));
#6329=AXIS2_PLACEMENT_3D('',#6326,#6327,#6328);
#6330=PLANE('',#6329);
#6331=ORIENTED_EDGE('',*,*,#5297,.T.);
#6333=ORIENTED_EDGE('',*,*,#6332,.T.);
#6335=ORIENTED_EDGE('',*,*,#6334,.F.);
#6336=ORIENTED_EDGE('',*,*,#5486,.F.);
#6337=EDGE_LOOP('',(#6331,#6333,#6335,#6336));
#6338=FACE_OUTER_BOUND('',#6337,.F.);
#6339=ADVANCED_FACE('',(#6338),#6330,.F.);
#6340=CARTESIAN_POINT('',(-1.501E0,-2.5E-2,5.49E-1));
#6341=DIRECTION('',(0.E0,1.E0,0.E0));
#6342=DIRECTION('',(1.E0,0.E0,0.E0));
#6343=AXIS2_PLACEMENT_3D('',#6340,#6341,#6342);
#6344=CYLINDRICAL_SURFACE('',#6343,1.E-3);
#6345=ORIENTED_EDGE('',*,*,#5295,.T.);
#6347=ORIENTED_EDGE('',*,*,#6346,.T.);
#6349=ORIENTED_EDGE('',*,*,#6348,.F.);
#6350=ORIENTED_EDGE('',*,*,#6332,.F.);
#6351=EDGE_LOOP('',(#6345,#6347,#6349,#6350));
#6352=FACE_OUTER_BOUND('',#6351,.F.);
#6353=ADVANCED_FACE('',(#6352),#6344,.F.);
#6354=CARTESIAN_POINT('',(-1.5E0,-2.5E-2,5.49E-1));
#6355=DIRECTION('',(1.E0,0.E0,0.E0));
#6356=DIRECTION('',(0.E0,0.E0,-1.E0));
#6357=AXIS2_PLACEMENT_3D('',#6354,#6355,#6356);
#6358=PLANE('',#6357);
#6359=ORIENTED_EDGE('',*,*,#5293,.T.);
#6361=ORIENTED_EDGE('',*,*,#6360,.T.);
#6363=ORIENTED_EDGE('',*,*,#6362,.F.);
#6364=ORIENTED_EDGE('',*,*,#6346,.F.);
#6365=EDGE_LOOP('',(#6359,#6361,#6363,#6364));
#6366=FACE_OUTER_BOUND('',#6365,.F.);
#6367=ADVANCED_FACE('',(#6366),#6358,.F.);
#6368=CARTESIAN_POINT('',(-1.501E0,-2.5E-2,2.51E-1));
#6369=DIRECTION('',(0.E0,1.E0,0.E0));
#6370=DIRECTION('',(1.E0,0.E0,0.E0));
#6371=AXIS2_PLACEMENT_3D('',#6368,#6369,#6370);
#6372=CYLINDRICAL_SURFACE('',#6371,1.E-3);
#6373=ORIENTED_EDGE('',*,*,#5291,.T.);
#6375=ORIENTED_EDGE('',*,*,#6374,.T.);
#6377=ORIENTED_EDGE('',*,*,#6376,.F.);
#6378=ORIENTED_EDGE('',*,*,#6360,.F.);
#6379=EDGE_LOOP('',(#6373,#6375,#6377,#6378));
#6380=FACE_OUTER_BOUND('',#6379,.F.);
#6381=ADVANCED_FACE('',(#6380),#6372,.F.);
#6382=CARTESIAN_POINT('',(-1.501E0,-2.5E-2,2.5E-1));
#6383=DIRECTION('',(0.E0,0.E0,-1.E0));
#6384=DIRECTION('',(-1.E0,0.E0,0.E0));
#6385=AXIS2_PLACEMENT_3D('',#6382,#6383,#6384);
#6386=PLANE('',#6385);
#6387=ORIENTED_EDGE('',*,*,#5289,.F.);
#6388=ORIENTED_EDGE('',*,*,#5490,.T.);
#6390=ORIENTED_EDGE('',*,*,#6389,.F.);
#6391=ORIENTED_EDGE('',*,*,#6374,.F.);
#6392=EDGE_LOOP('',(#6387,#6388,#6390,#6391));
#6393=FACE_OUTER_BOUND('',#6392,.F.);
#6394=ADVANCED_FACE('',(#6393),#6386,.F.);
#6395=CARTESIAN_POINT('',(0.E0,1.75E-1,0.E0));
#6396=DIRECTION('',(0.E0,1.E0,0.E0));
#6397=DIRECTION('',(1.E0,0.E0,0.E0));
#6398=AXIS2_PLACEMENT_3D('',#6395,#6396,#6397);
#6399=PLANE('',#6398);
#6400=ORIENTED_EDGE('',*,*,#5488,.F.);
#6401=ORIENTED_EDGE('',*,*,#6334,.T.);
#6402=ORIENTED_EDGE('',*,*,#6348,.T.);
#6403=ORIENTED_EDGE('',*,*,#6362,.T.);
#6404=ORIENTED_EDGE('',*,*,#6376,.T.);
#6405=ORIENTED_EDGE('',*,*,#6389,.T.);
#6406=EDGE_LOOP('',(#6400,#6401,#6402,#6403,#6404,#6405));
#6407=FACE_OUTER_BOUND('',#6406,.F.);
#6408=ADVANCED_FACE('',(#6407),#6399,.F.);
#6409=CARTESIAN_POINT('',(-2.1E0,-2.5E-2,-2.5E-1));
#6410=DIRECTION('',(0.E0,0.E0,1.E0));
#6411=DIRECTION('',(1.E0,0.E0,0.E0));
#6412=AXIS2_PLACEMENT_3D('',#6409,#6410,#6411);
#6413=PLANE('',#6412);
#6414=ORIENTED_EDGE('',*,*,#5285,.T.);
#6416=ORIENTED_EDGE('',*,*,#6415,.T.);
#6418=ORIENTED_EDGE('',*,*,#6417,.F.);
#6419=ORIENTED_EDGE('',*,*,#5493,.F.);
#6420=EDGE_LOOP('',(#6414,#6416,#6418,#6419));
#6421=FACE_OUTER_BOUND('',#6420,.F.);
#6422=ADVANCED_FACE('',(#6421),#6413,.F.);
#6423=CARTESIAN_POINT('',(-1.501E0,-2.5E-2,-2.51E-1));
#6424=DIRECTION('',(0.E0,1.E0,0.E0));
#6425=DIRECTION('',(1.E0,0.E0,0.E0));
#6426=AXIS2_PLACEMENT_3D('',#6423,#6424,#6425);
#6427=CYLINDRICAL_SURFACE('',#6426,1.E-3);
#6428=ORIENTED_EDGE('',*,*,#5283,.T.);
#6430=ORIENTED_EDGE('',*,*,#6429,.T.);
#6432=ORIENTED_EDGE('',*,*,#6431,.F.);
#6433=ORIENTED_EDGE('',*,*,#6415,.F.);
#6434=EDGE_LOOP('',(#6428,#6430,#6432,#6433));
#6435=FACE_OUTER_BOUND('',#6434,.F.);
#6436=ADVANCED_FACE('',(#6435),#6427,.F.);
#6437=CARTESIAN_POINT('',(-1.5E0,-2.5E-2,-2.51E-1));
#6438=DIRECTION('',(1.E0,0.E0,0.E0));
#6439=DIRECTION('',(0.E0,0.E0,-1.E0));
#6440=AXIS2_PLACEMENT_3D('',#6437,#6438,#6439);
#6441=PLANE('',#6440);
#6442=ORIENTED_EDGE('',*,*,#5281,.T.);
#6444=ORIENTED_EDGE('',*,*,#6443,.T.);
#6446=ORIENTED_EDGE('',*,*,#6445,.F.);
#6447=ORIENTED_EDGE('',*,*,#6429,.F.);
#6448=EDGE_LOOP('',(#6442,#6444,#6446,#6447));
#6449=FACE_OUTER_BOUND('',#6448,.F.);
#6450=ADVANCED_FACE('',(#6449),#6441,.F.);
#6451=CARTESIAN_POINT('',(-1.501E0,-2.5E-2,-5.49E-1));
#6452=DIRECTION('',(0.E0,1.E0,0.E0));
#6453=DIRECTION('',(1.E0,0.E0,0.E0));
#6454=AXIS2_PLACEMENT_3D('',#6451,#6452,#6453);
#6455=CYLINDRICAL_SURFACE('',#6454,1.E-3);
#6456=ORIENTED_EDGE('',*,*,#5279,.T.);
#6458=ORIENTED_EDGE('',*,*,#6457,.T.);
#6460=ORIENTED_EDGE('',*,*,#6459,.F.);
#6461=ORIENTED_EDGE('',*,*,#6443,.F.);
#6462=EDGE_LOOP('',(#6456,#6458,#6460,#6461));
#6463=FACE_OUTER_BOUND('',#6462,.F.);
#6464=ADVANCED_FACE('',(#6463),#6455,.F.);
#6465=CARTESIAN_POINT('',(-1.501E0,-2.5E-2,-5.5E-1));
#6466=DIRECTION('',(0.E0,0.E0,-1.E0));
#6467=DIRECTION('',(-1.E0,0.E0,0.E0));
#6468=AXIS2_PLACEMENT_3D('',#6465,#6466,#6467);
#6469=PLANE('',#6468);
#6470=ORIENTED_EDGE('',*,*,#5277,.F.);
#6471=ORIENTED_EDGE('',*,*,#5497,.T.);
#6473=ORIENTED_EDGE('',*,*,#6472,.F.);
#6474=ORIENTED_EDGE('',*,*,#6457,.F.);
#6475=EDGE_LOOP('',(#6470,#6471,#6473,#6474));
#6476=FACE_OUTER_BOUND('',#6475,.F.);
#6477=ADVANCED_FACE('',(#6476),#6469,.F.);
#6478=CARTESIAN_POINT('',(0.E0,1.75E-1,0.E0));
#6479=DIRECTION('',(0.E0,1.E0,0.E0));
#6480=DIRECTION('',(1.E0,0.E0,0.E0));
#6481=AXIS2_PLACEMENT_3D('',#6478,#6479,#6480);
#6482=PLANE('',#6481);
#6483=ORIENTED_EDGE('',*,*,#5495,.F.);
#6484=ORIENTED_EDGE('',*,*,#6417,.T.);
#6485=ORIENTED_EDGE('',*,*,#6431,.T.);
#6486=ORIENTED_EDGE('',*,*,#6445,.T.);
#6487=ORIENTED_EDGE('',*,*,#6459,.T.);
#6488=ORIENTED_EDGE('',*,*,#6472,.T.);
#6489=EDGE_LOOP('',(#6483,#6484,#6485,#6486,#6487,#6488));
#6490=FACE_OUTER_BOUND('',#6489,.F.);
#6491=ADVANCED_FACE('',(#6490),#6482,.F.);
#6492=CARTESIAN_POINT('',(-1.1E0,-2.5E-2,-1.5E0));
#6493=DIRECTION('',(-1.E0,0.E0,0.E0));
#6494=DIRECTION('',(0.E0,0.E0,1.E0));
#6495=AXIS2_PLACEMENT_3D('',#6492,#6493,#6494);
#6496=PLANE('',#6495);
#6497=ORIENTED_EDGE('',*,*,#5379,.T.);
#6499=ORIENTED_EDGE('',*,*,#6498,.T.);
#6501=ORIENTED_EDGE('',*,*,#6500,.F.);
#6503=ORIENTED_EDGE('',*,*,#6502,.T.);
#6504=EDGE_LOOP('',(#6497,#6499,#6501,#6503));
#6505=FACE_OUTER_BOUND('',#6504,.F.);
#6506=ADVANCED_FACE('',(#6505),#6496,.F.);
#6507=CARTESIAN_POINT('',(-1.1E0,-2.5E-2,1.5E0));
#6508=DIRECTION('',(0.E0,0.E0,1.E0));
#6509=DIRECTION('',(1.E0,0.E0,0.E0));
#6510=AXIS2_PLACEMENT_3D('',#6507,#6508,#6509);
#6511=PLANE('',#6510);
#6512=ORIENTED_EDGE('',*,*,#5387,.T.);
#6514=ORIENTED_EDGE('',*,*,#6513,.T.);
#6516=ORIENTED_EDGE('',*,*,#6515,.F.);
#6517=ORIENTED_EDGE('',*,*,#6498,.F.);
#6518=EDGE_LOOP('',(#6512,#6514,#6516,#6517));
#6519=FACE_OUTER_BOUND('',#6518,.F.);
#6520=ADVANCED_FACE('',(#6519),#6511,.F.);
#6521=CARTESIAN_POINT('',(1.1E0,-2.5E-2,1.5E0));
#6522=DIRECTION('',(1.E0,0.E0,0.E0));
#6523=DIRECTION('',(0.E0,0.E0,-1.E0));
#6524=AXIS2_PLACEMENT_3D('',#6521,#6522,#6523);
#6525=PLANE('',#6524);
#6526=ORIENTED_EDGE('',*,*,#5385,.T.);
#6528=ORIENTED_EDGE('',*,*,#6527,.T.);
#6530=ORIENTED_EDGE('',*,*,#6529,.F.);
#6531=ORIENTED_EDGE('',*,*,#6513,.F.);
#6532=EDGE_LOOP('',(#6526,#6528,#6530,#6531));
#6533=FACE_OUTER_BOUND('',#6532,.F.);
#6534=ADVANCED_FACE('',(#6533),#6525,.F.);
#6535=CARTESIAN_POINT('',(1.1E0,-2.5E-2,-1.5E0));
#6536=DIRECTION('',(0.E0,0.E0,-1.E0));
#6537=DIRECTION('',(-1.E0,0.E0,0.E0));
#6538=AXIS2_PLACEMENT_3D('',#6535,#6536,#6537);
#6539=PLANE('',#6538);
#6540=ORIENTED_EDGE('',*,*,#5383,.T.);
#6542=ORIENTED_EDGE('',*,*,#6541,.F.);
#6544=ORIENTED_EDGE('',*,*,#6543,.F.);
#6545=ORIENTED_EDGE('',*,*,#6527,.F.);
#6546=EDGE_LOOP('',(#6540,#6542,#6544,#6545));
#6547=FACE_OUTER_BOUND('',#6546,.F.);
#6548=ADVANCED_FACE('',(#6547),#6539,.F.);
#6549=CARTESIAN_POINT('',(-9.5E-1,7.5E-2,-1.35E0));
#6550=DIRECTION('',(-7.071067811865E-1,0.E0,-7.071067811865E-1));
#6551=DIRECTION('',(7.071067811865E-1,0.E0,-7.071067811865E-1));
#6552=AXIS2_PLACEMENT_3D('',#6549,#6550,#6551);
#6553=PLANE('',#6552);
#6554=ORIENTED_EDGE('',*,*,#5381,.F.);
#6555=ORIENTED_EDGE('',*,*,#6502,.F.);
#6557=ORIENTED_EDGE('',*,*,#6556,.F.);
#6558=ORIENTED_EDGE('',*,*,#6541,.T.);
#6559=EDGE_LOOP('',(#6554,#6555,#6557,#6558));
#6560=FACE_OUTER_BOUND('',#6559,.F.);
#6561=ADVANCED_FACE('',(#6560),#6553,.F.);
#6562=CARTESIAN_POINT('',(0.E0,1.75E-1,0.E0));
#6563=DIRECTION('',(0.E0,1.E0,0.E0));
#6564=DIRECTION('',(1.E0,0.E0,0.E0));
#6565=AXIS2_PLACEMENT_3D('',#6562,#6563,#6564);
#6566=PLANE('',#6565);
#6567=ORIENTED_EDGE('',*,*,#6556,.T.);
#6568=ORIENTED_EDGE('',*,*,#6500,.T.);
#6569=ORIENTED_EDGE('',*,*,#6515,.T.);
#6570=ORIENTED_EDGE('',*,*,#6529,.T.);
#6571=ORIENTED_EDGE('',*,*,#6543,.T.);
#6572=EDGE_LOOP('',(#6567,#6568,#6569,#6570,#6571));
#6573=FACE_OUTER_BOUND('',#6572,.F.);
#6574=ADVANCED_FACE('',(#6573),#6566,.F.);
#6575=CLOSED_SHELL('',(#5391,#5406,#5420,#5434,#5448,#5462,#5503,#5517,#5551,
#5593,#5612,#5625,#5638,#5651,#5664,#5676,#5690,#5704,#5718,#5732,#5745,#5759,
#5773,#5787,#5801,#5815,#5828,#5842,#5856,#5870,#5884,#5898,#5911,#5925,#5958,
#5970,#5985,#6000,#6015,#6030,#6044,#6058,#6073,#6088,#6103,#6116,#6128,#6141,
#6154,#6166,#6179,#6192,#6204,#6217,#6230,#6242,#6256,#6270,#6284,#6298,#6311,
#6325,#6339,#6353,#6367,#6381,#6394,#6408,#6422,#6436,#6450,#6464,#6477,#6491,
#6506,#6520,#6534,#6548,#6561,#6574));
#6576=MANIFOLD_SOLID_BREP('',#6575);
#6577=FILL_AREA_STYLE_COLOUR('',#3);
#6578=FILL_AREA_STYLE('',(#6577));
#6579=SURFACE_STYLE_FILL_AREA(#6578);
#6580=SURFACE_SIDE_STYLE('',(#6579));
#6581=SURFACE_STYLE_USAGE(.BOTH.,#6580);
#6582=PRESENTATION_STYLE_ASSIGNMENT((#6581));
#3410=STYLED_ITEM('',(#6582),#6576);
#6584=DIMENSIONAL_EXPONENTS(0.E0,0.E0,0.E0,0.E0,0.E0,0.E0,0.E0);
#6586=PLANE_ANGLE_MEASURE_WITH_UNIT(PLANE_ANGLE_MEASURE(1.745329251994E-2),
#6585);
#6587=(CONVERSION_BASED_UNIT('DEGREE',#6586)NAMED_UNIT(*)PLANE_ANGLE_UNIT());
#6589=UNCERTAINTY_MEASURE_WITH_UNIT(LENGTH_MEASURE(2.592621155356E-4),#6583,
'closure',
'Maximum model space distance between geometric entities at asserted connectivities');
#6590=(GEOMETRIC_REPRESENTATION_CONTEXT(3)GLOBAL_UNCERTAINTY_ASSIGNED_CONTEXT((
#6589))GLOBAL_UNIT_ASSIGNED_CONTEXT((#6583,#6587,#6588))REPRESENTATION_CONTEXT(
'ID2','3'));
#6591=CARTESIAN_POINT('',(0.E0,0.E0,0.E0));
#6592=DIRECTION('',(0.E0,0.E0,1.E0));
#6593=DIRECTION('',(1.E0,0.E0,0.E0));
#6596=MECHANICAL_CONTEXT('',#3388,'mechanical');
#6597=PRODUCT('BODY','BODY','NOT SPECIFIED',(#6596));
#6598=PRODUCT_DEFINITION_FORMATION_WITH_SPECIFIED_SOURCE('38','LAST_VERSION',
#6597,.MADE.);
#6604=CARTESIAN_POINT('',(0.E0,0.E0,2.5E-2));
#6605=DIRECTION('',(0.E0,-1.E0,0.E0));
#6606=DIRECTION('',(1.E0,0.E0,0.E0));
#6607=AXIS2_PLACEMENT_3D('',#6604,#6605,#6606);
#6608=ITEM_DEFINED_TRANSFORMATION('','',#6594,#6607);
#6609=(REPRESENTATION_RELATIONSHIP('','',#6595,#3399)REPRESENTATION_RELATIONSHIP_WITH_TRANSFORMATION(#6608)SHAPE_REPRESENTATION_RELATIONSHIP());
#6610=CONTEXT_DEPENDENT_SHAPE_REPRESENTATION(#6609,#6603);
#6612=DIMENSIONAL_EXPONENTS(0.E0,0.E0,0.E0,0.E0,0.E0,0.E0,0.E0);
#6614=PLANE_ANGLE_MEASURE_WITH_UNIT(PLANE_ANGLE_MEASURE(1.745329251994E-2),
#6613);
#6615=(CONVERSION_BASED_UNIT('DEGREE',#6614)NAMED_UNIT(*)PLANE_ANGLE_UNIT());
#6617=UNCERTAINTY_MEASURE_WITH_UNIT(LENGTH_MEASURE(2.380380923802E-4),#6611,
'closure',
'Maximum model space distance between geometric entities at asserted connectivities');
#6618=(GEOMETRIC_REPRESENTATION_CONTEXT(3)GLOBAL_UNCERTAINTY_ASSIGNED_CONTEXT((
#6617))GLOBAL_UNIT_ASSIGNED_CONTEXT((#6611,#6615,#6616))REPRESENTATION_CONTEXT(
'ID3','3'));
#6619=CARTESIAN_POINT('',(0.E0,0.E0,0.E0));
#6620=DIRECTION('',(0.E0,0.E0,1.E0));
#6621=DIRECTION('',(1.E0,0.E0,0.E0));
#6623=MECHANICAL_DESIGN_GEOMETRIC_PRESENTATION_REPRESENTATION('',(#38,#45,#53,
#60,#68,#75,#82,#89,#96,#103,#110,#117,#124,#131,#139,#146,#154,#161,#232,#30,
#331,#338,#346,#353,#361,#368,#375,#382,#389,#396,#403,#410,#417,#424,#432,#439,
#447,#454,#520,#324,#619,#626,#634,#641,#649,#656,#663,#670,#677,#684,#691,#698,
#705,#712,#720,#727,#735,#742,#808,#612,#907,#914,#922,#929,#937,#944,#951,#958,
#965,#972,#979,#986,#993,#1000,#1008,#1015,#1023,#1030,#1096,#900,#1195,#1202,
#1210,#1217,#1225,#1232,#1239,#1246,#1253,#1260,#1267,#1274,#1281,#1288,#1296,
#1303,#1311,#1318,#1384,#1188,#1483,#1490,#1498,#1505,#1513,#1520,#1527,#1534,
#1541,#1548,#1555,#1562,#1569,#1576,#1584,#1591,#1599,#1606,#1672,#1476,#1771,
#1778,#1786,#1793,#1801,#1808,#1815,#1822,#1829,#1836,#1843,#1850,#1857,#1864,
#1872,#1879,#1887,#1894,#1960,#1764,#2059,#2066,#2074,#2081,#2089,#2096,#2103,
#2110,#2117,#2124,#2131,#2138,#2145,#2152,#2160,#2167,#2175,#2182,#2248,#2052,
#2347,#2354,#2361,#2368,#2375,#2382,#2389,#2396,#2403,#2410,#2417,#2424,#2431,
#2438,#2445,#2340,#2582,#2589,#2596,#2603,#2610,#2617,#2624,#2631,#2638,#2645,
#2652,#2659,#2713,#2575,#2782,#2789,#2796,#2803,#2810,#2817,#2824,#2831,#2838,
#2845,#2852,#2859,#2913,#2775,#2982,#2989,#2996,#3003,#3010,#3017,#3024,#3031,
#3038,#3045,#3052,#3059,#3113,#2975,#3182,#3189,#3196,#3203,#3210,#3217,#3224,
#3231,#3238,#3245,#3252,#3259,#3313,#3175,#3417,#3424,#3431,#3439,#3446,#3454,
#3461,#3468,#3475,#3483,#3490,#3498,#3505,#3512,#3519,#3527,#3534,#3542,#3549,
#3556,#3563,#3570,#3577,#3585,#3592,#3600,#3607,#3614,#3621,#3629,#3636,#3644,
#3651,#3658,#3665,#3673,#3680,#3688,#3695,#3702,#3709,#3717,#3724,#3732,#3739,
#3746,#3753,#3760,#3767,#3775,#3782,#3790,#3797,#3804,#3811,#3818,#3825,#3832,
#3839,#3846,#3853,#3860,#3867,#3874,#3881,#3888,#3895,#3902,#3909,#3916,#3923,
#3930,#3937,#3944,#3951,#3959,#3966,#3974,#3981,#3988,#3995,#4002,#4009,#4016,
#4023,#4030,#4037,#4044,#4051,#4058,#4065,#4072,#4079,#4086,#4093,#4100,#4107,
#4114,#4121,#4128,#4135,#4142,#4150,#4157,#4165,#4172,#4179,#4186,#4193,#4200,
#4207,#4214,#4221,#4228,#4235,#4243,#4250,#4258,#4265,#4272,#4279,#4286,#4293,
#4300,#4308,#4315,#4323,#4330,#4337,#4344,#4351,#4358,#4365,#4373,#4380,#4388,
#4395,#4402,#4409,#4416,#4423,#4430,#4437,#4444,#4451,#4458,#4465,#4472,#4479,
#4486,#4493,#4500,#4507,#4514,#4521,#4528,#4535,#4542,#4549,#4556,#4563,#4570,
#4577,#4584,#4591,#4598,#4605,#4612,#4619,#4626,#4633,#4640,#4647,#4654,#4661,
#4668,#4675,#4682,#4689,#4696,#4703,#4710,#4717,#4724,#4731,#4738,#4745,#4753,
#4760,#4768,#4775,#4782,#4789,#4796,#4803,#4810,#4818,#4825,#4833,#4840,#4847,
#4854,#4861,#4868,#4875,#4883,#4890,#4898,#4905,#4912,#4919,#4926,#4933,#4940,
#4947,#4954,#4961,#4968,#4975,#3410),#6618);
#6624=DESIGN_CONTEXT('',#3388,'design');
#6625=MECHANICAL_CONTEXT('',#3388,'mechanical');
#6626=PRODUCT('DRJ0008A_ASM','DRJ0008A_ASM','NOT SPECIFIED',(#6625));
#6627=PRODUCT_DEFINITION_FORMATION_WITH_SPECIFIED_SOURCE('92','LAST_VERSION',
#6626,.MADE.);
#6629=PRODUCT_CATEGORY('part','');
#6630=PRODUCT_RELATED_PRODUCT_CATEGORY('assembly','',(#6626));
#6631=PRODUCT_CATEGORY_RELATIONSHIP('','',#6629,#6630);
#6632=PRODUCT_CATEGORY('part','');
#6633=PRODUCT_RELATED_PRODUCT_CATEGORY('detail','',(#3392,#6597));
#6634=PRODUCT_CATEGORY_RELATIONSHIP('','',#6632,#6633);
#6635=SECURITY_CLASSIFICATION_LEVEL('unclassified');
#6636=SECURITY_CLASSIFICATION('','',#6635);
#6637=CC_DESIGN_SECURITY_CLASSIFICATION(#6636,(#3393,#6598,#6627,#3400,#6602));
#6638=APPROVAL_STATUS('approved');
#6639=APPROVAL(#6638,'');
#6640=CC_DESIGN_APPROVAL(#6639,(#6636,#3393,#6598,#6627,#3394,#6599,#6628));
#6641=CALENDAR_DATE(122,8,4);
#6642=COORDINATED_UNIVERSAL_TIME_OFFSET(7,0,.BEHIND.);
#6643=LOCAL_TIME(9,18,2.2E1,#6642);
#6644=DATE_AND_TIME(#6641,#6643);
#6645=APPROVAL_DATE_TIME(#6644,#6639);
#6646=DATE_TIME_ROLE('creation_date');
#6647=CC_DESIGN_DATE_AND_TIME_ASSIGNMENT(#6644,#6646,(#3394,#6599,#6628));
#6648=DATE_TIME_ROLE('classification_date');
#6649=CC_DESIGN_DATE_AND_TIME_ASSIGNMENT(#6644,#6648,(#6636));
#6650=PERSON('UNSPECIFIED','UNSPECIFIED',$,$,$,$);
#6651=ORGANIZATION('UNSPECIFIED','UNSPECIFIED','UNSPECIFIED');
#6652=PERSON_AND_ORGANIZATION(#6650,#6651);
#6653=APPROVAL_ROLE('approver');
#6654=APPROVAL_PERSON_ORGANIZATION(#6652,#6639,#6653);
#6655=PERSON_AND_ORGANIZATION_ROLE('creator');
#6656=CC_DESIGN_PERSON_AND_ORGANIZATION_ASSIGNMENT(#6652,#6655,(#3393,#6598,
#6627,#3394,#6599,#6628));
#6657=PERSON_AND_ORGANIZATION_ROLE('design_supplier');
#6658=CC_DESIGN_PERSON_AND_ORGANIZATION_ASSIGNMENT(#6652,#6657,(#3393,#6598,
#6627));
#6659=PERSON_AND_ORGANIZATION_ROLE('classification_officer');
#6660=CC_DESIGN_PERSON_AND_ORGANIZATION_ASSIGNMENT(#6652,#6659,(#6636));
#6661=PERSON_AND_ORGANIZATION_ROLE('design_owner');
#6662=CC_DESIGN_PERSON_AND_ORGANIZATION_ASSIGNMENT(#6652,#6661,(#6626,#3392,
#6597));
#1=COLOUR_RGB('',0.E0,4.3E-1,1.E0);
#2=COLOUR_RGB('',0.E0,6.6E-1,0.E0);
#3=COLOUR_RGB('',9.8039E-2,9.8039E-2,9.8039E-2);
#4=COLOUR_RGB('',1.80392E-1,2.7451E-1,9.8039E-2);
#5=COLOUR_RGB('',3.E-1,1.29412E-1,2.5098E-1);
#6=COLOUR_RGB('',3.13725E-1,3.13725E-1,3.13725E-1);
#7=COLOUR_RGB('',3.2E-1,4.9E-1,1.76471E-1);
#8=COLOUR_RGB('',3.5E-1,3.5E-1,3.5E-1);
#9=COLOUR_RGB('',3.92157E-1,3.92157E-1,3.92157E-1);
#10=COLOUR_RGB('',5.7E-1,0.E0,1.E0);
#11=COLOUR_RGB('',5.9E-1,3.E-1,0.E0);
#12=COLOUR_RGB('',6.E-1,6.E-1,6.E-1);
#13=COLOUR_RGB('',6.2E-1,3.3E-1,2.3E-1);
#14=COLOUR_RGB('',6.35294E-1,6.86275E-1,7.4902E-1);
#15=COLOUR_RGB('',6.66667E-1,6.66667E-1,6.66667E-1);
#16=COLOUR_RGB('',6.9E-1,0.E0,0.E0);
#17=COLOUR_RGB('',7.E-1,7.E-1,7.E-1);
#18=COLOUR_RGB('',8.23529E-1,7.05882E-1,4.31373E-1);
#19=COLOUR_RGB('',8.39216E-1,8.90196E-1,7.68627E-1);
#20=COLOUR_RGB('',8.62745E-1,4.98039E-1,3.92157E-1);
#21=COLOUR_RGB('',8.7E-1,7.5E-1,4.9E-1);
#22=COLOUR_RGB('',8.82353E-1,8.82353E-1,8.82353E-1);
#23=COLOUR_RGB('',9.80392E-1,9.80392E-1,9.80392E-1);
#24=COLOUR_RGB('',9.9E-1,1.E0,0.E0);
#25=COLOUR_RGB('',1.E0,5.E-1,0.E0);
#26=COLOUR_RGB('',1.E0,6.19608E-1,5.17647E-1);
#27=DRAUGHTING_PRE_DEFINED_COLOUR('white');
#28=COLOUR_RGB('',8.627450980392E-1,8.627450980392E-1,8.627450980392E-1);
#29=COLOUR_RGB('',1.E0,6.2E-1,5.2E-1);
#50=CIRCLE('',#49,1.E-3);
#65=CIRCLE('',#64,1.E-3);
#136=CIRCLE('',#135,1.E-3);
#151=CIRCLE('',#150,1.E-3);
#191=EDGE_CURVE('',#180,#181,#34,.T.);
#193=EDGE_CURVE('',#180,#164,#42,.T.);
#195=EDGE_CURVE('',#164,#165,#50,.T.);
#197=EDGE_CURVE('',#165,#167,#57,.T.);
#199=EDGE_CURVE('',#167,#169,#65,.T.);
#201=EDGE_CURVE('',#169,#181,#72,.T.);
#212=EDGE_CURVE('',#181,#185,#79,.T.);
#214=EDGE_CURVE('',#184,#185,#121,.T.);
#216=EDGE_CURVE('',#180,#184,#114,.T.);
#240=EDGE_CURVE('',#169,#177,#86,.T.);
#242=EDGE_CURVE('',#177,#185,#128,.T.);
#253=EDGE_CURVE('',#167,#175,#93,.T.);
#255=EDGE_CURVE('',#175,#177,#136,.T.);
#267=EDGE_CURVE('',#165,#173,#100,.T.);
#269=EDGE_CURVE('',#173,#175,#143,.T.);
#281=EDGE_CURVE('',#164,#172,#107,.T.);
#283=EDGE_CURVE('',#172,#173,#151,.T.);
#295=EDGE_CURVE('',#184,#172,#158,.T.);
#343=CIRCLE('',#342,1.E-3);
#358=CIRCLE('',#357,1.E-3);
#429=CIRCLE('',#428,1.E-3);
#444=CIRCLE('',#443,1.E-3);
#484=EDGE_CURVE('',#473,#474,#328,.T.);
#486=EDGE_CURVE('',#473,#457,#335,.T.);
#488=EDGE_CURVE('',#457,#458,#343,.T.);
#490=EDGE_CURVE('',#458,#460,#350,.T.);
#492=EDGE_CURVE('',#460,#462,#358,.T.);
#494=EDGE_CURVE('',#462,#474,#365,.T.);
#505=EDGE_CURVE('',#474,#478,#372,.T.);
#507=EDGE_CURVE('',#477,#478,#414,.T.);
#509=EDGE_CURVE('',#473,#477,#407,.T.);
#528=EDGE_CURVE('',#462,#470,#379,.T.);
#530=EDGE_CURVE('',#470,#478,#421,.T.);
#541=EDGE_CURVE('',#460,#468,#386,.T.);
#543=EDGE_CURVE('',#468,#470,#429,.T.);
#555=EDGE_CURVE('',#458,#466,#393,.T.);
#557=EDGE_CURVE('',#466,#468,#436,.T.);
#569=EDGE_CURVE('',#457,#465,#400,.T.);
#571=EDGE_CURVE('',#465,#466,#444,.T.);
#583=EDGE_CURVE('',#477,#465,#451,.T.);
#631=CIRCLE('',#630,1.E-3);
#646=CIRCLE('',#645,1.E-3);
#717=CIRCLE('',#716,1.E-3);
#732=CIRCLE('',#731,1.E-3);
#772=EDGE_CURVE('',#761,#762,#616,.T.);
#774=EDGE_CURVE('',#761,#745,#623,.T.);
#776=EDGE_CURVE('',#745,#746,#631,.T.);
#778=EDGE_CURVE('',#746,#748,#638,.T.);
#780=EDGE_CURVE('',#748,#750,#646,.T.);
#782=EDGE_CURVE('',#750,#762,#653,.T.);
#793=EDGE_CURVE('',#762,#766,#660,.T.);
#795=EDGE_CURVE('',#765,#766,#702,.T.);
#797=EDGE_CURVE('',#761,#765,#695,.T.);
#816=EDGE_CURVE('',#750,#758,#667,.T.);
#818=EDGE_CURVE('',#758,#766,#709,.T.);
#829=EDGE_CURVE('',#748,#756,#674,.T.);
#831=EDGE_CURVE('',#756,#758,#717,.T.);
#843=EDGE_CURVE('',#746,#754,#681,.T.);
#845=EDGE_CURVE('',#754,#756,#724,.T.);
#857=EDGE_CURVE('',#745,#753,#688,.T.);
#859=EDGE_CURVE('',#753,#754,#732,.T.);
#871=EDGE_CURVE('',#765,#753,#739,.T.);
#919=CIRCLE('',#918,1.E-3);
#934=CIRCLE('',#933,1.E-3);
#1005=CIRCLE('',#1004,1.E-3);
#1020=CIRCLE('',#1019,1.E-3);
#1060=EDGE_CURVE('',#1049,#1050,#904,.T.);
#1062=EDGE_CURVE('',#1049,#1033,#911,.T.);
#1064=EDGE_CURVE('',#1033,#1034,#919,.T.);
#1066=EDGE_CURVE('',#1034,#1036,#926,.T.);
#1068=EDGE_CURVE('',#1036,#1038,#934,.T.);
#1070=EDGE_CURVE('',#1038,#1050,#941,.T.);
#1081=EDGE_CURVE('',#1050,#1054,#948,.T.);
#1083=EDGE_CURVE('',#1053,#1054,#990,.T.);
#1085=EDGE_CURVE('',#1049,#1053,#983,.T.);
#1104=EDGE_CURVE('',#1038,#1046,#955,.T.);
#1106=EDGE_CURVE('',#1046,#1054,#997,.T.);
#1117=EDGE_CURVE('',#1036,#1044,#962,.T.);
#1119=EDGE_CURVE('',#1044,#1046,#1005,.T.);
#1131=EDGE_CURVE('',#1034,#1042,#969,.T.);
#1133=EDGE_CURVE('',#1042,#1044,#1012,.T.);
#1145=EDGE_CURVE('',#1033,#1041,#976,.T.);
#1147=EDGE_CURVE('',#1041,#1042,#1020,.T.);
#1159=EDGE_CURVE('',#1053,#1041,#1027,.T.);
#1207=CIRCLE('',#1206,1.E-3);
#1222=CIRCLE('',#1221,1.E-3);
#1293=CIRCLE('',#1292,1.E-3);
#1308=CIRCLE('',#1307,1.E-3);
#1348=EDGE_CURVE('',#1337,#1338,#1192,.T.);
#1350=EDGE_CURVE('',#1326,#1338,#1199,.T.);
#1352=EDGE_CURVE('',#1324,#1326,#1207,.T.);
#1354=EDGE_CURVE('',#1322,#1324,#1214,.T.);
#1356=EDGE_CURVE('',#1321,#1322,#1222,.T.);
#1358=EDGE_CURVE('',#1337,#1321,#1229,.T.);
#1369=EDGE_CURVE('',#1337,#1341,#1236,.T.);
#1371=EDGE_CURVE('',#1341,#1342,#1278,.T.);
#1373=EDGE_CURVE('',#1338,#1342,#1264,.T.);
#1392=EDGE_CURVE('',#1321,#1329,#1243,.T.);
#1394=EDGE_CURVE('',#1341,#1329,#1285,.T.);
#1405=EDGE_CURVE('',#1322,#1330,#1250,.T.);
#1407=EDGE_CURVE('',#1329,#1330,#1293,.T.);
#1419=EDGE_CURVE('',#1324,#1332,#1257,.T.);
#1421=EDGE_CURVE('',#1330,#1332,#1300,.T.);
#1433=EDGE_CURVE('',#1326,#1334,#1271,.T.);
#1435=EDGE_CURVE('',#1332,#1334,#1308,.T.);
#1447=EDGE_CURVE('',#1334,#1342,#1315,.T.);
#1495=CIRCLE('',#1494,1.E-3);
#1510=CIRCLE('',#1509,1.E-3);
#1581=CIRCLE('',#1580,1.E-3);
#1596=CIRCLE('',#1595,1.E-3);
#1636=EDGE_CURVE('',#1625,#1626,#1480,.T.);
#1638=EDGE_CURVE('',#1614,#1626,#1487,.T.);
#1640=EDGE_CURVE('',#1612,#1614,#1495,.T.);
#1642=EDGE_CURVE('',#1610,#1612,#1502,.T.);
#1644=EDGE_CURVE('',#1609,#1610,#1510,.T.);
#1646=EDGE_CURVE('',#1625,#1609,#1517,.T.);
#1657=EDGE_CURVE('',#1625,#1629,#1524,.T.);
#1659=EDGE_CURVE('',#1629,#1630,#1566,.T.);
#1661=EDGE_CURVE('',#1626,#1630,#1552,.T.);
#1680=EDGE_CURVE('',#1609,#1617,#1531,.T.);
#1682=EDGE_CURVE('',#1629,#1617,#1573,.T.);
#1693=EDGE_CURVE('',#1610,#1618,#1538,.T.);
#1695=EDGE_CURVE('',#1617,#1618,#1581,.T.);
#1707=EDGE_CURVE('',#1612,#1620,#1545,.T.);
#1709=EDGE_CURVE('',#1618,#1620,#1588,.T.);
#1721=EDGE_CURVE('',#1614,#1622,#1559,.T.);
#1723=EDGE_CURVE('',#1620,#1622,#1596,.T.);
#1735=EDGE_CURVE('',#1622,#1630,#1603,.T.);
#1783=CIRCLE('',#1782,1.E-3);
#1798=CIRCLE('',#1797,1.E-3);
#1869=CIRCLE('',#1868,1.E-3);
#1884=CIRCLE('',#1883,1.E-3);
#1924=EDGE_CURVE('',#1913,#1914,#1768,.T.);
#1926=EDGE_CURVE('',#1902,#1914,#1775,.T.);
#1928=EDGE_CURVE('',#1900,#1902,#1783,.T.);
#1930=EDGE_CURVE('',#1898,#1900,#1790,.T.);
#1932=EDGE_CURVE('',#1897,#1898,#1798,.T.);
#1934=EDGE_CURVE('',#1913,#1897,#1805,.T.);
#1945=EDGE_CURVE('',#1913,#1917,#1812,.T.);
#1947=EDGE_CURVE('',#1917,#1918,#1854,.T.);
#1949=EDGE_CURVE('',#1914,#1918,#1840,.T.);
#1968=EDGE_CURVE('',#1897,#1905,#1819,.T.);
#1970=EDGE_CURVE('',#1917,#1905,#1861,.T.);
#1981=EDGE_CURVE('',#1898,#1906,#1826,.T.);
#1983=EDGE_CURVE('',#1905,#1906,#1869,.T.);
#1995=EDGE_CURVE('',#1900,#1908,#1833,.T.);
#1997=EDGE_CURVE('',#1906,#1908,#1876,.T.);
#2009=EDGE_CURVE('',#1902,#1910,#1847,.T.);
#2011=EDGE_CURVE('',#1908,#1910,#1884,.T.);
#2023=EDGE_CURVE('',#1910,#1918,#1891,.T.);
#2071=CIRCLE('',#2070,1.E-3);
#2086=CIRCLE('',#2085,1.E-3);
#2157=CIRCLE('',#2156,1.E-3);
#2172=CIRCLE('',#2171,1.E-3);
#2212=EDGE_CURVE('',#2201,#2202,#2056,.T.);
#2214=EDGE_CURVE('',#2190,#2202,#2063,.T.);
#2216=EDGE_CURVE('',#2188,#2190,#2071,.T.);
#2218=EDGE_CURVE('',#2186,#2188,#2078,.T.);
#2220=EDGE_CURVE('',#2185,#2186,#2086,.T.);
#2222=EDGE_CURVE('',#2201,#2185,#2093,.T.);
#2233=EDGE_CURVE('',#2201,#2205,#2100,.T.);
#2235=EDGE_CURVE('',#2205,#2206,#2142,.T.);
#2237=EDGE_CURVE('',#2202,#2206,#2128,.T.);
#2256=EDGE_CURVE('',#2185,#2193,#2107,.T.);
#2258=EDGE_CURVE('',#2205,#2193,#2149,.T.);
#2269=EDGE_CURVE('',#2186,#2194,#2114,.T.);
#2271=EDGE_CURVE('',#2193,#2194,#2157,.T.);
#2283=EDGE_CURVE('',#2188,#2196,#2121,.T.);
#2285=EDGE_CURVE('',#2194,#2196,#2164,.T.);
#2297=EDGE_CURVE('',#2190,#2198,#2135,.T.);
#2299=EDGE_CURVE('',#2196,#2198,#2172,.T.);
#2311=EDGE_CURVE('',#2198,#2206,#2179,.T.);
#2471=EDGE_CURVE('',#2460,#2461,#2344,.T.);
#2473=EDGE_CURVE('',#2460,#2448,#2351,.T.);
#2475=EDGE_CURVE('',#2448,#2449,#2358,.T.);
#2477=EDGE_CURVE('',#2449,#2451,#2365,.T.);
#2479=EDGE_CURVE('',#2451,#2461,#2372,.T.);
#2490=EDGE_CURVE('',#2463,#2461,#2379,.T.);
#2492=EDGE_CURVE('',#2463,#2465,#2414,.T.);
#2494=EDGE_CURVE('',#2465,#2460,#2407,.T.);
#2506=EDGE_CURVE('',#2451,#2457,#2386,.T.);
#2508=EDGE_CURVE('',#2457,#2463,#2421,.T.);
#2519=EDGE_CURVE('',#2449,#2455,#2393,.T.);
#2521=EDGE_CURVE('',#2455,#2457,#2428,.T.);
#2533=EDGE_CURVE('',#2448,#2454,#2400,.T.);
#2535=EDGE_CURVE('',#2454,#2455,#2435,.T.);
#2547=EDGE_CURVE('',#2465,#2454,#2442,.T.);
#2681=EDGE_CURVE('',#2670,#2671,#2579,.T.);
#2683=EDGE_CURVE('',#2670,#2662,#2586,.T.);
#2685=EDGE_CURVE('',#2662,#2663,#2593,.T.);
#2687=EDGE_CURVE('',#2663,#2671,#2600,.T.);
#2698=EDGE_CURVE('',#2671,#2675,#2607,.T.);
#2700=EDGE_CURVE('',#2674,#2675,#2635,.T.);
#2702=EDGE_CURVE('',#2670,#2674,#2628,.T.);
#2721=EDGE_CURVE('',#2663,#2667,#2614,.T.);
#2723=EDGE_CURVE('',#2667,#2675,#2642,.T.);
#2734=EDGE_CURVE('',#2662,#2666,#2621,.T.);
#2736=EDGE_CURVE('',#2666,#2667,#2649,.T.);
#2748=EDGE_CURVE('',#2674,#2666,#2656,.T.);
#2881=EDGE_CURVE('',#2862,#2863,#2779,.T.);
#2883=EDGE_CURVE('',#2862,#2870,#2786,.T.);
#2885=EDGE_CURVE('',#2870,#2871,#2793,.T.);
#2887=EDGE_CURVE('',#2871,#2863,#2800,.T.);
#2898=EDGE_CURVE('',#2863,#2867,#2807,.T.);
#2900=EDGE_CURVE('',#2866,#2867,#2835,.T.);
#2902=EDGE_CURVE('',#2862,#2866,#2828,.T.);
#2921=EDGE_CURVE('',#2871,#2875,#2814,.T.);
#2923=EDGE_CURVE('',#2875,#2867,#2842,.T.);
#2934=EDGE_CURVE('',#2870,#2874,#2821,.T.);
#2936=EDGE_CURVE('',#2874,#2875,#2849,.T.);
#2948=EDGE_CURVE('',#2866,#2874,#2856,.T.);
#3081=EDGE_CURVE('',#3062,#3063,#2979,.T.);
#3083=EDGE_CURVE('',#3062,#3070,#2986,.T.);
#3085=EDGE_CURVE('',#3070,#3071,#2993,.T.);
#3087=EDGE_CURVE('',#3071,#3063,#3000,.T.);
#3098=EDGE_CURVE('',#3063,#3067,#3007,.T.);
#3100=EDGE_CURVE('',#3066,#3067,#3035,.T.);
#3102=EDGE_CURVE('',#3062,#3066,#3028,.T.);
#3121=EDGE_CURVE('',#3071,#3075,#3014,.T.);
#3123=EDGE_CURVE('',#3075,#3067,#3042,.T.);
#3134=EDGE_CURVE('',#3070,#3074,#3021,.T.);
#3136=EDGE_CURVE('',#3074,#3075,#3049,.T.);
#3148=EDGE_CURVE('',#3066,#3074,#3056,.T.);
#3281=EDGE_CURVE('',#3262,#3263,#3179,.T.);
#3283=EDGE_CURVE('',#3262,#3270,#3186,.T.);
#3285=EDGE_CURVE('',#3270,#3271,#3193,.T.);
#3287=EDGE_CURVE('',#3271,#3263,#3200,.T.);
#3298=EDGE_CURVE('',#3263,#3267,#3207,.T.);
#3300=EDGE_CURVE('',#3266,#3267,#3235,.T.);
#3302=EDGE_CURVE('',#3262,#3266,#3228,.T.);
#3321=EDGE_CURVE('',#3271,#3275,#3214,.T.);
#3323=EDGE_CURVE('',#3275,#3267,#3242,.T.);
#3334=EDGE_CURVE('',#3270,#3274,#3221,.T.);
#3336=EDGE_CURVE('',#3274,#3275,#3249,.T.);
#3348=EDGE_CURVE('',#3266,#3274,#3256,.T.);
#3375=(LENGTH_UNIT()NAMED_UNIT(*)SI_UNIT(.MILLI.,.METRE.));
#3377=(NAMED_UNIT(*)PLANE_ANGLE_UNIT()SI_UNIT($,.RADIAN.));
#3380=(NAMED_UNIT(*)SI_UNIT($,.STERADIAN.)SOLID_ANGLE_UNIT());
#3386=AXIS2_PLACEMENT_3D('',#3383,#3384,#3385);
#3387=ADVANCED_BREP_SHAPE_REPRESENTATION('',(#3386,#317,#605,#893,#1181,#1469,
#1757,#2045,#2333,#2568,#2768,#2968,#3168,#3368),#3382);
#3394=PRODUCT_DEFINITION('design','',#3393,#3390);
#3395=PRODUCT_DEFINITION_SHAPE('','SHAPE FOR FRAME.',#3394);
#3396=SHAPE_DEFINITION_REPRESENTATION(#3395,#3387);
#3397=SHAPE_DEFINITION_REPRESENTATION(#3398,#3399);
#3398=PRODUCT_DEFINITION_SHAPE('','SHAPE FOR DRJ0008A_ASM.',#6628);
#3399=SHAPE_REPRESENTATION('',(#3405,#6607,#6622),#6618);
#3400=NEXT_ASSEMBLY_USAGE_OCCURRENCE('4','Next assembly relationship','FRAME',
#6628,#3394,$);
#3401=PRODUCT_DEFINITION_SHAPE('Placement #4',
'Placement of FRAME with respect to DRJ0008A_ASM',#3400);
#3409=COLOUR_RGB('',1.E0,6.2E-1,5.2E-1);
#3436=CIRCLE('',#3435,1.E-3);
#3451=CIRCLE('',#3450,1.E-3);
#3480=CIRCLE('',#3479,1.E-3);
#3495=CIRCLE('',#3494,1.E-3);
#3524=CIRCLE('',#3523,1.E-3);
#3539=CIRCLE('',#3538,1.E-3);
#3582=CIRCLE('',#3581,1.E-3);
#3597=CIRCLE('',#3596,1.E-3);
#3626=CIRCLE('',#3625,1.E-3);
#3641=CIRCLE('',#3640,1.E-3);
#3670=CIRCLE('',#3669,1.E-3);
#3685=CIRCLE('',#3684,1.E-3);
#3714=CIRCLE('',#3713,1.E-3);
#3729=CIRCLE('',#3728,1.E-3);
#3772=CIRCLE('',#3771,1.E-3);
#3787=CIRCLE('',#3786,1.E-3);
#3956=CIRCLE('',#3955,1.E-3);
#3971=CIRCLE('',#3970,1.E-3);
#4147=CIRCLE('',#4146,1.E-3);
#4162=CIRCLE('',#4161,1.E-3);
#4240=CIRCLE('',#4239,1.E-3);
#4255=CIRCLE('',#4254,1.E-3);
#4305=CIRCLE('',#4304,1.E-3);
#4320=CIRCLE('',#4319,1.E-3);
#4370=CIRCLE('',#4369,1.E-3);
#4385=CIRCLE('',#4384,1.E-3);
#4750=CIRCLE('',#4749,1.E-3);
#4765=CIRCLE('',#4764,1.E-3);
#4815=CIRCLE('',#4814,1.E-3);
#4830=CIRCLE('',#4829,1.E-3);
#4880=CIRCLE('',#4879,1.E-3);
#4895=CIRCLE('',#4894,1.E-3);
#5273=EDGE_CURVE('',#5004,#5005,#3414,.T.);
#5275=EDGE_CURVE('',#5004,#5016,#3421,.T.);
#5277=EDGE_CURVE('',#5016,#5017,#3428,.T.);
#5279=EDGE_CURVE('',#5219,#5017,#3436,.T.);
#5281=EDGE_CURVE('',#5217,#5219,#3443,.T.);
#5283=EDGE_CURVE('',#5013,#5217,#3451,.T.);
#5285=EDGE_CURVE('',#5012,#5013,#3458,.T.);
#5287=EDGE_CURVE('',#5012,#5024,#3465,.T.);
#5289=EDGE_CURVE('',#5024,#5025,#3472,.T.);
#5291=EDGE_CURVE('',#5223,#5025,#3480,.T.);
#5293=EDGE_CURVE('',#5221,#5223,#3487,.T.);
#5295=EDGE_CURVE('',#5021,#5221,#3495,.T.);
#5297=EDGE_CURVE('',#5020,#5021,#3502,.T.);
#5299=EDGE_CURVE('',#5020,#5032,#3509,.T.);
#5301=EDGE_CURVE('',#5032,#5033,#3516,.T.);
#5303=EDGE_CURVE('',#5227,#5033,#3524,.T.);
#5305=EDGE_CURVE('',#5225,#5227,#3531,.T.);
#5307=EDGE_CURVE('',#5029,#5225,#3539,.T.);
#5309=EDGE_CURVE('',#5028,#5029,#3546,.T.);
#5311=EDGE_CURVE('',#5028,#4978,#3553,.T.);
#5313=EDGE_CURVE('',#4978,#4979,#3560,.T.);
#5315=EDGE_CURVE('',#4979,#5060,#3567,.T.);
#5317=EDGE_CURVE('',#5060,#5061,#3574,.T.);
#5319=EDGE_CURVE('',#5061,#5241,#3582,.T.);
#5321=EDGE_CURVE('',#5241,#5243,#3589,.T.);
#5323=EDGE_CURVE('',#5243,#5065,#3597,.T.);
#5325=EDGE_CURVE('',#5064,#5065,#3604,.T.);
#5327=EDGE_CURVE('',#5064,#5052,#3611,.T.);
#5329=EDGE_CURVE('',#5052,#5053,#3618,.T.);
#5331=EDGE_CURVE('',#5053,#5237,#3626,.T.);
#5333=EDGE_CURVE('',#5237,#5239,#3633,.T.);
#5335=EDGE_CURVE('',#5239,#5057,#3641,.T.);
#5337=EDGE_CURVE('',#5056,#5057,#3648,.T.);
#5339=EDGE_CURVE('',#5056,#5044,#3655,.T.);
#5341=EDGE_CURVE('',#5044,#5045,#3662,.T.);
#5343=EDGE_CURVE('',#5045,#5233,#3670,.T.);
#5345=EDGE_CURVE('',#5233,#5235,#3677,.T.);
#5347=EDGE_CURVE('',#5235,#5049,#3685,.T.);
#5349=EDGE_CURVE('',#5048,#5049,#3692,.T.);
#5351=EDGE_CURVE('',#5048,#5036,#3699,.T.);
#5353=EDGE_CURVE('',#5036,#5037,#3706,.T.);
#5355=EDGE_CURVE('',#5037,#5229,#3714,.T.);
#5357=EDGE_CURVE('',#5229,#5231,#3721,.T.);
#5359=EDGE_CURVE('',#5231,#5041,#3729,.T.);
#5361=EDGE_CURVE('',#5040,#5041,#3736,.T.);
#5363=EDGE_CURVE('',#5040,#4982,#3743,.T.);
#5365=EDGE_CURVE('',#4982,#4983,#3750,.T.);
#5367=EDGE_CURVE('',#4983,#5008,#3757,.T.);
#5369=EDGE_CURVE('',#5008,#5009,#3764,.T.);
#5371=EDGE_CURVE('',#5215,#5009,#3772,.T.);
#5373=EDGE_CURVE('',#5213,#5215,#3779,.T.);
#5375=EDGE_CURVE('',#5005,#5213,#3787,.T.);
#5379=EDGE_CURVE('',#5068,#5069,#3794,.T.);
#5381=EDGE_CURVE('',#5068,#5075,#3801,.T.);
#5383=EDGE_CURVE('',#5073,#5075,#3808,.T.);
#5385=EDGE_CURVE('',#5071,#5073,#3815,.T.);
#5387=EDGE_CURVE('',#5069,#5071,#3822,.T.);
#5398=EDGE_CURVE('',#5005,#5150,#3829,.T.);
#5400=EDGE_CURVE('',#5078,#5150,#3948,.T.);
#5402=EDGE_CURVE('',#5004,#5078,#3941,.T.);
#5413=EDGE_CURVE('',#5213,#5151,#3836,.T.);
#5415=EDGE_CURVE('',#5150,#5151,#3956,.T.);
#5427=EDGE_CURVE('',#5215,#5153,#3843,.T.);
#5429=EDGE_CURVE('',#5151,#5153,#3963,.T.);
#5441=EDGE_CURVE('',#5009,#5155,#3850,.T.);
#5443=EDGE_CURVE('',#5153,#5155,#3971,.T.);
#5455=EDGE_CURVE('',#5008,#5079,#3864,.T.);
#5457=EDGE_CURVE('',#5155,#5079,#3978,.T.);
#5468=EDGE_CURVE('',#5078,#5079,#3857,.T.);
#5472=EDGE_CURVE('',#4983,#4986,#3871,.T.);
#5474=EDGE_CURVE('',#4986,#4987,#4462,.T.);
#5476=EDGE_CURVE('',#4978,#4987,#4399,.T.);
#5479=EDGE_CURVE('',#5028,#5090,#3878,.T.);
#5481=EDGE_CURVE('',#5090,#5091,#3885,.T.);
#5483=EDGE_CURVE('',#5032,#5091,#3892,.T.);
#5486=EDGE_CURVE('',#5020,#5086,#3899,.T.);
#5488=EDGE_CURVE('',#5086,#5087,#3906,.T.);
#5490=EDGE_CURVE('',#5024,#5087,#3913,.T.);
#5493=EDGE_CURVE('',#5012,#5082,#3920,.T.);
#5495=EDGE_CURVE('',#5082,#5083,#3927,.T.);
#5497=EDGE_CURVE('',#5016,#5083,#3934,.T.);
#5524=EDGE_CURVE('',#4982,#4991,#3985,.T.);
#5526=EDGE_CURVE('',#4991,#4986,#4469,.T.);
#5531=EDGE_CURVE('',#5134,#5135,#3992,.T.);
#5533=EDGE_CURVE('',#5135,#5143,#3999,.T.);
#5535=EDGE_CURVE('',#5142,#5143,#4006,.T.);
#5537=EDGE_CURVE('',#5134,#5142,#4013,.T.);
#5541=EDGE_CURVE('',#5138,#5139,#4020,.T.);
#5543=EDGE_CURVE('',#5139,#5147,#4027,.T.);
#5545=EDGE_CURVE('',#5146,#5147,#4034,.T.);
#5547=EDGE_CURVE('',#5138,#5146,#4041,.T.);
#5557=EDGE_CURVE('',#5094,#5095,#4048,.T.);
#5559=EDGE_CURVE('',#5036,#5094,#4055,.T.);
#5562=EDGE_CURVE('',#5048,#5099,#4062,.T.);
#5564=EDGE_CURVE('',#5098,#5099,#4069,.T.);
#5566=EDGE_CURVE('',#5044,#5098,#4076,.T.);
#5569=EDGE_CURVE('',#5056,#5103,#4083,.T.);
#5571=EDGE_CURVE('',#5102,#5103,#4090,.T.);
#5573=EDGE_CURVE('',#5052,#5102,#4097,.T.);
#5576=EDGE_CURVE('',#5064,#5107,#4104,.T.);
#5578=EDGE_CURVE('',#5106,#5107,#4111,.T.);
#5580=EDGE_CURVE('',#5060,#5106,#4118,.T.);
#5583=EDGE_CURVE('',#4979,#4989,#4125,.T.);
#5585=EDGE_CURVE('',#4989,#4991,#4476,.T.);
#5589=EDGE_CURVE('',#5040,#5095,#4132,.T.);
#5600=EDGE_CURVE('',#5187,#5095,#4139,.T.);
#5602=EDGE_CURVE('',#5185,#5187,#4147,.T.);
#5604=EDGE_CURVE('',#5183,#5185,#4154,.T.);
#5606=EDGE_CURVE('',#5182,#5183,#4162,.T.);
#5608=EDGE_CURVE('',#5094,#5182,#4169,.T.);
#5619=EDGE_CURVE('',#5041,#5187,#4176,.T.);
#5632=EDGE_CURVE('',#5231,#5185,#4183,.T.);
#5645=EDGE_CURVE('',#5229,#5183,#4190,.T.);
#5658=EDGE_CURVE('',#5037,#5182,#4197,.T.);
#5683=EDGE_CURVE('',#5049,#5195,#4204,.T.);
#5685=EDGE_CURVE('',#5195,#5099,#4232,.T.);
#5697=EDGE_CURVE('',#5235,#5193,#4211,.T.);
#5699=EDGE_CURVE('',#5193,#5195,#4240,.T.);
#5711=EDGE_CURVE('',#5233,#5191,#4218,.T.);
#5713=EDGE_CURVE('',#5191,#5193,#4247,.T.);
#5725=EDGE_CURVE('',#5045,#5190,#4225,.T.);
#5727=EDGE_CURVE('',#5190,#5191,#4255,.T.);
#5740=EDGE_CURVE('',#5098,#5190,#4262,.T.);
#5766=EDGE_CURVE('',#5057,#5203,#4269,.T.);
#5768=EDGE_CURVE('',#5203,#5103,#4297,.T.);
#5780=EDGE_CURVE('',#5239,#5201,#4276,.T.);
#5782=EDGE_CURVE('',#5201,#5203,#4305,.T.);
#5794=EDGE_CURVE('',#5237,#5199,#4283,.T.);
#5796=EDGE_CURVE('',#5199,#5201,#4312,.T.);
#5808=EDGE_CURVE('',#5053,#5198,#4290,.T.);
#5810=EDGE_CURVE('',#5198,#5199,#4320,.T.);
#5823=EDGE_CURVE('',#5102,#5198,#4327,.T.);
#5849=EDGE_CURVE('',#5065,#5211,#4334,.T.);
#5851=EDGE_CURVE('',#5211,#5107,#4362,.T.);
#5863=EDGE_CURVE('',#5243,#5209,#4341,.T.);
#5865=EDGE_CURVE('',#5209,#5211,#4370,.T.);
#5877=EDGE_CURVE('',#5241,#5207,#4348,.T.);
#5879=EDGE_CURVE('',#5207,#5209,#4377,.T.);
#5891=EDGE_CURVE('',#5061,#5206,#4355,.T.);
#5893=EDGE_CURVE('',#5206,#5207,#4385,.T.);
#5906=EDGE_CURVE('',#5106,#5206,#4392,.T.);
#5933=EDGE_CURVE('',#4987,#4989,#4483,.T.);
#5938=EDGE_CURVE('',#5118,#5119,#4406,.T.);
#5940=EDGE_CURVE('',#5119,#5127,#4413,.T.);
#5942=EDGE_CURVE('',#5126,#5127,#4420,.T.);
#5944=EDGE_CURVE('',#5118,#5126,#4427,.T.);
#5948=EDGE_CURVE('',#5122,#5123,#4434,.T.);
#5950=EDGE_CURVE('',#5123,#5131,#4441,.T.);
#5952=EDGE_CURVE('',#5130,#5131,#4448,.T.);
#5954=EDGE_CURVE('',#5122,#5130,#4455,.T.);
#5977=EDGE_CURVE('',#5111,#5118,#4490,.T.);
#5979=EDGE_CURVE('',#5110,#5111,#4497,.T.);
#5981=EDGE_CURVE('',#5119,#5110,#4504,.T.);
#5992=EDGE_CURVE('',#5247,#5122,#4511,.T.);
#5994=EDGE_CURVE('',#5246,#5247,#4518,.T.);
#5996=EDGE_CURVE('',#5123,#5246,#4525,.T.);
#6007=EDGE_CURVE('',#5251,#5134,#4532,.T.);
#6009=EDGE_CURVE('',#5250,#5251,#4539,.T.);
#6011=EDGE_CURVE('',#5135,#5250,#4546,.T.);
#6022=EDGE_CURVE('',#5255,#5138,#4553,.T.);
#6024=EDGE_CURVE('',#5254,#5255,#4560,.T.);
#6026=EDGE_CURVE('',#5139,#5254,#4567,.T.);
#6037=EDGE_CURVE('',#5115,#5126,#4595,.T.);
#6039=EDGE_CURVE('',#5111,#5115,#4574,.T.);
#6051=EDGE_CURVE('',#5127,#5114,#4581,.T.);
#6053=EDGE_CURVE('',#5114,#5115,#4588,.T.);
#6065=EDGE_CURVE('',#5131,#5258,#4602,.T.);
#6067=EDGE_CURVE('',#5258,#5259,#4609,.T.);
#6069=EDGE_CURVE('',#5259,#5130,#4616,.T.);
#6080=EDGE_CURVE('',#5143,#5262,#4623,.T.);
#6082=EDGE_CURVE('',#5262,#5263,#4630,.T.);
#6084=EDGE_CURVE('',#5263,#5142,#4637,.T.);
#6095=EDGE_CURVE('',#5147,#5266,#4644,.T.);
#6097=EDGE_CURVE('',#5266,#5267,#4651,.T.);
#6099=EDGE_CURVE('',#5267,#5146,#4658,.T.);
#6111=EDGE_CURVE('',#5110,#5114,#4665,.T.);
#6136=EDGE_CURVE('',#5246,#5258,#4672,.T.);
#6148=EDGE_CURVE('',#5247,#5259,#4679,.T.);
#6174=EDGE_CURVE('',#5250,#5262,#4686,.T.);
#6186=EDGE_CURVE('',#5251,#5263,#4693,.T.);
#6212=EDGE_CURVE('',#5254,#5266,#4700,.T.);
#6224=EDGE_CURVE('',#5255,#5267,#4707,.T.);
#6249=EDGE_CURVE('',#5029,#5174,#4714,.T.);
#6251=EDGE_CURVE('',#5090,#5174,#4742,.T.);
#6263=EDGE_CURVE('',#5225,#5175,#4721,.T.);
#6265=EDGE_CURVE('',#5174,#5175,#4750,.T.);
#6277=EDGE_CURVE('',#5227,#5177,#4728,.T.);
#6279=EDGE_CURVE('',#5175,#5177,#4757,.T.);
#6291=EDGE_CURVE('',#5033,#5179,#4735,.T.);
#6293=EDGE_CURVE('',#5177,#5179,#4765,.T.);
#6306=EDGE_CURVE('',#5179,#5091,#4772,.T.);
#6332=EDGE_CURVE('',#5021,#5166,#4779,.T.);
#6334=EDGE_CURVE('',#5086,#5166,#4807,.T.);
#6346=EDGE_CURVE('',#5221,#5167,#4786,.T.);
#6348=EDGE_CURVE('',#5166,#5167,#4815,.T.);
#6360=EDGE_CURVE('',#5223,#5169,#4793,.T.);
#6362=EDGE_CURVE('',#5167,#5169,#4822,.T.);
#6374=EDGE_CURVE('',#5025,#5171,#4800,.T.);
#6376=EDGE_CURVE('',#5169,#5171,#4830,.T.);
#6389=EDGE_CURVE('',#5171,#5087,#4837,.T.);
#6415=EDGE_CURVE('',#5013,#5158,#4844,.T.);
#6417=EDGE_CURVE('',#5082,#5158,#4872,.T.);
#6429=EDGE_CURVE('',#5217,#5159,#4851,.T.);
#6431=EDGE_CURVE('',#5158,#5159,#4880,.T.);
#6443=EDGE_CURVE('',#5219,#5161,#4858,.T.);
#6445=EDGE_CURVE('',#5159,#5161,#4887,.T.);
#6457=EDGE_CURVE('',#5017,#5163,#4865,.T.);
#6459=EDGE_CURVE('',#5161,#5163,#4895,.T.);
#6472=EDGE_CURVE('',#5163,#5083,#4902,.T.);
#6498=EDGE_CURVE('',#5069,#4994,#4916,.T.);
#6500=EDGE_CURVE('',#5001,#4994,#4951,.T.);
#6502=EDGE_CURVE('',#5001,#5068,#4909,.T.);
#6513=EDGE_CURVE('',#5071,#4995,#4923,.T.);
#6515=EDGE_CURVE('',#4994,#4995,#4958,.T.);
#6527=EDGE_CURVE('',#5073,#4997,#4937,.T.);
#6529=EDGE_CURVE('',#4995,#4997,#4965,.T.);
#6541=EDGE_CURVE('',#5000,#5075,#4930,.T.);
#6543=EDGE_CURVE('',#4997,#5000,#4972,.T.);
#6556=EDGE_CURVE('',#5000,#5001,#4944,.T.);
#6583=(LENGTH_UNIT()NAMED_UNIT(*)SI_UNIT(.MILLI.,.METRE.));
#6585=(NAMED_UNIT(*)PLANE_ANGLE_UNIT()SI_UNIT($,.RADIAN.));
#6588=(NAMED_UNIT(*)SI_UNIT($,.STERADIAN.)SOLID_ANGLE_UNIT());
#6594=AXIS2_PLACEMENT_3D('',#6591,#6592,#6593);
#6595=ADVANCED_BREP_SHAPE_REPRESENTATION('',(#6594,#6576),#6590);
#6599=PRODUCT_DEFINITION('design','',#6598,#3390);
#6600=PRODUCT_DEFINITION_SHAPE('','SHAPE FOR BODY.',#6599);
#6601=SHAPE_DEFINITION_REPRESENTATION(#6600,#6595);
#6602=NEXT_ASSEMBLY_USAGE_OCCURRENCE('5','Next assembly relationship','BODY',
#6628,#6599,$);
#6603=PRODUCT_DEFINITION_SHAPE('Placement #5',
'Placement of BODY with respect to DRJ0008A_ASM',#6602);
#6611=(LENGTH_UNIT()NAMED_UNIT(*)SI_UNIT(.MILLI.,.METRE.));
#6613=(NAMED_UNIT(*)PLANE_ANGLE_UNIT()SI_UNIT($,.RADIAN.));
#6616=(NAMED_UNIT(*)SI_UNIT($,.STERADIAN.)SOLID_ANGLE_UNIT());
#6622=AXIS2_PLACEMENT_3D('',#6619,#6620,#6621);
#6628=PRODUCT_DEFINITION('design','',#6627,#6624);
ENDSEC;
END-ISO-10303-21;
